Datetime,Open,High,Low,Close,Volume,Dividends,Stock Splits
2023-03-06 13:30:00-05:00,0.8798999786376953,0.8798999786376953,0.8798999786376953,0.8798999786376953,0,0.0,0.0
2023-03-06 14:30:00-05:00,0.8500000238418579,0.8798999786376953,0.8500000238418579,0.8798999786376953,620,0.0,0.0
2023-03-06 15:30:00-05:00,0.8794000148773193,0.8794000148773193,0.8794000148773193,0.8794000148773193,0,0.0,0.0
2023-03-07 09:30:00-05:00,0.8702009916305542,0.8794000148773193,0.8600000143051147,0.870199978351593,19842,0.0,0.0
2023-03-07 10:30:00-05:00,0.8704000115394592,0.8704000115394592,0.8704000115394592,0.8704000115394592,204,0.0,0.0
2023-03-07 11:30:00-05:00,0.8704000115394592,0.8709999918937683,0.8500000238418579,0.8503000140190125,19630,0.0,0.0
2023-03-07 13:30:00-05:00,0.8501999974250793,0.8501999974250793,0.8500000238418579,0.8500000238418579,6370,0.0,0.0
2023-03-07 14:30:00-05:00,0.8499000072479248,0.8500999808311462,0.8400999903678894,0.8400999903678894,4389,0.0,0.0
2023-03-07 15:30:00-05:00,0.8400999903678894,0.8899999856948853,0.8400999903678894,0.8851000070571899,5019,0.0,0.0
2023-03-08 09:30:00-05:00,0.8400999903678894,0.8999990224838257,0.8400999903678894,0.8705009818077087,0,0.0,0.0
2023-03-08 10:30:00-05:00,0.8999999761581421,0.8999999761581421,0.8949999809265137,0.8949999809265137,415,0.0,0.0
2023-03-08 11:30:00-05:00,0.8999999761581421,0.8999999761581421,0.8999999761581421,0.8999999761581421,436,0.0,0.0
2023-03-08 14:30:00-05:00,0.8999999761581421,0.8999999761581421,0.8999999761581421,0.8999999761581421,723,0.0,0.0
2023-03-08 15:30:00-05:00,0.9175509810447693,0.9175999760627747,0.9175509810447693,0.9175999760627747,0,0.0,0.0
2023-03-09 09:30:00-05:00,0.8719000220298767,0.9100000262260437,0.8719000220298767,0.8722000122070312,3693,0.0,0.0
2023-03-09 10:30:00-05:00,0.8899999856948853,0.8899999856948853,0.8899999856948853,0.8899999856948853,308,0.0,0.0
2023-03-09 11:30:00-05:00,0.8799999952316284,0.8799999952316284,0.8799999952316284,0.8799999952316284,1319,0.0,0.0
2023-03-09 12:30:00-05:00,0.8720999956130981,0.8720999956130981,0.8702999949455261,0.8702999949455261,13567,0.0,0.0
2023-03-09 13:30:00-05:00,0.8702999949455261,0.8704000115394592,0.8702999949455261,0.8702999949455261,626,0.0,0.0
2023-03-09 14:30:00-05:00,0.8702999949455261,0.8702999949455261,0.870199978351593,0.870199978351593,2559,0.0,0.0
2023-03-09 15:30:00-05:00,0.8702999949455261,0.8799999952316284,0.8702999949455261,0.8751009702682495,0,0.0,0.0
2023-03-10 09:30:00-05:00,0.8705000281333923,0.8799999952316284,0.8600000143051147,0.8600000143051147,8001,0.0,0.0
2023-03-10 10:30:00-05:00,0.8500000238418579,0.8999999761581421,0.8360999822616577,0.8951500058174133,4808,0.0,0.0
2023-03-10 12:30:00-05:00,0.8705000281333923,0.9100000262260437,0.8705000281333923,0.9100000262260437,17394,0.0,0.0
2023-03-10 13:30:00-05:00,0.8705000281333923,0.9026169776916504,0.8705000281333923,0.8705999851226807,1378,0.0,0.0
2023-03-10 15:30:00-05:00,0.8705000281333923,0.8719760179519653,0.8705000281333923,0.8705000281333923,11230,0.0,0.0
2023-03-13 09:30:00-04:00,0.8500000238418579,0.8500000238418579,0.8500000238418579,0.8500000238418579,954,0.0,0.0
2023-03-13 10:30:00-04:00,0.8705000281333923,0.8705000281333923,0.8705000281333923,0.8705000281333923,174,0.0,0.0
2023-03-13 11:30:00-04:00,0.8604009747505188,0.8604009747505188,0.8604009747505188,0.8604009747505188,514,0.0,0.0
2023-03-13 12:30:00-04:00,0.9050999879837036,0.9050999879837036,0.9050999879837036,0.9050999879837036,247,0.0,0.0
2023-03-13 13:30:00-04:00,0.8603000044822693,0.8603000044822693,0.8603000044822693,0.8603000044822693,654,0.0,0.0
2023-03-13 15:30:00-04:00,0.8999000191688538,0.8999000191688538,0.8808000087738037,0.8858000040054321,0,0.0,0.0
2023-03-14 09:30:00-04:00,0.8365300297737122,0.8700000047683716,0.8365300297737122,0.8700000047683716,4505,0.0,0.0
2023-03-14 10:30:00-04:00,0.8899999856948853,0.8899999856948853,0.860601007938385,0.8607000112533569,5351,0.0,0.0
2023-03-14 11:30:00-04:00,0.8799999952316284,0.8799999952316284,0.8608999848365784,0.870199978351593,2305,0.0,0.0
2023-03-14 12:30:00-04:00,0.8701000213623047,0.8701000213623047,0.8698999881744385,0.8698999881744385,402,0.0,0.0
2023-03-14 13:30:00-04:00,0.869700014591217,0.869700014591217,0.8608999848365784,0.8608999848365784,660,0.0,0.0
2023-03-14 14:30:00-04:00,0.8651000261306763,0.8651000261306763,0.8500000238418579,0.8500000238418579,9350,0.0,0.0
2023-03-14 15:30:00-04:00,0.8503999710083008,0.8503999710083008,0.8009999990463257,0.8009999990463257,0,0.0,0.0
2023-03-15 09:30:00-04:00,0.8108000159263611,0.8108000159263611,0.8108000159263611,0.8108000159263611,380,0.0,0.0
2023-03-15 10:30:00-04:00,0.8399999737739563,0.8399999737739563,0.8399999737739563,0.8399999737739563,7868,0.0,0.0
2023-03-15 11:30:00-04:00,0.8630049824714661,0.8630049824714661,0.8550000190734863,0.8550490140914917,3406,0.0,0.0
2023-03-15 12:30:00-04:00,0.8553000092506409,0.8553000092506409,0.8553000092506409,0.8553000092506409,111,0.0,0.0
2023-03-15 13:30:00-04:00,0.855400025844574,0.855400025844574,0.855301022529602,0.855301022529602,1583,0.0,0.0
2023-03-15 14:30:00-04:00,0.8553000092506409,0.8575360178947449,0.8550999760627747,0.8550999760627747,6300,0.0,0.0
2023-03-15 15:30:00-04:00,0.8858000040054321,0.8858000040054321,0.8858000040054321,0.8858000040054321,0,0.0,0.0
2023-03-16 10:30:00-04:00,0.8733410239219666,0.8952000141143799,0.8733410239219666,0.8952000141143799,624,0.0,0.0
2023-03-16 11:30:00-04:00,0.8952000141143799,0.8952000141143799,0.8952000141143799,0.8952000141143799,556,0.0,0.0
2023-03-16 12:30:00-04:00,0.8694999814033508,0.8694999814033508,0.8694999814033508,0.8694999814033508,421,0.0,0.0
2023-03-16 13:30:00-04:00,0.8604999780654907,0.8799999952316284,0.8600999712944031,0.864799976348877,15785,0.0,0.0
2023-03-16 14:30:00-04:00,0.8650000095367432,0.8698999881744385,0.8648999929428101,0.869700014591217,891,0.0,0.0
2023-03-16 15:30:00-04:00,0.8695999979972839,0.8695999979972839,0.8648499846458435,0.8694000244140625,650,0.0,0.0
2023-03-17 09:30:00-04:00,0.8500009775161743,0.8501009941101074,0.8500009775161743,0.8501009941101074,2532,0.0,0.0
2023-03-17 10:30:00-04:00,0.8604999780654907,0.8604999780654907,0.8604999780654907,0.8604999780654907,580,0.0,0.0
2023-03-17 11:30:00-04:00,0.8849999904632568,0.8849999904632568,0.8849999904632568,0.8849999904632568,146,0.0,0.0
2023-03-17 12:30:00-04:00,0.8604999780654907,0.8604999780654907,0.8604999780654907,0.8604999780654907,4363,0.0,0.0
2023-03-17 14:30:00-04:00,0.8801490068435669,0.8801490068435669,0.8600000143051147,0.8600000143051147,5966,0.0,0.0
2023-03-17 15:30:00-04:00,0.8600000143051147,0.8801000118255615,0.850600004196167,0.8600000143051147,11574,0.0,0.0
2023-03-20 09:30:00-04:00,0.8600000143051147,0.8600000143051147,0.8300999999046326,0.8300999999046326,2362,0.0,0.0
2023-03-20 10:30:00-04:00,0.8300999999046326,0.8338000178337097,0.8299000263214111,0.8299000263214111,1415,0.0,0.0
2023-03-20 11:30:00-04:00,0.8299000263214111,0.8299000263214111,0.8249499797821045,0.8249499797821045,3912,0.0,0.0
2023-03-20 12:30:00-04:00,0.8292999863624573,0.8399999737739563,0.8292999863624573,0.8399999737739563,11505,0.0,0.0
2023-03-20 14:30:00-04:00,0.839900016784668,0.8399999737739563,0.839900016784668,0.8399999737739563,0,0.0,0.0
2023-03-21 09:30:00-04:00,0.8399999737739563,0.8399999737739563,0.8399999737739563,0.8399999737739563,337,0.0,0.0
2023-03-21 10:30:00-04:00,0.8399990200996399,0.8399990200996399,0.8108999729156494,0.8108999729156494,532,0.0,0.0
2023-03-21 11:30:00-04:00,0.8300999999046326,0.8399999737739563,0.8125,0.8125,7112,0.0,0.0
2023-03-21 12:30:00-04:00,0.8125,0.8399999737739563,0.8125,0.8399999737739563,5125,0.0,0.0
2023-03-21 13:30:00-04:00,0.8125,0.8125,0.8125,0.8125,131,0.0,0.0
2023-03-21 15:30:00-04:00,0.8264999985694885,0.8264999985694885,0.8100000023841858,0.8253999948501587,14098,0.0,0.0
2023-03-22 09:30:00-04:00,0.8050000071525574,0.835099995136261,0.8050000071525574,0.835099995136261,2440,0.0,0.0
2023-03-22 10:30:00-04:00,0.8349999785423279,0.835099995136261,0.8349999785423279,0.8349999785423279,7103,0.0,0.0
2023-03-22 11:30:00-04:00,0.8349999785423279,0.8349999785423279,0.8349999785423279,0.8349999785423279,0,0.0,0.0
2023-03-22 12:30:00-04:00,0.805400013923645,0.8101000189781189,0.805400013923645,0.8101000189781189,18402,0.0,0.0
2023-03-22 13:30:00-04:00,0.8100000023841858,0.8101999759674072,0.8054999709129333,0.8054999709129333,1837,0.0,0.0
2023-03-22 14:30:00-04:00,0.8100000023841858,0.8100000023841858,0.8100000023841858,0.8100000023841858,322,0.0,0.0
2023-03-22 15:30:00-04:00,0.8100000023841858,0.8100000023841858,0.7200000286102295,0.8098999857902527,20613,0.0,0.0
2023-03-23 09:30:00-04:00,0.7584999799728394,0.7699999809265137,0.7584999799728394,0.7699999809265137,13477,0.0,0.0
2023-03-23 10:30:00-04:00,0.7799999713897705,0.7799999713897705,0.7702000141143799,0.7799999713897705,2603,0.0,0.0
2023-03-23 12:30:00-04:00,0.7841399908065796,0.7841399908065796,0.7841399908065796,0.7841399908065796,5070,0.0,0.0
2023-03-23 13:30:00-04:00,0.7800999879837036,0.819100022315979,0.7800999879837036,0.819100022315979,751,0.0,0.0
2023-03-23 14:30:00-04:00,0.8098999857902527,0.8100000023841858,0.8098999857902527,0.8100000023841858,1032,0.0,0.0
2023-03-23 15:30:00-04:00,0.8001000285148621,0.8001000285148621,0.800000011920929,0.800000011920929,0,0.0,0.0
2023-03-24 11:30:00-04:00,0.7995989918708801,0.7995989918708801,0.7995989918708801,0.7995989918708801,0,0.0,0.0
2023-03-24 15:30:00-04:00,0.7994999885559082,0.7994999885559082,0.7994999885559082,0.7994999885559082,634,0.0,0.0
2023-03-27 09:30:00-04:00,0.75,0.8098999857902527,0.75,0.7868989706039429,3687,0.0,0.0
2023-03-27 10:30:00-04:00,0.7501999735832214,0.7501999735832214,0.7501999735832214,0.7501999735832214,200,0.0,0.0
2023-03-27 11:30:00-04:00,0.786899983882904,0.7870000004768372,0.7684999704360962,0.7870000004768372,1528,0.0,0.0
2023-03-27 12:30:00-04:00,0.7504010200500488,0.7651489973068237,0.7504010200500488,0.7651489973068237,1384,0.0,0.0
2023-03-27 13:30:00-04:00,0.7797999978065491,0.7797999978065491,0.7724999785423279,0.7724999785423279,3864,0.0,0.0
2023-03-27 14:30:00-04:00,0.7700499892234802,0.7700499892234802,0.7552000284194946,0.7552000284194946,9362,0.0,0.0
2023-03-27 15:30:00-04:00,0.7530999779701233,0.7699000239372253,0.7530999779701233,0.7699000239372253,714,0.0,0.0
2023-03-28 09:30:00-04:00,0.7583609819412231,0.7583609819412231,0.75,0.75,774,0.0,0.0
2023-03-28 10:30:00-04:00,0.75,0.75,0.75,0.75,251,0.0,0.0
2023-03-28 11:30:00-04:00,0.7680000066757202,0.7900000214576721,0.7680000066757202,0.7749990224838257,17906,0.0,0.0
2023-03-28 13:30:00-04:00,0.7749999761581421,0.7749999761581421,0.7603999972343445,0.7603999972343445,3776,0.0,0.0
2023-03-28 14:30:00-04:00,0.7501999735832214,0.7501999735832214,0.7501999735832214,0.7501999735832214,107,0.0,0.0
2023-03-28 15:30:00-04:00,0.7650989890098572,0.7650989890098572,0.7650989890098572,0.7650989890098572,880,0.0,0.0
2023-03-29 10:30:00-04:00,0.800000011920929,0.800000011920929,0.800000011920929,0.800000011920929,0,0.0,0.0
2023-03-29 11:30:00-04:00,0.800000011920929,0.800000011920929,0.7900000214576721,0.7900999784469604,3945,0.0,0.0
2023-03-29 15:30:00-04:00,0.7900000214576721,0.800000011920929,0.7900000214576721,0.7950000166893005,0,0.0,0.0
2023-03-30 11:30:00-04:00,0.7501000165939331,0.7501000165939331,0.7501000165939331,0.7501000165939331,1214,0.0,0.0
2023-03-30 12:30:00-04:00,0.7501999735832214,0.7800999879837036,0.7501999735832214,0.7800999879837036,490,0.0,0.0
2023-03-30 13:30:00-04:00,0.7800999879837036,0.7800999879837036,0.7800999879837036,0.7800999879837036,1252,0.0,0.0
2023-03-30 15:30:00-04:00,0.7950000166893005,0.8100000023841858,0.7950000166893005,0.800000011920929,1271,0.0,0.0
2023-03-31 09:30:00-04:00,0.7699999809265137,0.7900000214576721,0.7598999738693237,0.7900000214576721,9740,0.0,0.0
2023-03-31 10:30:00-04:00,0.7749999761581421,0.7900000214576721,0.7749999761581421,0.7900000214576721,3797,0.0,0.0
2023-03-31 11:30:00-04:00,0.7900000214576721,0.800000011920929,0.7720000147819519,0.7850009799003601,910,0.0,0.0
2023-03-31 12:30:00-04:00,0.7699999809265137,0.7699999809265137,0.7699999809265137,0.7699999809265137,1498,0.0,0.0
2023-03-31 13:30:00-04:00,0.7850000262260437,0.800000011920929,0.7850000262260437,0.800000011920929,1425,0.0,0.0
2023-03-31 15:30:00-04:00,0.800000011920929,0.800000011920929,0.7900000214576721,0.7900000214576721,270,0.0,0.0
2023-04-03 09:30:00-04:00,0.7699999809265137,0.8299999833106995,0.7699999809265137,0.7900009751319885,2132,0.0,0.0
2023-04-03 11:30:00-04:00,0.7900999784469604,0.8100000023841858,0.7900999784469604,0.8100000023841858,743,0.0,0.0
2023-04-03 12:30:00-04:00,0.8299990296363831,0.8299990296363831,0.8299990296363831,0.8299990296363831,174,0.0,0.0
2023-04-03 13:30:00-04:00,0.8100000023841858,0.8100000023841858,0.7900009751319885,0.800000011920929,1986,0.0,0.0
2023-04-03 14:30:00-04:00,0.7900000214576721,0.7900000214576721,0.7900000214576721,0.7900000214576721,2695,0.0,0.0
2023-04-03 15:30:00-04:00,0.7900000214576721,0.8099989891052246,0.7900000214576721,0.8099989891052246,0,0.0,0.0
2023-04-04 09:30:00-04:00,0.8101999759674072,0.8101999759674072,0.8101999759674072,0.8101999759674072,262,0.0,0.0
2023-04-04 10:30:00-04:00,0.8101000189781189,0.8199999928474426,0.8101000189781189,0.8199999928474426,1123,0.0,0.0
2023-04-04 11:30:00-04:00,0.8199999928474426,0.8199999928474426,0.8199999928474426,0.8199999928474426,105,0.0,0.0
2023-04-04 14:30:00-04:00,0.8101999759674072,0.8101999759674072,0.8101999759674072,0.8101999759674072,182,0.0,0.0
2023-04-04 15:30:00-04:00,0.8199989795684814,0.8199989795684814,0.8199989795684814,0.8199989795684814,0,0.0,0.0
2023-04-05 09:30:00-04:00,0.8302000164985657,0.8302000164985657,0.8001000285148621,0.8001000285148621,2559,0.0,0.0
2023-04-05 10:30:00-04:00,0.7662019729614258,0.8299999833106995,0.7599999904632568,0.7599999904632568,842,0.0,0.0
2023-04-05 11:30:00-04:00,0.8399999737739563,0.8399999737739563,0.8349999785423279,0.8349999785423279,1412,0.0,0.0
2023-04-05 12:30:00-04:00,0.7975000143051147,0.7975000143051147,0.7975000143051147,0.7975000143051147,1252,0.0,0.0
2023-04-05 13:30:00-04:00,0.8100000023841858,0.8100000023841858,0.8100000023841858,0.8100000023841858,120,0.0,0.0
2023-04-05 14:30:00-04:00,0.8199999928474426,0.8199999928474426,0.8100000023841858,0.8100000023841858,300,0.0,0.0
2023-04-05 15:30:00-04:00,0.8198000192642212,0.8198000192642212,0.7950000166893005,0.7950000166893005,551,0.0,0.0
2023-04-06 09:30:00-04:00,0.75,0.8299999833106995,0.75,0.7686280012130737,3715,0.0,0.0
2023-04-06 10:30:00-04:00,0.8069999814033508,0.8069999814033508,0.8069999814033508,0.8069999814033508,836,0.0,0.0
2023-04-06 11:30:00-04:00,0.8069999814033508,0.8086509704589844,0.8069999814033508,0.8086509704589844,4457,0.0,0.0
2023-04-06 12:30:00-04:00,0.7998999953269958,0.7998999953269958,0.7998999953269958,0.7998999953269958,819,0.0,0.0
2023-04-06 15:30:00-04:00,0.7652999758720398,0.800000011920929,0.7519000172615051,0.800000011920929,6206,0.0,0.0
2023-04-10 09:30:00-04:00,0.7500010132789612,0.7500010132789612,0.75,0.75,0,0.0,0.0
2023-04-10 10:30:00-04:00,0.800000011920929,0.800000011920929,0.800000011920929,0.800000011920929,105,0.0,0.0
2023-04-10 13:30:00-04:00,0.7999989986419678,0.7999989986419678,0.7999989986419678,0.7999989986419678,100,0.0,0.0
2023-04-10 14:30:00-04:00,0.7775009870529175,0.7775009870529175,0.7616000175476074,0.7616000175476074,2473,0.0,0.0
2023-04-10 15:30:00-04:00,0.7599999904632568,0.7752500176429749,0.7599999904632568,0.7752500176429749,0,0.0,0.0
2023-04-11 09:30:00-04:00,0.7699999809265137,0.7767000198364258,0.7699999809265137,0.7767000198364258,1213,0.0,0.0
2023-04-11 10:30:00-04:00,0.7860000133514404,0.7860000133514404,0.770101010799408,0.7860000133514404,1798,0.0,0.0
2023-04-11 11:30:00-04:00,0.7731999754905701,0.7860000133514404,0.7700999975204468,0.7860000133514404,1714,0.0,0.0
2023-04-11 12:30:00-04:00,0.7850000262260437,0.7998999953269958,0.7850000262260437,0.7998999953269958,261,0.0,0.0
2023-04-11 14:30:00-04:00,0.7699999809265137,0.7699999809265137,0.699999988079071,0.7249000072479248,37769,0.0,0.0
2023-04-11 15:30:00-04:00,0.7297999858856201,0.7466999888420105,0.7272999882698059,0.745398998260498,0,0.0,0.0
2023-04-12 09:30:00-04:00,0.7300000190734863,0.7804999947547913,0.7300000190734863,0.7804999947547913,5913,0.0,0.0
2023-04-12 10:30:00-04:00,0.800000011920929,0.800000011920929,0.800000011920929,0.800000011920929,571,0.0,0.0
2023-04-12 11:30:00-04:00,0.782899022102356,0.782899022102356,0.7501000165939331,0.7501000165939331,542,0.0,0.0
2023-04-12 12:30:00-04:00,0.75,0.7799999713897705,0.7070000171661377,0.7799999713897705,4295,0.0,0.0
2023-04-12 14:30:00-04:00,0.753600001335144,0.753600001335144,0.753600001335144,0.753600001335144,386,0.0,0.0
2023-04-12 15:30:00-04:00,0.7662490010261536,0.7662490010261536,0.7662490010261536,0.7662490010261536,439,0.0,0.0
2023-04-13 10:30:00-04:00,0.7307999730110168,0.789900004863739,0.7307999730110168,0.789900004863739,2745,0.0,0.0
2023-04-13 11:30:00-04:00,0.789900004863739,0.789900004863739,0.789900004863739,0.789900004863739,1345,0.0,0.0
2023-04-13 12:30:00-04:00,0.730800986289978,0.7879999876022339,0.730800986289978,0.767300009727478,2518,0.0,0.0
2023-04-13 14:30:00-04:00,0.7454000115394592,0.7598999738693237,0.7434329986572266,0.7434329986572266,1645,0.0,0.0
2023-04-13 15:30:00-04:00,0.7448999881744385,0.7450000047683716,0.7307999730110168,0.7368360161781311,3932,0.0,0.0
2023-04-14 09:30:00-04:00,0.7599999904632568,0.7599999904632568,0.7599999904632568,0.7599999904632568,1270,0.0,0.0
2023-04-14 11:30:00-04:00,0.7599999904632568,0.7688000202178955,0.7599999904632568,0.760200023651123,3241,0.0,0.0
2023-04-14 12:30:00-04:00,0.760699987411499,0.798799991607666,0.7599999904632568,0.7599999904632568,1921,0.0,0.0
2023-04-14 13:30:00-04:00,0.7997999787330627,0.800000011920929,0.7997999787330627,0.800000011920929,200,0.0,0.0
2023-04-14 14:30:00-04:00,0.7878999710083008,0.7878999710083008,0.7878999710083008,0.7878999710083008,215,0.0,0.0
2023-04-17 09:30:00-04:00,0.7512999773025513,0.7998999953269958,0.75,0.7749990224838257,1478,0.0,0.0
2023-04-17 11:30:00-04:00,0.7998989820480347,0.7998989820480347,0.7918729782104492,0.7918729782104492,1211,0.0,0.0
2023-04-17 12:30:00-04:00,0.7534999847412109,0.800000011920929,0.7534999847412109,0.800000011920929,413,0.0,0.0
2023-04-17 14:30:00-04:00,0.7717189788818359,0.7717189788818359,0.7459989786148071,0.7459989786148071,2505,0.0,0.0
2023-04-17 15:30:00-04:00,0.7850000262260437,0.7850000262260437,0.7459999918937683,0.7850000262260437,0,0.0,0.0
2023-04-18 10:30:00-04:00,0.7702999711036682,0.7849000096321106,0.7702999711036682,0.7849000096321106,498,0.0,0.0
2023-04-18 11:30:00-04:00,0.7775009870529175,0.7775009870529175,0.7775009870529175,0.7775009870529175,449,0.0,0.0
2023-04-18 14:30:00-04:00,0.7850000262260437,0.7850000262260437,0.7850000262260437,0.7850000262260437,100,0.0,0.0
2023-04-18 15:30:00-04:00,0.7204999923706055,0.7850000262260437,0.7204999923706055,0.7850000262260437,0,0.0,0.0
2023-04-19 09:30:00-04:00,0.7699999809265137,0.7699999809265137,0.7699999809265137,0.7699999809265137,335,0.0,0.0
2023-04-19 10:30:00-04:00,0.7300000190734863,0.7799999713897705,0.7300000190734863,0.7799999713897705,310,0.0,0.0
2023-04-19 11:30:00-04:00,0.7699999809265137,0.7699999809265137,0.7699999809265137,0.7699999809265137,100,0.0,0.0
2023-04-19 12:30:00-04:00,0.7797999978065491,0.7797999978065491,0.7549989819526672,0.7549989819526672,401,0.0,0.0
2023-04-19 14:30:00-04:00,0.7300000190734863,0.7300000190734863,0.7300000190734863,0.7300000190734863,237,0.0,0.0
2023-04-19 15:30:00-04:00,0.7799000144004822,0.7799999713897705,0.7375010251998901,0.7784000039100647,0,0.0,0.0
2023-04-20 09:30:00-04:00,0.7401000261306763,0.7849000096321106,0.7401000261306763,0.7599999904632568,3963,0.0,0.0
2023-04-20 10:30:00-04:00,0.7799999713897705,0.7799999713897705,0.7799999713897705,0.7799999713897705,204,0.0,0.0
2023-04-20 14:30:00-04:00,0.7599999904632568,0.7757999897003174,0.7599999904632568,0.7757999897003174,1114,0.0,0.0
2023-04-21 09:30:00-04:00,0.7300000190734863,0.7799000144004822,0.7300000190734863,0.7501009702682495,8109,0.0,0.0
2023-04-21 10:30:00-04:00,0.7599999904632568,0.7599999904632568,0.7549999952316284,0.7549999952316284,300,0.0,0.0
2023-04-21 11:30:00-04:00,0.7598990201950073,0.7598990201950073,0.75,0.7505999803543091,1560,0.0,0.0
2023-04-21 13:30:00-04:00,0.7501009702682495,0.7599999904632568,0.7501009702682495,0.7599999904632568,217,0.0,0.0
2023-04-21 15:30:00-04:00,0.7549999952316284,0.7599989771842957,0.7549999952316284,0.7599989771842957,346,0.0,0.0
2023-04-24 09:30:00-04:00,0.7599999904632568,0.7799999713897705,0.7450000047683716,0.7549999952316284,0,0.0,0.0
2023-04-24 10:30:00-04:00,0.7797999978065491,0.7797999978065491,0.7797999978065491,0.7797999978065491,101,0.0,0.0
2023-04-24 11:30:00-04:00,0.7551000118255615,0.8001000285148621,0.7551000118255615,0.8001000285148621,13435,0.0,0.0
2023-04-24 12:30:00-04:00,0.8001999855041504,0.8001999855041504,0.8001999855041504,0.8001999855041504,297,0.0,0.0
2023-04-24 14:30:00-04:00,0.8003000020980835,0.8199999928474426,0.8003000020980835,0.8199999928474426,2124,0.0,0.0
2023-04-24 15:30:00-04:00,0.8396999835968018,0.8777999877929688,0.8396999835968018,0.8694999814033508,12720,0.0,0.0
2023-04-25 09:30:00-04:00,0.8799999952316284,0.8799999952316284,0.8299999833106995,0.8299999833106995,1218,0.0,0.0
2023-04-25 10:30:00-04:00,0.8199999928474426,0.8199999928474426,0.7732999920845032,0.7732999920845032,40287,0.0,0.0
2023-04-25 11:30:00-04:00,0.785099983215332,0.800000011920929,0.785099983215332,0.800000011920929,800,0.0,0.0
2023-04-25 13:30:00-04:00,0.8199999928474426,0.8500000238418579,0.8026000261306763,0.8500000238418579,28503,0.0,0.0
2023-04-25 14:30:00-04:00,0.8500000238418579,0.8799999952316284,0.8500000238418579,0.8799999952316284,3575,0.0,0.0
2023-04-25 15:30:00-04:00,0.8500000238418579,0.8500000238418579,0.7998999953269958,0.8500000238418579,68167,0.0,0.0
2023-04-26 09:30:00-04:00,0.8100000023841858,0.8848000168800354,0.7799999713897705,0.800000011920929,0,0.0,0.0
2023-04-26 11:30:00-04:00,0.7809000015258789,0.800000011920929,0.7809000015258789,0.800000011920929,2006,0.0,0.0
2023-04-26 12:30:00-04:00,0.7998999953269958,0.8400999903678894,0.7990000247955322,0.8399999737739563,32191,0.0,0.0
2023-04-26 13:30:00-04:00,0.7811999917030334,0.789900004863739,0.7811999917030334,0.789900004863739,534,0.0,0.0
2023-04-26 14:30:00-04:00,0.7896999716758728,0.7896999716758728,0.7853000164031982,0.7896000146865845,0,0.0,0.0
2023-04-27 09:30:00-04:00,0.7698000073432922,0.8289999961853027,0.7698000073432922,0.8289999961853027,1513,0.0,0.0
2023-04-27 10:30:00-04:00,0.7599999904632568,0.7803999781608582,0.7598999738693237,0.7598999738693237,7790,0.0,0.0
2023-04-27 11:30:00-04:00,0.7598999738693237,0.7598999738693237,0.7598999738693237,0.7598999738693237,282,0.0,0.0
2023-04-27 12:30:00-04:00,0.7598999738693237,0.8253999948501587,0.7508999705314636,0.8252000212669373,24668,0.0,0.0
2023-04-27 15:30:00-04:00,0.7795000076293945,0.8199999928474426,0.7795000076293945,0.7799999713897705,0,0.0,0.0
2023-04-28 09:30:00-04:00,0.8003000020980835,0.8003000020980835,0.800000011920929,0.8001999855041504,1056,0.0,0.0
2023-04-28 10:30:00-04:00,0.7523000240325928,0.7523000240325928,0.7523000240325928,0.7523000240325928,236,0.0,0.0
2023-04-28 11:30:00-04:00,0.7799999713897705,0.7950000166893005,0.75,0.75,33442,0.0,0.0
2023-04-28 12:30:00-04:00,0.7598999738693237,0.7598999738693237,0.7429999709129333,0.7429999709129333,1921,0.0,0.0
2023-04-28 13:30:00-04:00,0.7599999904632568,0.7599999904632568,0.7509999871253967,0.7555490136146545,4470,0.0,0.0
2023-04-28 14:30:00-04:00,0.7511000037193298,0.7599999904632568,0.7300000190734863,0.7310000061988831,8753,0.0,0.0
2023-04-28 15:30:00-04:00,0.7598000168800354,0.7598999738693237,0.7200000286102295,0.7598999738693237,10045,0.0,0.0
2023-05-01 09:30:00-04:00,0.7599999904632568,0.829800009727478,0.7598999738693237,0.7599999904632568,4003,0.0,0.0
2023-05-01 10:30:00-04:00,0.7627000212669373,0.9478999972343445,0.7254999876022339,0.7900000214576721,442501,0.0,0.0
2023-05-01 11:30:00-04:00,0.7900000214576721,1.0901000499725342,0.7599999904632568,0.800000011920929,1116719,0.0,0.0
2023-05-01 12:30:00-04:00,0.7950000166893005,0.8299999833106995,0.7559999823570251,0.7799999713897705,182983,0.0,0.0
2023-05-01 13:30:00-04:00,0.7753999829292297,0.7753999829292297,0.5,0.6976000070571899,457484,0.0,0.0
2023-05-01 14:30:00-04:00,0.699999988079071,0.699999988079071,0.6000000238418579,0.699999988079071,60102,0.0,0.0
2023-05-01 15:30:00-04:00,0.6850000023841858,0.6850000023841858,0.6100000143051147,0.6299999952316284,63789,0.0,0.0
2023-05-02 09:30:00-04:00,0.7369999885559082,0.7699999809265137,0.7009999752044678,0.7099999785423279,405673,0.0,0.0
2023-05-02 10:30:00-04:00,0.7099999785423279,0.7149990200996399,0.6510000228881836,0.7037000060081482,50787,0.0,0.0
2023-05-02 11:30:00-04:00,0.7013000249862671,0.7099999785423279,0.6952000260353088,0.6980000138282776,5042,0.0,0.0
2023-05-02 12:30:00-04:00,0.6951000094413757,0.7099999785423279,0.6621000170707703,0.7099999785423279,36943,0.0,0.0
2023-05-02 13:30:00-04:00,0.6999989748001099,0.7101010084152222,0.6800000071525574,0.7069000005722046,17181,0.0,0.0
2023-05-02 14:30:00-04:00,0.6940010190010071,0.7099999785423279,0.6620000004768372,0.7099000215530396,13302,0.0,0.0
2023-05-02 15:30:00-04:00,0.7074999809265137,0.7074999809265137,0.699999988079071,0.7055000066757202,0,0.0,0.0
2023-05-03 09:30:00-04:00,0.671239972114563,0.703499972820282,0.6259999871253967,0.6399999856948853,78109,0.0,0.0
2023-05-03 10:30:00-04:00,0.6399999856948853,0.6510000228881836,0.6330000162124634,0.6499999761581421,28694,0.0,0.0
2023-05-03 11:30:00-04:00,0.6470000147819519,0.6600000262260437,0.6349999904632568,0.6412500143051147,3297,0.0,0.0
2023-05-03 12:30:00-04:00,0.6399999856948853,0.6600000262260437,0.6349999904632568,0.6575000286102295,25162,0.0,0.0
2023-05-03 13:30:00-04:00,0.6574990153312683,0.6697999835014343,0.6401000022888184,0.6401000022888184,2817,0.0,0.0
2023-05-03 14:30:00-04:00,0.6401000022888184,0.6697999835014343,0.6349999904632568,0.6600000262260437,11725,0.0,0.0
2023-05-03 15:30:00-04:00,0.6524999737739563,0.6899999976158142,0.6431999802589417,0.6899999976158142,0,0.0,0.0
2023-05-04 09:30:00-04:00,0.6499000191688538,0.6898999810218811,0.6499000191688538,0.6697999835014343,9942,0.0,0.0
2023-05-04 10:30:00-04:00,0.6600000262260437,0.6850000023841858,0.6401000022888184,0.6847990155220032,22421,0.0,0.0
2023-05-04 11:30:00-04:00,0.6503000259399414,0.6848000288009644,0.6503000259399414,0.6506010293960571,5104,0.0,0.0
2023-05-04 12:30:00-04:00,0.6827999949455261,0.6827999949455261,0.650600016117096,0.650600016117096,3324,0.0,0.0
2023-05-04 13:30:00-04:00,0.6800000071525574,0.7170000076293945,0.6643000245094299,0.7099999785423279,11280,0.0,0.0
2023-05-04 14:30:00-04:00,0.7099999785423279,0.7498999834060669,0.6919999718666077,0.7120000123977661,22624,0.0,0.0
2023-05-04 15:30:00-04:00,0.7200000286102295,0.7418000102043152,0.7156999707221985,0.7418000102043152,0,0.0,0.0
2023-05-05 09:30:00-04:00,0.7174000144004822,0.7498999834060669,0.6901000142097473,0.7150499820709229,25290,0.0,0.0
2023-05-05 10:30:00-04:00,0.699999988079071,0.7149999737739563,0.6800000071525574,0.7149999737739563,2113,0.0,0.0
2023-05-05 11:30:00-04:00,0.7149999737739563,0.7150999903678894,0.7001000046730042,0.7150999903678894,713,0.0,0.0
2023-05-05 12:30:00-04:00,0.7099999785423279,0.7150999903678894,0.6901000142097473,0.6901000142097473,6043,0.0,0.0
2023-05-05 13:30:00-04:00,0.6900010108947754,0.7005000114440918,0.6743999719619751,0.6898000240325928,8424,0.0,0.0
2023-05-05 14:30:00-04:00,0.6798999905586243,0.6897000074386597,0.6743999719619751,0.676800012588501,5743,0.0,0.0
2023-05-05 15:30:00-04:00,0.6765999794006348,0.7746000289916992,0.6607999801635742,0.7746000289916992,21949,0.0,0.0
2023-05-08 09:30:00-04:00,0.7002999782562256,0.7303000092506409,0.7001000046730042,0.7009999752044678,10559,0.0,0.0
2023-05-08 10:30:00-04:00,0.7099999785423279,0.7455000281333923,0.7010999917984009,0.7297999858856201,3365,0.0,0.0
2023-05-08 11:30:00-04:00,0.7010999917984009,0.7052000164985657,0.7001000046730042,0.7001010179519653,8312,0.0,0.0
2023-05-08 12:30:00-04:00,0.7350999712944031,0.7350999712944031,0.7020000219345093,0.7181000113487244,15815,0.0,0.0
2023-05-08 13:30:00-04:00,0.7120000123977661,0.7121000289916992,0.6863999962806702,0.6863999962806702,3918,0.0,0.0
2023-05-08 14:30:00-04:00,0.699446976184845,0.699446976184845,0.6901000142097473,0.6901000142097473,367,0.0,0.0
2023-05-08 15:30:00-04:00,0.6901000142097473,0.7099999785423279,0.6299999952316284,0.692300021648407,0,0.0,0.0
2023-05-09 09:30:00-04:00,0.7247999906539917,0.7247999906539917,0.6620000004768372,0.6620000004768372,4930,0.0,0.0
2023-05-09 10:30:00-04:00,0.6899999976158142,0.6951000094413757,0.6541000008583069,0.6541000008583069,9370,0.0,0.0
2023-05-09 11:30:00-04:00,0.6930000185966492,0.6930000185966492,0.6600000262260437,0.664900004863739,813,0.0,0.0
2023-05-09 12:30:00-04:00,0.6899999976158142,0.699999988079071,0.6899999976158142,0.699999988079071,2447,0.0,0.0
2023-05-09 14:30:00-04:00,0.6600000262260437,0.6700000166893005,0.6541000008583069,0.660099983215332,13047,0.0,0.0
2023-05-09 15:30:00-04:00,0.6557000279426575,0.6789000034332275,0.6399999856948853,0.6789000034332275,0,0.0,0.0
2023-05-10 09:30:00-04:00,0.6679999828338623,0.7095999717712402,0.6312999725341797,0.6672999858856201,30691,0.0,0.0
2023-05-10 10:30:00-04:00,0.6499999761581421,0.6672999858856201,0.6499999761581421,0.6672999858856201,417,0.0,0.0
2023-05-10 11:30:00-04:00,0.6672999858856201,0.6672999858856201,0.6208000183105469,0.6669989824295044,13636,0.0,0.0
2023-05-10 12:30:00-04:00,0.6668999791145325,0.6668999791145325,0.6301000118255615,0.6301000118255615,10217,0.0,0.0
2023-05-10 13:30:00-04:00,0.6669999957084656,0.6669999957084656,0.6320000290870667,0.6320000290870667,600,0.0,0.0
2023-05-10 14:30:00-04:00,0.6399999856948853,0.6401010155677795,0.6399999856948853,0.6401010155677795,1181,0.0,0.0
2023-05-10 15:30:00-04:00,0.6402000188827515,0.6500999927520752,0.6254000067710876,0.628600001335144,0,0.0,0.0
2023-05-11 09:30:00-04:00,0.6399999856948853,0.6399999856948853,0.6204000115394592,0.6398990154266357,4333,0.0,0.0
2023-05-11 10:30:00-04:00,0.6373000144958496,0.6373000144958496,0.625,0.632099986076355,2061,0.0,0.0
2023-05-11 13:30:00-04:00,0.6150000095367432,0.6150000095367432,0.5461999773979187,0.5997999906539917,30459,0.0,0.0
2023-05-11 14:30:00-04:00,0.5975000262260437,0.6000000238418579,0.5950999855995178,0.6000000238418579,5159,0.0,0.0
2023-05-11 15:30:00-04:00,0.5950000286102295,0.6000000238418579,0.5917999744415283,0.5999000072479248,0,0.0,0.0
2023-05-12 09:30:00-04:00,0.5999990105628967,0.5999990105628967,0.5877500176429749,0.5999000072479248,9030,0.0,0.0
2023-05-12 10:30:00-04:00,0.5877500176429749,0.6000000238418579,0.5877500176429749,0.5899999737739563,838,0.0,0.0
2023-05-12 11:30:00-04:00,0.597100019454956,0.597100019454956,0.5900999903678894,0.5900999903678894,1291,0.0,0.0
2023-05-12 12:30:00-04:00,0.5902000069618225,0.5998989939689636,0.5900999903678894,0.5998989939689636,3098,0.0,0.0
2023-05-12 13:30:00-04:00,0.5900999903678894,0.5999990105628967,0.5900580286979675,0.5999990105628967,4941,0.0,0.0
2023-05-12 14:30:00-04:00,0.5902010202407837,0.590399980545044,0.5902000069618225,0.590399980545044,2835,0.0,0.0
2023-05-15 09:30:00-04:00,0.5699999928474426,0.61080002784729,0.5562000274658203,0.61080002784729,17820,0.0,0.0
2023-05-15 10:30:00-04:00,0.5620999932289124,0.5620999932289124,0.5620999932289124,0.5620999932289124,330,0.0,0.0
2023-05-15 11:30:00-04:00,0.5959500074386597,0.6100000143051147,0.5899999737739563,0.6100000143051147,1941,0.0,0.0
2023-05-15 12:30:00-04:00,0.6100000143051147,0.6281999945640564,0.5899999737739563,0.6004999876022339,3703,0.0,0.0
2023-05-15 14:30:00-04:00,0.6003010272979736,0.6079000234603882,0.6003010272979736,0.6079000234603882,1412,0.0,0.0
2023-05-15 15:30:00-04:00,0.6148999929428101,0.6295999884605408,0.6000000238418579,0.6198999881744385,0,0.0,0.0
2023-05-16 09:30:00-04:00,0.5820009708404541,0.6276230216026306,0.5820009708404541,0.6276230216026306,2085,0.0,0.0
2023-05-16 10:30:00-04:00,0.6198989748954773,0.6298999786376953,0.6198989748954773,0.6200000047683716,2211,0.0,0.0
2023-05-16 11:30:00-04:00,0.5508000254631042,0.5508000254631042,0.5508000254631042,0.5508000254631042,2579,0.0,0.0
2023-05-16 12:30:00-04:00,0.5683000087738037,0.625,0.5683000087738037,0.6248999834060669,1381,0.0,0.0
2023-05-16 14:30:00-04:00,0.5629000067710876,0.6299999952316284,0.5629000067710876,0.621999979019165,6291,0.0,0.0
2023-05-17 11:30:00-04:00,0.5608010292053223,0.6200000047683716,0.5608010292053223,0.6200000047683716,1636,0.0,0.0
2023-05-17 12:30:00-04:00,0.5754600167274475,0.6200000047683716,0.5699999928474426,0.6200000047683716,1394,0.0,0.0
2023-05-17 13:30:00-04:00,0.609250009059906,0.6200000047683716,0.5986999869346619,0.5999990105628967,4309,0.0,0.0
2023-05-17 14:30:00-04:00,0.5999000072479248,0.609250009059906,0.5999000072479248,0.609250009059906,0,0.0,0.0
2023-05-18 09:30:00-04:00,0.6172999739646912,0.629800021648407,0.5879999995231628,0.629800021648407,774,0.0,0.0
2023-05-18 11:30:00-04:00,0.6297500133514404,0.6297500133514404,0.6172999739646912,0.6200000047683716,1046,0.0,0.0
2023-05-18 12:30:00-04:00,0.6200000047683716,0.6593999862670898,0.6200000047683716,0.6593999862670898,2271,0.0,0.0
2023-05-18 13:30:00-04:00,0.6499999761581421,0.6549999713897705,0.6194999814033508,0.6194999814033508,1412,0.0,0.0
2023-05-18 14:30:00-04:00,0.6299999952316284,0.6499999761581421,0.6297500133514404,0.6297500133514404,0,0.0,0.0
2023-05-18 15:30:00-04:00,0.6399999856948853,0.6499990224838257,0.6399999856948853,0.6499990224838257,48,0.0,0.0
2023-05-19 10:30:00-04:00,0.6250510215759277,0.6399000287055969,0.6103000044822693,0.6399000287055969,5525,0.0,0.0
2023-05-19 11:30:00-04:00,0.6378999948501587,0.6378999948501587,0.6299999952316284,0.6299999952316284,498,0.0,0.0
2023-05-19 12:30:00-04:00,0.6378999948501587,0.6399989724159241,0.6202999949455261,0.6399989724159241,4395,0.0,0.0
2023-05-19 14:30:00-04:00,0.6200000047683716,0.6399000287055969,0.6200000047683716,0.6399000287055969,200,0.0,0.0
2023-05-22 10:30:00-04:00,0.6299999952316284,0.6299999952316284,0.6297000050544739,0.6297000050544739,707,0.0,0.0
2023-05-22 12:30:00-04:00,0.6159489750862122,0.6294999718666077,0.6159489750862122,0.6294999718666077,1736,0.0,0.0
2023-05-22 15:30:00-04:00,0.6022999882698059,0.6295999884605408,0.6021999716758728,0.6295999884605408,0,0.0,0.0
2023-05-23 09:30:00-04:00,0.6000000238418579,0.6295999884605408,0.6000000238418579,0.6295999884605408,8452,0.0,0.0
2023-05-23 10:30:00-04:00,0.6294000148773193,0.6294000148773193,0.6294000148773193,0.6294000148773193,686,0.0,0.0
2023-05-23 12:30:00-04:00,0.6000000238418579,0.6288999915122986,0.6000000238418579,0.6288999915122986,583,0.0,0.0
2023-05-23 13:30:00-04:00,0.625,0.6545000076293945,0.6129000186920166,0.6545000076293945,4248,0.0,0.0
2023-05-23 14:30:00-04:00,0.6200000047683716,0.6200000047683716,0.6200000047683716,0.6200000047683716,114,0.0,0.0
2023-05-23 15:30:00-04:00,0.6200000047683716,0.6549999713897705,0.6190000176429749,0.6549999713897705,0,0.0,0.0
2023-05-24 09:30:00-04:00,0.6352999806404114,0.6499999761581421,0.6008009910583496,0.6499999761581421,1988,0.0,0.0
2023-05-24 10:30:00-04:00,0.6499999761581421,0.6499999761581421,0.6498990058898926,0.6498990058898926,352,0.0,0.0
2023-05-24 12:30:00-04:00,0.6174740195274353,0.6499999761581421,0.6174740195274353,0.6499000191688538,0,0.0,0.0
2023-05-25 09:30:00-04:00,0.5899999737739563,0.6449000239372253,0.5899999737739563,0.6449000239372253,1416,0.0,0.0
2023-05-25 10:30:00-04:00,0.6248999834060669,0.6549999713897705,0.6148999929428101,0.6549999713897705,765,0.0,0.0
2023-05-25 11:30:00-04:00,0.6420999765396118,0.647849977016449,0.5903000235557556,0.6198999881744385,18739,0.0,0.0
2023-05-25 12:30:00-04:00,0.6197999715805054,0.6197999715805054,0.6103000044822693,0.6103000044822693,223,0.0,0.0
2023-05-25 13:30:00-04:00,0.6151999831199646,0.619700014591217,0.6000000238418579,0.619700014591217,6317,0.0,0.0
2023-05-25 14:30:00-04:00,0.6198999881744385,0.6198999881744385,0.6198999881744385,0.6198999881744385,0,0.0,0.0
2023-05-26 09:30:00-04:00,0.6000000238418579,0.6498000025749207,0.6000000238418579,0.6498000025749207,1120,0.0,0.0
2023-05-26 10:30:00-04:00,0.6022289991378784,0.6022289991378784,0.5598989725112915,0.5999990105628967,72008,0.0,0.0
2023-05-26 11:30:00-04:00,0.5996999740600586,0.5996999740600586,0.575501024723053,0.5996999740600586,6727,0.0,0.0
2023-05-26 12:30:00-04:00,0.6000000238418579,0.6000000238418579,0.5799999833106995,0.5799999833106995,4150,0.0,0.0
2023-05-26 13:30:00-04:00,0.5899019837379456,0.5997999906539917,0.5802000164985657,0.5997999906539917,826,0.0,0.0
2023-05-26 14:30:00-04:00,0.5972999930381775,0.5996999740600586,0.5900999903678894,0.5996999740600586,850,0.0,0.0
2023-05-26 15:30:00-04:00,0.5900999903678894,0.5996999740600586,0.5799999833106995,0.5996999740600586,3234,0.0,0.0
2023-05-30 09:30:00-04:00,0.5799999833106995,0.5799999833106995,0.5504999756813049,0.5601999759674072,11533,0.0,0.0
2023-05-30 10:30:00-04:00,0.5601999759674072,0.5698999762535095,0.5600000023841858,0.5601999759674072,2325,0.0,0.0
2023-05-30 11:30:00-04:00,0.5601000189781189,0.5699999928474426,0.5601000189781189,0.5699999928474426,400,0.0,0.0
2023-05-30 12:30:00-04:00,0.5601000189781189,0.5626999735832214,0.5508000254631042,0.5600000023841858,8466,0.0,0.0
2023-05-30 13:30:00-04:00,0.5600000023841858,0.5600000023841858,0.5511000156402588,0.5598999857902527,500,0.0,0.0
2023-05-30 14:30:00-04:00,0.5514000058174133,0.5598999857902527,0.5512999892234802,0.5512999892234802,481,0.0,0.0
2023-05-30 15:30:00-04:00,0.5515000224113464,0.5699999928474426,0.5514000058174133,0.5698999762535095,0,0.0,0.0
2023-05-31 09:30:00-04:00,0.5911999940872192,0.5911999940872192,0.5601000189781189,0.5698999762535095,4081,0.0,0.0
2023-05-31 10:30:00-04:00,0.5601000189781189,0.5698999762535095,0.5601000189781189,0.5698999762535095,5479,0.0,0.0
2023-05-31 11:30:00-04:00,0.5601000189781189,0.5623059868812561,0.5600000023841858,0.5623059868812561,1200,0.0,0.0
2023-05-31 12:30:00-04:00,0.5598999857902527,0.5699999928474426,0.5494999885559082,0.5699999928474426,13310,0.0,0.0
2023-05-31 14:30:00-04:00,0.5600000023841858,0.5699999928474426,0.5501009821891785,0.5600000023841858,2803,0.0,0.0
2023-05-31 15:30:00-04:00,0.550000011920929,0.5699999928474426,0.550000011920929,0.5699999928474426,654,0.0,0.0
2023-06-01 09:30:00-04:00,0.5699999928474426,0.5699999928474426,0.550000011920929,0.5698000192642212,0,0.0,0.0
2023-06-01 10:30:00-04:00,0.5401999950408936,0.5699999928474426,0.539900004863739,0.5600000023841858,17186,0.0,0.0
2023-06-01 11:30:00-04:00,0.5501000285148621,0.5627999901771545,0.5353000164031982,0.5400000214576721,67902,0.0,0.0
2023-06-01 12:30:00-04:00,0.5400000214576721,0.5410000085830688,0.5353000164031982,0.5397999882698059,26179,0.0,0.0
2023-06-01 13:30:00-04:00,0.5598999857902527,0.5598999857902527,0.5394999980926514,0.5397999882698059,2739,0.0,0.0
2023-06-01 14:30:00-04:00,0.5572999715805054,0.5572999715805054,0.54830002784729,0.54830002784729,541,0.0,0.0
2023-06-01 15:30:00-04:00,0.5573999881744385,0.5598999857902527,0.5400000214576721,0.5598999857902527,0,0.0,0.0
2023-06-02 09:30:00-04:00,0.5400000214576721,0.5949500203132629,0.5022000074386597,0.539900004863739,99438,0.0,0.0
2023-06-02 10:30:00-04:00,0.5212000012397766,0.539900004863739,0.4715000092983246,0.4715000092983246,76060,0.0,0.0
2023-06-02 11:30:00-04:00,0.4706999957561493,0.5,0.4706999957561493,0.5,35480,0.0,0.0
2023-06-02 12:30:00-04:00,0.5099999904632568,0.5199999809265137,0.5099999904632568,0.5199000239372253,5361,0.0,0.0
2023-06-02 13:30:00-04:00,0.5099999904632568,0.5199999809265137,0.5,0.5150489807128906,3634,0.0,0.0
2023-06-02 14:30:00-04:00,0.5199999809265137,0.5199999809265137,0.5,0.5199990272521973,2370,0.0,0.0
2023-06-02 15:30:00-04:00,0.5,0.5001000165939331,0.4999000132083893,0.4999000132083893,7927,0.0,0.0
2023-06-05 09:30:00-04:00,0.5199999809265137,0.5199999809265137,0.4943000078201294,0.4974989891052246,8258,0.0,0.0
2023-06-05 10:30:00-04:00,0.4999989867210388,0.4999989867210388,0.48944899439811707,0.4894999861717224,5627,0.0,0.0
2023-06-05 11:30:00-04:00,0.49000000953674316,0.49000000953674316,0.4894999861717224,0.49000000953674316,2932,0.0,0.0
2023-06-05 12:30:00-04:00,0.49000000953674316,0.49000000953674316,0.4899500012397766,0.49000000953674316,2760,0.0,0.0
2023-06-05 13:30:00-04:00,0.49000000953674316,0.49000000953674316,0.48919999599456787,0.49000000953674316,2766,0.0,0.0
2023-06-05 14:30:00-04:00,0.48919999599456787,0.49000000953674316,0.48919999599456787,0.49000000953674316,6833,0.0,0.0
2023-06-05 15:30:00-04:00,0.49000000953674316,0.49000000953674316,0.49000000953674316,0.49000000953674316,0,0.0,0.0
2023-06-06 09:30:00-04:00,0.49000000953674316,0.5145000219345093,0.49000000953674316,0.49000000953674316,2364,0.0,0.0
2023-06-06 10:30:00-04:00,0.49000000953674316,0.49000000953674316,0.49000000953674316,0.49000000953674316,4142,0.0,0.0
2023-06-06 11:30:00-04:00,0.49000000953674316,0.49000000953674316,0.48989999294281006,0.49000000953674316,2601,0.0,0.0
2023-06-06 12:30:00-04:00,0.49000000953674316,0.5010579824447632,0.49000000953674316,0.5,2267,0.0,0.0
2023-06-06 13:30:00-04:00,0.5,0.5599499940872192,0.49810001254081726,0.529000997543335,36948,0.0,0.0
2023-06-06 14:30:00-04:00,0.5300999879837036,0.5399510264396667,0.5299999713897705,0.5399510264396667,1057,0.0,0.0
2023-06-06 15:30:00-04:00,0.5367159843444824,0.5400000214576721,0.5200999975204468,0.5200999975204468,3360,0.0,0.0
2023-06-07 09:30:00-04:00,0.5005000233650208,0.5745800137519836,0.49974098801612854,0.5,18268,0.0,0.0
2023-06-07 10:30:00-04:00,0.4948999881744385,0.5149999856948853,0.4948999881744385,0.5049999952316284,18954,0.0,0.0
2023-06-07 11:30:00-04:00,0.5099999904632568,0.5099999904632568,0.5,0.5,783,0.0,0.0
2023-06-07 12:30:00-04:00,0.5099999904632568,0.5099999904632568,0.5001000165939331,0.5001000165939331,1414,0.0,0.0
2023-06-07 13:30:00-04:00,0.5024999976158142,0.5062999725341797,0.5024999976158142,0.5062999725341797,820,0.0,0.0
2023-06-07 14:30:00-04:00,0.5099999904632568,0.5099999904632568,0.5099999904632568,0.5099999904632568,215,0.0,0.0
2023-06-07 15:30:00-04:00,0.5099999904632568,0.5099999904632568,0.5026000142097473,0.5099999904632568,8062,0.0,0.0
2023-06-08 09:30:00-04:00,0.5154489874839783,0.5154489874839783,0.47940000891685486,0.4900999963283539,9126,0.0,0.0
2023-06-08 10:30:00-04:00,0.4999000132083893,0.5,0.4950999915599823,0.4950999915599823,1188,0.0,0.0
2023-06-08 11:30:00-04:00,0.5,0.5,0.490200012922287,0.490200012922287,483,0.0,0.0
2023-06-08 12:30:00-04:00,0.4999989867210388,0.5,0.490200012922287,0.4999000132083893,1302,0.0,0.0
2023-06-08 13:30:00-04:00,0.4999000132083893,0.4999000132083893,0.490200012922287,0.490200012922287,3141,0.0,0.0
2023-06-08 14:30:00-04:00,0.4988659918308258,0.5,0.4988659918308258,0.5,288,0.0,0.0
2023-06-08 15:30:00-04:00,0.5,0.5,0.4909000098705292,0.5,2433,0.0,0.0
2023-06-09 09:30:00-04:00,0.5098000168800354,0.5099999904632568,0.5008999705314636,0.5008999705314636,1241,0.0,0.0
2023-06-09 10:30:00-04:00,0.5063999891281128,0.5063999891281128,0.48019999265670776,0.5,19131,0.0,0.0
2023-06-09 11:30:00-04:00,0.49000000953674316,0.49300000071525574,0.489998996257782,0.49300000071525574,516,0.0,0.0
2023-06-09 12:30:00-04:00,0.49004998803138733,0.5,0.49000000953674316,0.5,2172,0.0,0.0
2023-06-09 13:30:00-04:00,0.4966000020503998,0.5,0.49000000953674316,0.49914100766181946,6663,0.0,0.0
2023-06-09 14:30:00-04:00,0.4964999854564667,0.4999000132083893,0.4950999915599823,0.4950999915599823,1325,0.0,0.0
2023-06-09 15:30:00-04:00,0.49480000138282776,0.49480000138282776,0.48010000586509705,0.49480000138282776,2203,0.0,0.0
2023-06-12 09:30:00-04:00,0.5199999809265137,0.5199999809265137,0.48249998688697815,0.5099999904632568,26031,0.0,0.0
2023-06-12 10:30:00-04:00,0.5099999904632568,0.5199999809265137,0.4860000014305115,0.5184999704360962,56313,0.0,0.0
2023-06-12 11:30:00-04:00,0.5184999704360962,0.5184999704360962,0.505050003528595,0.5099999904632568,9209,0.0,0.0
2023-06-12 12:30:00-04:00,0.5099999904632568,0.5099999904632568,0.5002999901771545,0.5098999738693237,8486,0.0,0.0
2023-06-12 13:30:00-04:00,0.5098999738693237,0.5199999809265137,0.5024999976158142,0.518750011920929,12129,0.0,0.0
2023-06-12 14:30:00-04:00,0.518750011920929,0.5199999809265137,0.4950000047683716,0.5199999809265137,31994,0.0,0.0
2023-06-12 15:30:00-04:00,0.5199999809265137,0.5199999809265137,0.5080000162124634,0.5199999809265137,0,0.0,0.0
2023-06-13 09:30:00-04:00,0.5019999742507935,0.5019999742507935,0.49000000953674316,0.5,60435,0.0,0.0
2023-06-13 10:30:00-04:00,0.5,0.5,0.49000000953674316,0.49000000953674316,22513,0.0,0.0
2023-06-13 11:30:00-04:00,0.4950000047683716,0.4997999966144562,0.48020100593566895,0.49799999594688416,4008,0.0,0.0
2023-06-13 12:30:00-04:00,0.49790000915527344,0.49790000915527344,0.48899999260902405,0.48899999260902405,2186,0.0,0.0
2023-06-13 13:30:00-04:00,0.48464998602867126,0.49790000915527344,0.48464998602867126,0.49790000915527344,4122,0.0,0.0
2023-06-13 14:30:00-04:00,0.49790000915527344,0.49799901247024536,0.49000000953674316,0.4970000088214874,1584,0.0,0.0
2023-06-13 15:30:00-04:00,0.4900999963283539,0.49799999594688416,0.49000000953674316,0.49779999256134033,0,0.0,0.0
2023-06-14 09:30:00-04:00,0.5099999904632568,0.5218999981880188,0.4900999963283539,0.5,22173,0.0,0.0
2023-06-14 10:30:00-04:00,0.49994999170303345,0.5001999735832214,0.49000000953674316,0.4968990087509155,61909,0.0,0.0
2023-06-14 11:30:00-04:00,0.4968990087509155,0.4970000088214874,0.4909999966621399,0.4966909885406494,9045,0.0,0.0
2023-06-14 12:30:00-04:00,0.4968999922275543,0.4968999922275543,0.4964999854564667,0.4964999854564667,1718,0.0,0.0
2023-06-14 13:30:00-04:00,0.4964999854564667,0.4965110123157501,0.4964999854564667,0.4964999854564667,901,0.0,0.0
2023-06-14 14:30:00-04:00,0.4966999888420105,0.4966999888420105,0.4966999888420105,0.4966999888420105,0,0.0,0.0
2023-06-15 09:30:00-04:00,0.4909999966621399,0.5188000202178955,0.4909999966621399,0.4997999966144562,29873,0.0,0.0
2023-06-15 10:30:00-04:00,0.4997999966144562,0.4997999966144562,0.4997999966144562,0.4997999966144562,0,0.0,0.0
2023-06-15 11:30:00-04:00,0.4999000132083893,0.5,0.4867999851703644,0.491100013256073,58213,0.0,0.0
2023-06-15 12:30:00-04:00,0.47999998927116394,0.491100013256073,0.4738999903202057,0.491100013256073,1784,0.0,0.0
2023-06-15 14:30:00-04:00,0.4862000048160553,0.5098999738693237,0.4862000048160553,0.5097000002861023,1401,0.0,0.0
2023-06-15 15:30:00-04:00,0.5095000267028809,0.5095000267028809,0.5095000267028809,0.5095000267028809,0,0.0,0.0
2023-06-16 09:30:00-04:00,0.4945000112056732,0.5049999952316284,0.4749999940395355,0.5048999786376953,26503,0.0,0.0
2023-06-16 10:30:00-04:00,0.4997999966144562,0.504800021648407,0.4997999966144562,0.4997999966144562,9083,0.0,0.0
2023-06-16 11:30:00-04:00,0.4999000132083893,0.4999000132083893,0.4805000126361847,0.4997999966144562,5958,0.0,0.0
2023-06-16 13:30:00-04:00,0.48730000853538513,0.48989999294281006,0.4805000126361847,0.48989999294281006,4289,0.0,0.0
2023-06-16 14:30:00-04:00,0.4814999997615814,0.48969998955726624,0.4814999997615814,0.48969998955726624,360,0.0,0.0
2023-06-16 15:30:00-04:00,0.4855000078678131,0.49970000982284546,0.48350000381469727,0.49970000982284546,9524,0.0,0.0
2023-06-20 09:30:00-04:00,0.5,0.5300009846687317,0.4917509853839874,0.5,27977,0.0,0.0
2023-06-20 10:30:00-04:00,0.5,0.5297999978065491,0.49959999322891235,0.4999000132083893,48951,0.0,0.0
2023-06-20 11:30:00-04:00,0.4999000132083893,0.5099999904632568,0.4999000132083893,0.5,29613,0.0,0.0
2023-06-20 12:30:00-04:00,0.5,0.5199999809265137,0.4999000132083893,0.5199999809265137,40907,0.0,0.0
2023-06-20 13:30:00-04:00,0.5199999809265137,0.5374000072479248,0.5175999999046326,0.5370000004768372,19676,0.0,0.0
2023-06-20 14:30:00-04:00,0.5199999809265137,0.5245000123977661,0.4334999918937683,0.5012000203132629,87731,0.0,0.0
2023-06-20 15:30:00-04:00,0.5026999711990356,0.5052000284194946,0.5001999735832214,0.5052000284194946,0,0.0,0.0
2023-06-21 09:30:00-04:00,0.5099999904632568,0.5099999904632568,0.4693000018596649,0.47999998927116394,20057,0.0,0.0
2023-06-21 10:30:00-04:00,0.47999998927116394,0.5,0.46000000834465027,0.46000000834465027,18163,0.0,0.0
2023-06-21 11:30:00-04:00,0.49000000953674316,0.49000000953674316,0.44429999589920044,0.45829999446868896,10872,0.0,0.0
2023-06-21 12:30:00-04:00,0.4584999978542328,0.49000000953674316,0.44440001249313354,0.49000000953674316,10043,0.0,0.0
2023-06-21 13:30:00-04:00,0.4788999855518341,0.4788999855518341,0.4788999855518341,0.4788999855518341,155,0.0,0.0
2023-06-21 14:30:00-04:00,0.46779999136924744,0.47628700733184814,0.4668999910354614,0.47628700733184814,413,0.0,0.0
2023-06-21 15:30:00-04:00,0.44929999113082886,0.4927999973297119,0.44440001249313354,0.49000000953674316,0,0.0,0.0
2023-06-22 11:30:00-04:00,0.45010000467300415,0.4726000130176544,0.45010000467300415,0.4726000130176544,2425,0.0,0.0
2023-06-22 12:30:00-04:00,0.49000000953674316,0.49000000953674316,0.49000000953674316,0.49000000953674316,226,0.0,0.0
2023-06-22 13:30:00-04:00,0.49000000953674316,0.49000000953674316,0.47209998965263367,0.489998996257782,3252,0.0,0.0
2023-06-22 14:30:00-04:00,0.47540000081062317,0.49000000953674316,0.44999998807907104,0.49000000953674316,10034,0.0,0.0
2023-06-22 15:30:00-04:00,0.47049999237060547,0.49000000953674316,0.47049999237060547,0.49000000953674316,0,0.0,0.0
2023-06-23 10:30:00-04:00,0.45010000467300415,0.49000000953674316,0.4399999976158142,0.48989999294281006,5254,0.0,0.0
2023-06-23 11:30:00-04:00,0.47029998898506165,0.48969998955726624,0.47029998898506165,0.48969998955726624,1865,0.0,0.0
2023-06-23 13:30:00-04:00,0.4736349880695343,0.4864000082015991,0.4736349880695343,0.4864000082015991,260,0.0,0.0
2023-06-23 14:30:00-04:00,0.47049999237060547,0.48989999294281006,0.46650001406669617,0.46650001406669617,14668,0.0,0.0
2023-06-23 15:30:00-04:00,0.46320000290870667,0.4697999954223633,0.4560000002384186,0.4697999954223633,11939,0.0,0.0
2023-06-26 09:30:00-04:00,0.48750001192092896,0.49000000953674316,0.45489999651908875,0.45489999651908875,20020,0.0,0.0
2023-06-26 10:30:00-04:00,0.45489999651908875,0.45489999651908875,0.4498000144958496,0.44999998807907104,20507,0.0,0.0
2023-06-26 11:30:00-04:00,0.44999998807907104,0.47999998927116394,0.4498009979724884,0.47999998927116394,8507,0.0,0.0
2023-06-26 12:30:00-04:00,0.47999998927116394,0.47999998927116394,0.4489000141620636,0.4489000141620636,2804,0.0,0.0
2023-06-26 13:30:00-04:00,0.492000013589859,0.4921000003814697,0.44620001316070557,0.44620001316070557,5200,0.0,0.0
2023-06-26 14:30:00-04:00,0.492000013589859,0.492000013589859,0.46000000834465027,0.48989999294281006,849,0.0,0.0
2023-06-26 15:30:00-04:00,0.4749999940395355,0.49000000953674316,0.4749999940395355,0.49000000953674316,0,0.0,0.0
2023-06-27 09:30:00-04:00,0.4762510061264038,0.48240000009536743,0.47624900937080383,0.48240000009536743,547,0.0,0.0
2023-06-27 10:30:00-04:00,0.48237499594688416,0.48237499594688416,0.4699999988079071,0.4762499928474426,1358,0.0,0.0
2023-06-27 11:30:00-04:00,0.4763000011444092,0.48240000009536743,0.4763000011444092,0.48240000009536743,221,0.0,0.0
2023-06-27 12:30:00-04:00,0.48249900341033936,0.48249900341033936,0.48249900341033936,0.48249900341033936,1040,0.0,0.0
2023-06-27 13:30:00-04:00,0.48240000009536743,0.48240000009536743,0.48240000009536743,0.48240000009536743,200,0.0,0.0
2023-06-27 15:30:00-04:00,0.4699999988079071,0.48249998688697815,0.4699999988079071,0.48249998688697815,0,0.0,0.0
2023-06-28 09:30:00-04:00,0.4880000054836273,0.5,0.47589999437332153,0.5,5846,0.0,0.0
2023-06-28 10:30:00-04:00,0.4997999966144562,0.4997999966144562,0.45989999175071716,0.4611000120639801,8290,0.0,0.0
2023-06-28 11:30:00-04:00,0.49970000982284546,0.4997999966144562,0.46129998564720154,0.4997999966144562,1706,0.0,0.0
2023-06-28 12:30:00-04:00,0.49880000948905945,0.49880000948905945,0.49880000948905945,0.49880000948905945,572,0.0,0.0
2023-06-28 13:30:00-04:00,0.49970000982284546,0.49970000982284546,0.49970000982284546,0.49970000982284546,168,0.0,0.0
2023-06-28 14:30:00-04:00,0.49970000982284546,0.49970000982284546,0.48045000433921814,0.49970000982284546,2000,0.0,0.0
2023-06-28 15:30:00-04:00,0.4909999966621399,0.4909999966621399,0.4880000054836273,0.4880000054836273,0,0.0,0.0
2023-06-29 09:30:00-04:00,0.4781999886035919,0.5098999738693237,0.47600001096725464,0.47999998927116394,14698,0.0,0.0
2023-06-29 10:30:00-04:00,0.47999998927116394,0.49000000953674316,0.4733000099658966,0.4897499978542328,27276,0.0,0.0
2023-06-29 11:30:00-04:00,0.47999998927116394,0.4999989867210388,0.47999998927116394,0.49000000953674316,9052,0.0,0.0
2023-06-29 12:30:00-04:00,0.49000000953674316,0.49000000953674316,0.46129998564720154,0.47999998927116394,15548,0.0,0.0
2023-06-29 13:30:00-04:00,0.47999998927116394,0.47999998927116394,0.4699999988079071,0.47999998927116394,11227,0.0,0.0
2023-06-29 14:30:00-04:00,0.47999998927116394,0.49000000953674316,0.4749999940395355,0.4749999940395355,15687,0.0,0.0
2023-06-29 15:30:00-04:00,0.4781000018119812,0.49000000953674316,0.4749999940395355,0.49000000953674316,0,0.0,0.0
2023-06-30 09:30:00-04:00,0.5080000162124634,0.5080000162124634,0.4675000011920929,0.49000000953674316,35565,0.0,0.0
2023-06-30 10:30:00-04:00,0.48500001430511475,0.49000000953674316,0.47130000591278076,0.47999998927116394,24173,0.0,0.0
2023-06-30 11:30:00-04:00,0.47999998927116394,0.47999998927116394,0.47690001130104065,0.47999998927116394,10890,0.0,0.0
2023-06-30 12:30:00-04:00,0.47999998927116394,0.47999998927116394,0.4675000011920929,0.47999998927116394,11131,0.0,0.0
2023-06-30 13:30:00-04:00,0.47999998927116394,0.49000000953674316,0.47999998927116394,0.49000000953674316,12821,0.0,0.0
2023-06-30 14:30:00-04:00,0.49000000953674316,0.49000000953674316,0.48829999566078186,0.49000000953674316,19511,0.0,0.0
2023-06-30 15:30:00-04:00,0.49000000953674316,0.5,0.484499990940094,0.5,29463,0.0,0.0
2023-07-03 09:30:00-04:00,0.5397999882698059,0.5397999882698059,0.47699999809265137,0.48989999294281006,20352,0.0,0.0
2023-07-03 10:30:00-04:00,0.48820000886917114,0.48989999294281006,0.47999998927116394,0.47999998927116394,1855,0.0,0.0
2023-07-03 11:30:00-04:00,0.48969998955726624,0.48980000615119934,0.4894999861717224,0.4894999861717224,2940,0.0,0.0
2023-07-05 09:30:00-04:00,0.5,0.5,0.48179998993873596,0.4922280013561249,3610,0.0,0.0
2023-07-05 10:30:00-04:00,0.4902479946613312,0.4902479946613312,0.47999998927116394,0.48010000586509705,7425,0.0,0.0
2023-07-05 11:30:00-04:00,0.4799000024795532,0.47999998927116394,0.4799000024795532,0.47999998927116394,461,0.0,0.0
2023-07-05 12:30:00-04:00,0.47999998927116394,0.47999998927116394,0.4749490022659302,0.4749999940395355,370,0.0,0.0
2023-07-05 13:30:00-04:00,0.4699999988079071,0.47620001435279846,0.4699999988079071,0.47620001435279846,622,0.0,0.0
2023-07-05 14:30:00-04:00,0.4799000024795532,0.4799000024795532,0.4699999988079071,0.4799000024795532,2954,0.0,0.0
2023-07-05 15:30:00-04:00,0.4799000024795532,0.4799000024795532,0.47745099663734436,0.4799000024795532,0,0.0,0.0
2023-07-06 09:30:00-04:00,0.47999998927116394,0.4950000047683716,0.4000000059604645,0.4372999966144562,65166,0.0,0.0
2023-07-06 10:30:00-04:00,0.43720000982284546,0.47999998927116394,0.43720000982284546,0.4799000024795532,9714,0.0,0.0
2023-07-06 11:30:00-04:00,0.46000000834465027,0.46000000834465027,0.46000000834465027,0.46000000834465027,404,0.0,0.0
2023-07-06 12:30:00-04:00,0.4699999988079071,0.4699999988079071,0.4699999988079071,0.4699999988079071,310,0.0,0.0
2023-07-06 13:30:00-04:00,0.4553000032901764,0.4799000024795532,0.4553000032901764,0.460099995136261,1827,0.0,0.0
2023-07-06 14:30:00-04:00,0.4704500138759613,0.4797999858856201,0.4697999954223633,0.47749999165534973,1305,0.0,0.0
2023-07-06 15:30:00-04:00,0.47440001368522644,0.47760000824928284,0.47440001368522644,0.4767000079154968,0,0.0,0.0
2023-07-07 09:30:00-04:00,0.47099998593330383,0.4797999858856201,0.4399999976158142,0.4699999988079071,43665,0.0,0.0
2023-07-07 10:30:00-04:00,0.4699000120162964,0.4699999988079071,0.4453999996185303,0.46000000834465027,78036,0.0,0.0
2023-07-07 11:30:00-04:00,0.445499986410141,0.46000000834465027,0.445499986410141,0.4526999890804291,12798,0.0,0.0
2023-07-07 12:30:00-04:00,0.44600000977516174,0.46000000834465027,0.4300000071525574,0.45899999141693115,21363,0.0,0.0
2023-07-07 13:30:00-04:00,0.4593000113964081,0.4593000113964081,0.4528999924659729,0.459199994802475,3259,0.0,0.0
2023-07-07 14:30:00-04:00,0.4593000113964081,0.4593000113964081,0.44999998807907104,0.459199994802475,1979,0.0,0.0
2023-07-07 15:30:00-04:00,0.4591990113258362,0.4593000113964081,0.450300008058548,0.4593000113964081,1292,0.0,0.0
2023-07-10 09:30:00-04:00,0.45559999346733093,0.48989999294281006,0.45559999346733093,0.462799996137619,5199,0.0,0.0
2023-07-10 10:30:00-04:00,0.462799996137619,0.4674069881439209,0.4560000002384186,0.4560000002384186,873,0.0,0.0
2023-07-10 11:30:00-04:00,0.4609990119934082,0.4659999907016754,0.4609990119934082,0.4659999907016754,6659,0.0,0.0
2023-07-10 12:30:00-04:00,0.4659999907016754,0.4659999907016754,0.4395900070667267,0.45500001311302185,26782,0.0,0.0
2023-07-10 13:30:00-04:00,0.460999995470047,0.4699999988079071,0.46000000834465027,0.4699999988079071,833,0.0,0.0
2023-07-10 14:30:00-04:00,0.45500001311302185,0.4699999988079071,0.45500001311302185,0.45509999990463257,3295,0.0,0.0
2023-07-10 15:30:00-04:00,0.4668999910354614,0.4699999988079071,0.44589999318122864,0.4699999988079071,0,0.0,0.0
2023-07-11 09:30:00-04:00,0.48979899287223816,0.48979899287223816,0.4699999988079071,0.48429998755455017,15637,0.0,0.0
2023-07-11 10:30:00-04:00,0.4844000041484833,0.4844000041484833,0.46299999952316284,0.4699999988079071,71066,0.0,0.0
2023-07-11 11:30:00-04:00,0.46299999952316284,0.47999998927116394,0.46299999952316284,0.4731999933719635,4423,0.0,0.0
2023-07-11 12:30:00-04:00,0.4767000079154968,0.4767000079154968,0.4668000042438507,0.4668000042438507,42792,0.0,0.0
2023-07-11 13:30:00-04:00,0.46790000796318054,0.4697999954223633,0.44999998807907104,0.44999998807907104,13922,0.0,0.0
2023-07-11 14:30:00-04:00,0.4596000015735626,0.4596000015735626,0.4496990144252777,0.4496999979019165,3081,0.0,0.0
2023-07-11 15:30:00-04:00,0.4496999979019165,0.4699999988079071,0.4401000142097473,0.4699999988079071,0,0.0,0.0
2023-07-12 09:30:00-04:00,0.48980000615119934,0.48980000615119934,0.48980000615119934,0.48980000615119934,526,0.0,0.0
2023-07-12 10:30:00-04:00,0.4699999988079071,0.4699999988079071,0.4560999870300293,0.4699999988079071,622,0.0,0.0
2023-07-12 11:30:00-04:00,0.4699999988079071,0.4699999988079071,0.460999995470047,0.4690000116825104,411,0.0,0.0
2023-07-12 13:30:00-04:00,0.4664500057697296,0.4664500057697296,0.4664500057697296,0.4664500057697296,0,0.0,0.0
2023-07-12 15:30:00-04:00,0.46889999508857727,0.4690000116825104,0.46470001339912415,0.46799999475479126,3302,0.0,0.0
2023-07-13 09:30:00-04:00,0.46000000834465027,0.4699000120162964,0.46000000834465027,0.46970000863075256,1488,0.0,0.0
2023-07-13 10:30:00-04:00,0.46970000863075256,0.46970000863075256,0.46970000863075256,0.46970000863075256,184,0.0,0.0
2023-07-13 11:30:00-04:00,0.46060100197792053,0.460999995470047,0.46000000834465027,0.46000000834465027,2992,0.0,0.0
2023-07-13 12:30:00-04:00,0.45899900794029236,0.45899900794029236,0.45399999618530273,0.4569999873638153,1689,0.0,0.0
2023-07-13 13:30:00-04:00,0.4586000144481659,0.46000000834465027,0.4400010108947754,0.46000000834465027,16707,0.0,0.0
2023-07-13 14:30:00-04:00,0.44999998807907104,0.46000000834465027,0.44999998807907104,0.46000000834465027,2586,0.0,0.0
2023-07-13 15:30:00-04:00,0.45840001106262207,0.45989999175071716,0.4472000002861023,0.45989999175071716,2232,0.0,0.0
2023-07-14 09:30:00-04:00,0.48989999294281006,0.48989999294281006,0.44600000977516174,0.46000000834465027,2278,0.0,0.0
2023-07-14 11:30:00-04:00,0.44029998779296875,0.4499000012874603,0.44029998779296875,0.4499000012874603,353,0.0,0.0
2023-07-14 12:30:00-04:00,0.44999998807907104,0.44999998807907104,0.44999998807907104,0.44999998807907104,1146,0.0,0.0
2023-07-14 13:30:00-04:00,0.44999998807907104,0.44999998807907104,0.44020000100135803,0.4499000012874603,13450,0.0,0.0
2023-07-14 14:30:00-04:00,0.447299987077713,0.4498000144958496,0.4399999976158142,0.4496000111103058,2791,0.0,0.0
2023-07-14 15:30:00-04:00,0.4449000060558319,0.4449000060558319,0.4447999894618988,0.4447999894618988,303,0.0,0.0
2023-07-17 09:30:00-04:00,0.46000000834465027,0.46000000834465027,0.46000000834465027,0.46000000834465027,454,0.0,0.0
2023-07-17 10:30:00-04:00,0.4400010108947754,0.46000000834465027,0.4400010108947754,0.46000000834465027,1013,0.0,0.0
2023-07-17 11:30:00-04:00,0.45989999175071716,0.45989999175071716,0.45899999141693115,0.45989999175071716,636,0.0,0.0
2023-07-17 12:30:00-04:00,0.45969998836517334,0.45969998836517334,0.4401000142097473,0.44999998807907104,697,0.0,0.0
2023-07-17 13:30:00-04:00,0.44999998807907104,0.45989999175071716,0.44749999046325684,0.44749999046325684,11076,0.0,0.0
2023-07-17 14:30:00-04:00,0.44859999418258667,0.4571000039577484,0.4408000111579895,0.4408000111579895,636,0.0,0.0
2023-07-17 15:30:00-04:00,0.45719999074935913,0.45719999074935913,0.45719999074935913,0.45719999074935913,200,0.0,0.0
2023-07-18 09:30:00-04:00,0.4431000053882599,0.4779999852180481,0.4431000053882599,0.4779999852180481,902,0.0,0.0
2023-07-18 10:30:00-04:00,0.4429999887943268,0.4429999887943268,0.4429999887943268,0.4429999887943268,175,0.0,0.0
2023-07-18 11:30:00-04:00,0.4429999887943268,0.46000000834465027,0.4429999887943268,0.46000000834465027,542,0.0,0.0
2023-07-18 12:30:00-04:00,0.46000000834465027,0.46000000834465027,0.46000000834465027,0.46000000834465027,390,0.0,0.0
2023-07-18 14:30:00-04:00,0.44999900460243225,0.45899999141693115,0.44999900460243225,0.45899999141693115,222,0.0,0.0
2023-07-18 15:30:00-04:00,0.4499000012874603,0.4499000012874603,0.4497990012168884,0.4497990012168884,5205,0.0,0.0
2023-07-19 09:30:00-04:00,0.4722000062465668,0.4740000069141388,0.44179999828338623,0.45980000495910645,2112,0.0,0.0
2023-07-19 10:30:00-04:00,0.45322200655937195,0.45399999618530273,0.45322200655937195,0.45399999618530273,484,0.0,0.0
2023-07-19 11:30:00-04:00,0.4749000072479248,0.4749000072479248,0.4699999988079071,0.4699999988079071,1219,0.0,0.0
2023-07-19 12:30:00-04:00,0.4599500000476837,0.4599500000476837,0.4599500000476837,0.4599500000476837,148,0.0,0.0
2023-07-19 14:30:00-04:00,0.44999998807907104,0.45010000467300415,0.44999998807907104,0.4500010013580322,4323,0.0,0.0
2023-07-19 15:30:00-04:00,0.4399999976158142,0.4410000145435333,0.4223000109195709,0.43289899826049805,0,0.0,0.0
2023-07-20 09:30:00-04:00,0.4359999895095825,0.43689000606536865,0.4359999895095825,0.43689000606536865,727,0.0,0.0
2023-07-20 10:30:00-04:00,0.42020100355148315,0.42855000495910645,0.42020100355148315,0.4203000068664551,1571,0.0,0.0
2023-07-20 11:30:00-04:00,0.42980000376701355,0.42980000376701355,0.41999998688697815,0.41999998688697815,9479,0.0,0.0
2023-07-20 12:30:00-04:00,0.4115999937057495,0.41440099477767944,0.41100001335144043,0.41100001335144043,1570,0.0,0.0
2023-07-20 14:30:00-04:00,0.41100001335144043,0.41130000352859497,0.4056999981403351,0.41130000352859497,5770,0.0,0.0
2023-07-20 15:30:00-04:00,0.4101000130176544,0.4368000030517578,0.4099999964237213,0.4359999895095825,0,0.0,0.0
2023-07-21 09:30:00-04:00,0.421750009059906,0.421750009059906,0.421750009059906,0.421750009059906,317,0.0,0.0
2023-07-21 11:30:00-04:00,0.4350000023841858,0.4350000023841858,0.4350000023841858,0.4350000023841858,100,0.0,0.0
2023-07-21 12:30:00-04:00,0.4350000023841858,0.4350000023841858,0.4350000023841858,0.4350000023841858,283,0.0,0.0
2023-07-21 14:30:00-04:00,0.421999990940094,0.4349989891052246,0.41999998688697815,0.4349989891052246,2135,0.0,0.0
2023-07-21 15:30:00-04:00,0.4205000102519989,0.4348999857902527,0.4059999883174896,0.4059999883174896,2524,0.0,0.0
2023-07-24 09:30:00-04:00,0.4262999892234802,0.435699999332428,0.41029998660087585,0.4302240014076233,5428,0.0,0.0
2023-07-24 12:30:00-04:00,0.42000100016593933,0.42989999055862427,0.41999900341033936,0.42989999055862427,1800,0.0,0.0
2023-07-24 13:30:00-04:00,0.42989999055862427,0.42989999055862427,0.42989999055862427,0.42989999055862427,349,0.0,0.0
2023-07-24 15:30:00-04:00,0.42989999055862427,0.42989999055862427,0.42989999055862427,0.42989999055862427,0,0.0,0.0
2023-07-25 09:30:00-04:00,0.4273500144481659,0.4273500144481659,0.42309999465942383,0.42309999465942383,469,0.0,0.0
2023-07-25 10:30:00-04:00,0.42309999465942383,0.42309999465942383,0.4230000078678131,0.4230000078678131,506,0.0,0.0
2023-07-25 11:30:00-04:00,0.42299899458885193,0.42299899458885193,0.42299899458885193,0.42299899458885193,2304,0.0,0.0
2023-07-25 14:30:00-04:00,0.41827699542045593,0.41827699542045593,0.41827699542045593,0.41827699542045593,315,0.0,0.0
2023-07-25 15:30:00-04:00,0.41100001335144043,0.4230000078678131,0.38999998569488525,0.4230000078678131,14226,0.0,0.0
2023-07-26 09:30:00-04:00,0.4230000078678131,0.435699999332428,0.41200000047683716,0.435699999332428,1439,0.0,0.0
2023-07-26 10:30:00-04:00,0.4147000014781952,0.429500013589859,0.4147000014781952,0.429500013589859,12867,0.0,0.0
2023-07-26 11:30:00-04:00,0.42559999227523804,0.42559999227523804,0.42010000348091125,0.42010000348091125,2134,0.0,0.0
2023-07-26 12:30:00-04:00,0.4293999969959259,0.429500013589859,0.42010000348091125,0.42010000348091125,1077,0.0,0.0
2023-07-26 14:30:00-04:00,0.42010000348091125,0.4293999969959259,0.4000000059604645,0.41940000653266907,6697,0.0,0.0
2023-07-26 15:30:00-04:00,0.4180000126361847,0.4180000126361847,0.4180000126361847,0.4180000126361847,0,0.0,0.0
2023-07-27 09:30:00-04:00,0.41999998688697815,0.41999998688697815,0.4041999876499176,0.4189999997615814,24237,0.0,0.0
2023-07-27 10:30:00-04:00,0.4003010094165802,0.4003010094165802,0.4003010094165802,0.4003010094165802,500,0.0,0.0
2023-07-27 11:30:00-04:00,0.4165000021457672,0.4165000021457672,0.4000000059604645,0.41600000858306885,8057,0.0,0.0
2023-07-27 13:30:00-04:00,0.4002009928226471,0.4099000096321106,0.4002000093460083,0.4050999879837036,2550,0.0,0.0
2023-07-27 14:30:00-04:00,0.4003010094165802,0.4099000096321106,0.4003010094165802,0.4099000096321106,276,0.0,0.0
2023-07-27 15:30:00-04:00,0.4021280109882355,0.4098989963531494,0.4021280109882355,0.4098989963531494,0,0.0,0.0
2023-07-28 09:30:00-04:00,0.41990000009536743,0.435699999332428,0.4099999964237213,0.4099999964237213,77857,0.0,0.0
2023-07-28 10:30:00-04:00,0.40505000948905945,0.4100010097026825,0.4007999897003174,0.4100010097026825,6490,0.0,0.0
2023-07-28 11:30:00-04:00,0.4099000096321106,0.4099999964237213,0.4000000059604645,0.40005001425743103,12521,0.0,0.0
2023-07-28 12:30:00-04:00,0.4000999927520752,0.4000999927520752,0.40007999539375305,0.4000999927520752,1554,0.0,0.0
2023-07-28 13:30:00-04:00,0.4099000096321106,0.4099999964237213,0.4072999954223633,0.4099999964237213,1589,0.0,0.0
2023-07-28 14:30:00-04:00,0.4016000032424927,0.4016000032424927,0.4016000032424927,0.4016000032424927,184,0.0,0.0
2023-07-28 15:30:00-04:00,0.4099999964237213,0.4099999964237213,0.4056999981403351,0.4099000096321106,1245,0.0,0.0
2023-07-31 09:30:00-04:00,0.4009999930858612,0.42500001192092896,0.3808000087738037,0.42489999532699585,14004,0.0,0.0
2023-07-31 10:30:00-04:00,0.3959999978542328,0.41690000891685486,0.3959999978542328,0.4168899953365326,26686,0.0,0.0
2023-07-31 13:30:00-04:00,0.41260001063346863,0.41260001063346863,0.397599995136261,0.397599995136261,967,0.0,0.0
2023-07-31 14:30:00-04:00,0.3977000117301941,0.3977000117301941,0.397599995136261,0.397599995136261,2824,0.0,0.0
2023-07-31 15:30:00-04:00,0.40039101243019104,0.4165000021457672,0.40000098943710327,0.4099999964237213,11074,0.0,0.0
2023-08-01 09:30:00-04:00,0.4099999964237213,0.4168989956378937,0.4005500078201294,0.40059998631477356,3425,0.0,0.0
2023-08-01 10:30:00-04:00,0.4090000092983246,0.4099999964237213,0.3978999853134155,0.3978999853134155,1535,0.0,0.0
2023-08-01 11:30:00-04:00,0.39989998936653137,0.39989998936653137,0.39989998936653137,0.39989998936653137,116,0.0,0.0
2023-08-01 12:30:00-04:00,0.3930000066757202,0.4014500081539154,0.3928999900817871,0.4014500081539154,1633,0.0,0.0
2023-08-01 14:30:00-04:00,0.4099999964237213,0.4099999964237213,0.39309999346733093,0.4099000096321106,13239,0.0,0.0
2023-08-01 15:30:00-04:00,0.4099999964237213,0.4099999964237213,0.4016000032424927,0.4090000092983246,0,0.0,0.0
2023-08-02 09:30:00-04:00,0.3952000141143799,0.3952000141143799,0.39510101079940796,0.39510101079940796,1494,0.0,0.0
2023-08-02 11:30:00-04:00,0.41260001063346863,0.41269901394844055,0.3950999975204468,0.41260001063346863,2526,0.0,0.0
2023-08-02 12:30:00-04:00,0.3950999975204468,0.3950999975204468,0.3950999975204468,0.3950999975204468,155,0.0,0.0
2023-08-02 13:30:00-04:00,0.40354999899864197,0.40354999899864197,0.40354999899864197,0.40354999899864197,153,0.0,0.0
2023-08-02 14:30:00-04:00,0.40354999899864197,0.4320000112056732,0.3950999975204468,0.4101000130176544,34516,0.0,0.0
2023-08-02 15:30:00-04:00,0.4099999964237213,0.4697999954223633,0.4099999964237213,0.4697999954223633,0,0.0,0.0
2023-08-03 09:30:00-04:00,0.5,0.5,0.41100001335144043,0.4320000112056732,58198,0.0,0.0
2023-08-03 10:30:00-04:00,0.4269999861717224,0.44999900460243225,0.41200000047683716,0.4471000134944916,32049,0.0,0.0
2023-08-03 11:30:00-04:00,0.41260001063346863,0.44999900460243225,0.41260001063346863,0.44999900460243225,22716,0.0,0.0
2023-08-03 12:30:00-04:00,0.4129999876022339,0.44999998807907104,0.41200000047683716,0.44999998807907104,20632,0.0,0.0
2023-08-03 13:30:00-04:00,0.43240100145339966,0.43240100145339966,0.43240100145339966,0.43240100145339966,178,0.0,0.0
2023-08-03 14:30:00-04:00,0.4300000071525574,0.4323999881744385,0.4300000071525574,0.4323999881744385,220,0.0,0.0
2023-08-03 15:30:00-04:00,0.4490000009536743,0.4490000009536743,0.41510000824928284,0.41510000824928284,0,0.0,0.0
2023-08-04 09:30:00-04:00,0.4388999938964844,0.4490000009536743,0.39316999912261963,0.4099999964237213,12311,0.0,0.0
2023-08-04 10:30:00-04:00,0.4099000096321106,0.4099999964237213,0.4050000011920929,0.4051010012626648,23417,0.0,0.0
2023-08-04 11:30:00-04:00,0.4189999997615814,0.41990000009536743,0.4050000011920929,0.41990000009536743,1470,0.0,0.0
2023-08-04 13:30:00-04:00,0.4189999997615814,0.4189999997615814,0.4050000011920929,0.4050000011920929,458,0.0,0.0
2023-08-04 14:30:00-04:00,0.41999900341033936,0.41999900341033936,0.4124999940395355,0.4124999940395355,5111,0.0,0.0
2023-08-04 15:30:00-04:00,0.4050000011920929,0.4050000011920929,0.4050000011920929,0.4050000011920929,114,0.0,0.0
2023-08-07 09:30:00-04:00,0.39320001006126404,0.44440001249313354,0.39320001006126404,0.4065999984741211,5936,0.0,0.0
2023-08-07 10:30:00-04:00,0.39329999685287476,0.4099999964237213,0.38999998569488525,0.4050000011920929,12029,0.0,0.0
2023-08-07 11:30:00-04:00,0.39500001072883606,0.39980000257492065,0.39100000262260437,0.39980000257492065,5602,0.0,0.0
2023-08-07 12:30:00-04:00,0.39989998936653137,0.39989998936653137,0.39989998936653137,0.39989998936653137,495,0.0,0.0
2023-08-07 13:30:00-04:00,0.39989998936653137,0.39989998936653137,0.39100000262260437,0.39100000262260437,1994,0.0,0.0
2023-08-07 14:30:00-04:00,0.39162299036979675,0.39980000257492065,0.39162299036979675,0.39899998903274536,3521,0.0,0.0
2023-08-07 15:30:00-04:00,0.3901999890804291,0.39980000257492065,0.3901999890804291,0.39969998598098755,0,0.0,0.0
2023-08-08 09:30:00-04:00,0.3808000087738037,0.4300000071525574,0.3808000087738037,0.40799999237060547,1660,0.0,0.0
2023-08-08 10:30:00-04:00,0.40799999237060547,0.4099000096321106,0.3862000107765198,0.4099000096321106,1260,0.0,0.0
2023-08-08 11:30:00-04:00,0.4099000096321106,0.4099000096321106,0.4099000096321106,0.4099000096321106,160,0.0,0.0
2023-08-08 12:30:00-04:00,0.4097990095615387,0.4097990095615387,0.4097990095615387,0.4097990095615387,0,0.0,0.0
2023-08-09 09:30:00-04:00,0.39169999957084656,0.4178999960422516,0.39169999957084656,0.4178999960422516,14491,0.0,0.0
2023-08-09 10:30:00-04:00,0.39110100269317627,0.4099000096321106,0.39100000262260437,0.39100000262260437,5022,0.0,0.0
2023-08-09 11:30:00-04:00,0.39250001311302185,0.39820000529289246,0.39100000262260437,0.39100000262260437,1285,0.0,0.0
2023-08-09 12:30:00-04:00,0.3997989892959595,0.3997989892959595,0.3997989892959595,0.3997989892959595,2659,0.0,0.0
2023-08-09 13:30:00-04:00,0.3919999897480011,0.3919999897480011,0.3808009922504425,0.3808009922504425,15992,0.0,0.0
2023-08-09 14:30:00-04:00,0.3898000121116638,0.3898000121116638,0.3896999955177307,0.3896999955177307,22205,0.0,0.0
2023-08-09 15:30:00-04:00,0.3894990086555481,0.3894990086555481,0.38089999556541443,0.38929998874664307,0,0.0,0.0
2023-08-10 09:30:00-04:00,0.4018000066280365,0.4018000066280365,0.38999998569488525,0.39500099420547485,37036,0.0,0.0
2023-08-10 11:30:00-04:00,0.39500001072883606,0.39500001072883606,0.39500001072883606,0.39500001072883606,170,0.0,0.0
2023-08-10 12:30:00-04:00,0.38999998569488525,0.39899998903274536,0.3808000087738037,0.3830859959125519,18109,0.0,0.0
2023-08-10 13:30:00-04:00,0.3903000056743622,0.3903000056743622,0.38089999556541443,0.38089999556541443,5865,0.0,0.0
2023-08-10 14:30:00-04:00,0.38100099563598633,0.38100099563598633,0.38100099563598633,0.38100099563598633,203,0.0,0.0
2023-08-10 15:30:00-04:00,0.38089999556541443,0.39989998936653137,0.38089999556541443,0.39989998936653137,0,0.0,0.0
2023-08-11 09:30:00-04:00,0.4020000100135803,0.4020000100135803,0.38763800263404846,0.38763800263404846,404,0.0,0.0
2023-08-11 10:30:00-04:00,0.39989998936653137,0.39989998936653137,0.39989998936653137,0.39989998936653137,134,0.0,0.0
2023-08-11 13:30:00-04:00,0.39239999651908875,0.39239999651908875,0.39239999651908875,0.39239999651908875,100,0.0,0.0
2023-08-11 14:30:00-04:00,0.4000000059604645,0.4000000059604645,0.4000000059604645,0.4000000059604645,377,0.0,0.0
2023-08-11 15:30:00-04:00,0.39100000262260437,0.39980000257492065,0.390500009059906,0.39980000257492065,435,0.0,0.0
2023-08-14 09:30:00-04:00,0.38190001249313354,0.39989998936653137,0.38190001249313354,0.39980000257492065,4157,0.0,0.0
2023-08-14 10:30:00-04:00,0.39980000257492065,0.3998500108718872,0.3808009922504425,0.3808009922504425,4970,0.0,0.0
2023-08-14 11:30:00-04:00,0.39980000257492065,0.39980000257492065,0.39980000257492065,0.39980000257492065,161,0.0,0.0
2023-08-14 13:30:00-04:00,0.3808009922504425,0.38999998569488525,0.3808009922504425,0.38999998569488525,340,0.0,0.0
2023-08-14 14:30:00-04:00,0.3903999924659729,0.3903999924659729,0.3903999924659729,0.3903999924659729,100,0.0,0.0
2023-08-14 15:30:00-04:00,0.38100001215934753,0.39980000257492065,0.38100001215934753,0.38100001215934753,415,0.0,0.0
2023-08-15 09:30:00-04:00,0.3808000087738037,0.3808000087738037,0.3709999918937683,0.3806999921798706,16526,0.0,0.0
2023-08-15 10:30:00-04:00,0.379628986120224,0.379628986120224,0.379628986120224,0.379628986120224,865,0.0,0.0
2023-08-15 14:30:00-04:00,0.3790999948978424,0.3790999948978424,0.3790999948978424,0.3790999948978424,100,0.0,0.0
2023-08-15 15:30:00-04:00,0.3753499984741211,0.3783999979496002,0.3753499984741211,0.3783999979496002,0,0.0,0.0
2023-08-16 09:30:00-04:00,0.3458000123500824,0.37415099143981934,0.3458000123500824,0.36010000109672546,24898,0.0,0.0
2023-08-16 10:30:00-04:00,0.36010000109672546,0.36010000109672546,0.36010000109672546,0.36010000109672546,230,0.0,0.0
2023-08-16 11:30:00-04:00,0.36010000109672546,0.36010000109672546,0.3600960075855255,0.36010000109672546,10901,0.0,0.0
2023-08-16 14:30:00-04:00,0.36010000109672546,0.36010000109672546,0.36010000109672546,0.36010000109672546,621,0.0,0.0
2023-08-16 15:30:00-04:00,0.3612000048160553,0.3783999979496002,0.3612000048160553,0.3783999979496002,0,0.0,0.0
2023-08-17 09:30:00-04:00,0.3739610016345978,0.3780499994754791,0.37279999256134033,0.37279999256134033,1010,0.0,0.0
2023-08-17 10:30:00-04:00,0.37790000438690186,0.37790000438690186,0.37779998779296875,0.37779998779296875,287,0.0,0.0
2023-08-17 13:30:00-04:00,0.3734999895095825,0.374099999666214,0.3734999895095825,0.374099999666214,0,0.0,0.0
2023-08-18 09:30:00-04:00,0.36010000109672546,0.37400001287460327,0.36010000109672546,0.37400001287460327,646,0.0,0.0
2023-08-18 14:30:00-04:00,0.3654490113258362,0.36890000104904175,0.3654490113258362,0.36880001425743103,1504,0.0,0.0
2023-08-21 09:30:00-04:00,0.3506999909877777,0.3686000108718872,0.3504999876022339,0.35499998927116394,4172,0.0,0.0
2023-08-21 10:30:00-04:00,0.3588399887084961,0.359499990940094,0.3588399887084961,0.359499990940094,263,0.0,0.0
2023-08-21 11:30:00-04:00,0.35499998927116394,0.3552199900150299,0.35499998927116394,0.35499998927116394,5047,0.0,0.0
2023-08-21 12:30:00-04:00,0.352649986743927,0.3547999858856201,0.3499999940395355,0.3504999876022339,8185,0.0,0.0
2023-08-21 13:30:00-04:00,0.3400999903678894,0.349700003862381,0.3400999903678894,0.349700003862381,814,0.0,0.0
2023-08-21 14:30:00-04:00,0.3409999907016754,0.3569999933242798,0.3303000032901764,0.3467999994754791,52313,0.0,0.0
2023-08-21 15:30:00-04:00,0.3319999873638153,0.34689998626708984,0.3303999900817871,0.3467000126838684,0,0.0,0.0
2023-08-22 09:30:00-04:00,0.3465999960899353,0.3465999960899353,0.3447999954223633,0.3447999954223633,1036,0.0,0.0
2023-08-22 10:30:00-04:00,0.34299999475479126,0.34310001134872437,0.33309999108314514,0.33309999108314514,5439,0.0,0.0
2023-08-22 11:30:00-04:00,0.3330000042915344,0.3330000042915344,0.3303000032901764,0.3303000032901764,1109,0.0,0.0
2023-08-22 12:30:00-04:00,0.336899995803833,0.3398999869823456,0.336899995803833,0.3398999869823456,520,0.0,0.0
2023-08-22 13:30:00-04:00,0.3433000147342682,0.3433000147342682,0.3433000147342682,0.3433000147342682,182,0.0,0.0
2023-08-22 15:30:00-04:00,0.3368000090122223,0.3368000090122223,0.3368000090122223,0.3368000090122223,0,0.0,0.0
2023-08-23 09:30:00-04:00,0.3303000032901764,0.3303000032901764,0.3100999891757965,0.32100000977516174,3846,0.0,0.0
2023-08-23 10:30:00-04:00,0.3109999895095825,0.33500000834465027,0.3109999895095825,0.33500000834465027,1652,0.0,0.0
2023-08-23 11:30:00-04:00,0.33009999990463257,0.33009999990463257,0.31310001015663147,0.31310001015663147,4229,0.0,0.0
2023-08-23 13:30:00-04:00,0.3131999969482422,0.3287000060081482,0.3131999969482422,0.3287000060081482,1893,0.0,0.0
2023-08-23 14:30:00-04:00,0.3140000104904175,0.3149999976158142,0.3131999969482422,0.3131999969482422,3324,0.0,0.0
2023-08-23 15:30:00-04:00,0.3199999928474426,0.3199999928474426,0.3165999948978424,0.3165999948978424,0,0.0,0.0
2023-08-24 09:30:00-04:00,0.3131999969482422,0.3131999969482422,0.3019999861717224,0.3019999861717224,5436,0.0,0.0
2023-08-24 10:30:00-04:00,0.3197999894618988,0.3197999894618988,0.3052000105381012,0.319599986076355,4118,0.0,0.0
2023-08-24 11:30:00-04:00,0.3149999976158142,0.3199000060558319,0.3149999976158142,0.3199000060558319,2196,0.0,0.0
2023-08-24 12:30:00-04:00,0.3199999928474426,0.3199999928474426,0.3156999945640564,0.3199999928474426,1297,0.0,0.0
2023-08-24 13:30:00-04:00,0.3176000118255615,0.3176000118255615,0.3174999952316284,0.3174999952316284,260,0.0,0.0
2023-08-24 14:30:00-04:00,0.31619998812675476,0.3179999887943268,0.31619998812675476,0.3179999887943268,200,0.0,0.0
2023-08-24 15:30:00-04:00,0.31610000133514404,0.3199000060558319,0.31610000133514404,0.3199000060558319,0,0.0,0.0
2023-08-25 09:30:00-04:00,0.3172000050544739,0.3174999952316284,0.3142569959163666,0.3142569959163666,8116,0.0,0.0
2023-08-25 10:30:00-04:00,0.3072989881038666,0.3172000050544739,0.3027999997138977,0.3172000050544739,0,0.0,0.0
2023-08-25 11:30:00-04:00,0.30399999022483826,0.30399999022483826,0.3019999861717224,0.3019999861717224,20200,0.0,0.0
2023-08-25 12:30:00-04:00,0.3021000027656555,0.31679999828338623,0.3021000027656555,0.3093999922275543,1592,0.0,0.0
2023-08-25 13:30:00-04:00,0.3094500005245209,0.31679999828338623,0.3094500005245209,0.31679999828338623,725,0.0,0.0
2023-08-25 14:30:00-04:00,0.3021000027656555,0.31679999828338623,0.28049999475479126,0.3167000114917755,8873,0.0,0.0
2023-08-25 15:30:00-04:00,0.3167000114917755,0.31679999828338623,0.3167000114917755,0.31679999828338623,3210,0.0,0.0
2023-08-28 09:30:00-04:00,0.3156000077724457,0.31679999828338623,0.27300000190734863,0.28999999165534973,25214,0.0,0.0
2023-08-28 10:30:00-04:00,0.28999999165534973,0.28999999165534973,0.28760001063346863,0.28999999165534973,2482,0.0,0.0
2023-08-28 11:30:00-04:00,0.28989899158477783,0.289900004863739,0.275299996137619,0.2827500104904175,36965,0.0,0.0
2023-08-28 12:30:00-04:00,0.289900004863739,0.289900004863739,0.27730000019073486,0.2827500104904175,1017,0.0,0.0
2023-08-28 14:30:00-04:00,0.28999999165534973,0.28999999165534973,0.28999999165534973,0.28999999165534973,1679,0.0,0.0
2023-08-28 15:30:00-04:00,0.2800000011920929,0.289900004863739,0.27549999952316284,0.289900004863739,0,0.0,0.0
2023-08-29 09:30:00-04:00,0.32499998807907104,0.32499998807907104,0.2551000118255615,0.26499998569488525,102418,0.0,0.0
2023-08-29 10:30:00-04:00,0.26899999380111694,0.26899999380111694,0.26110100746154785,0.26179999113082886,6336,0.0,0.0
2023-08-29 11:30:00-04:00,0.26409998536109924,0.2980000078678131,0.26179999113082886,0.2980000078678131,4378,0.0,0.0
2023-08-29 12:30:00-04:00,0.28299999237060547,0.28299999237060547,0.27000001072883606,0.27000001072883606,1780,0.0,0.0
2023-08-29 13:30:00-04:00,0.26989999413490295,0.27000001072883606,0.26989999413490295,0.27000001072883606,1079,0.0,0.0
2023-08-29 14:30:00-04:00,0.2699989974498749,0.2699989974498749,0.2699989974498749,0.2699989974498749,416,0.0,0.0
2023-08-29 15:30:00-04:00,0.27000001072883606,0.27000001072883606,0.26649999618530273,0.27000001072883606,650,0.0,0.0
2023-08-30 09:30:00-04:00,0.26989901065826416,0.27300000190734863,0.26109999418258667,0.27300000190734863,1422,0.0,0.0
2023-08-30 10:30:00-04:00,0.27379900217056274,0.27390000224113464,0.2700999975204468,0.2720000147819519,3625,0.0,0.0
2023-08-30 11:30:00-04:00,0.27390000224113464,0.27390000224113464,0.2700999975204468,0.2736000120639801,24031,0.0,0.0
2023-08-30 12:30:00-04:00,0.27390000224113464,0.2802000045776367,0.27000001072883606,0.27000001072883606,20166,0.0,0.0
2023-08-30 13:30:00-04:00,0.2897000014781952,0.2969000041484833,0.2799000144004822,0.2969000041484833,62015,0.0,0.0
2023-08-30 14:30:00-04:00,0.2939000129699707,0.2939999997615814,0.28999999165534973,0.28999999165534973,1760,0.0,0.0
2023-08-30 15:30:00-04:00,0.28700000047683716,0.3109000027179718,0.28700000047683716,0.30400100350379944,0,0.0,0.0
2023-08-31 09:30:00-04:00,0.33399999141693115,0.33410000801086426,0.28540000319480896,0.28760001063346863,93923,0.0,0.0
2023-08-31 10:30:00-04:00,0.28760001063346863,0.30000001192092896,0.27549999952316284,0.30000001192092896,9936,0.0,0.0
2023-08-31 11:30:00-04:00,0.30000001192092896,0.30000001192092896,0.29319998621940613,0.29899999499320984,13237,0.0,0.0
2023-08-31 13:30:00-04:00,0.30000001192092896,0.3100000023841858,0.30000001192092896,0.3100000023841858,12113,0.0,0.0
2023-08-31 14:30:00-04:00,0.3098999857902527,0.3100000023841858,0.3098999857902527,0.3100000023841858,8860,0.0,0.0
2023-08-31 15:30:00-04:00,0.3100000023841858,0.3499999940395355,0.3034000098705292,0.32339999079704285,24827,0.0,0.0
2023-09-01 09:30:00-04:00,0.3100999891757965,0.36559998989105225,0.296099990606308,0.3140000104904175,33929,0.0,0.0
2023-09-01 10:30:00-04:00,0.32989999651908875,0.32999899983406067,0.30010101199150085,0.32999899983406067,1843,0.0,0.0
2023-09-01 11:30:00-04:00,0.3000999987125397,0.3000999987125397,0.30000001192092896,0.3000999987125397,17343,0.0,0.0
2023-09-01 12:30:00-04:00,0.2989000082015991,0.2989000082015991,0.2989000082015991,0.2989000082015991,106,0.0,0.0
2023-09-01 13:30:00-04:00,0.29989999532699585,0.3000999987125397,0.2989000082015991,0.2989000082015991,662,0.0,0.0
2023-09-01 14:30:00-04:00,0.29910001158714294,0.30000001192092896,0.29910001158714294,0.30000001192092896,740,0.0,0.0
2023-09-01 15:30:00-04:00,0.30000001192092896,0.325300008058548,0.30000001192092896,0.325300008058548,16001,0.0,0.0
2023-09-05 09:30:00-04:00,0.3199999928474426,0.34150001406669617,0.3199999928474426,0.33000001311302185,10174,0.0,0.0
2023-09-05 10:30:00-04:00,0.32499998807907104,0.32499998807907104,0.32499998807907104,0.32499998807907104,2096,0.0,0.0
2023-09-05 15:30:00-04:00,0.32499998807907104,0.32499998807907104,0.3001999855041504,0.30399999022483826,0,0.0,0.0
2023-09-06 09:30:00-04:00,0.3179999887943268,0.3179999887943268,0.3179999887943268,0.3179999887943268,581,0.0,0.0
2023-09-06 10:30:00-04:00,0.3246000111103058,0.3246000111103058,0.3246000111103058,0.3246000111103058,198,0.0,0.0
2023-09-06 11:30:00-04:00,0.3151000142097473,0.33000001311302185,0.3151000142097473,0.33000001311302185,1611,0.0,0.0
2023-09-06 12:30:00-04:00,0.3151009976863861,0.32255101203918457,0.3151009976863861,0.32255101203918457,1718,0.0,0.0
2023-09-06 14:30:00-04:00,0.3225499987602234,0.33000001311302185,0.3037000000476837,0.31200000643730164,3839,0.0,0.0
2023-09-06 15:30:00-04:00,0.3296999931335449,0.3319999873638153,0.3000999987125397,0.3000999987125397,0,0.0,0.0
2023-09-07 09:30:00-04:00,0.3449999988079071,0.3449999988079071,0.3000999987125397,0.3000999987125397,16357,0.0,0.0
2023-09-07 10:30:00-04:00,0.3000999987125397,0.30979999899864197,0.3000999987125397,0.3073999881744385,15844,0.0,0.0
2023-09-07 11:30:00-04:00,0.3073999881744385,0.33000001311302185,0.3073999881744385,0.33000001311302185,22969,0.0,0.0
2023-09-07 12:30:00-04:00,0.3111000061035156,0.32989999651908875,0.30730000138282776,0.32989999651908875,1209,0.0,0.0
2023-09-07 13:30:00-04:00,0.3249000012874603,0.33000001311302185,0.3249000012874603,0.33000001311302185,12356,0.0,0.0
2023-09-07 14:30:00-04:00,0.31859999895095825,0.33000001311302185,0.3003000020980835,0.33000001311302185,0,0.0,0.0
2023-09-08 09:30:00-04:00,0.32989999651908875,0.32989999651908875,0.32520100474357605,0.329800009727478,4023,0.0,0.0
2023-09-08 10:30:00-04:00,0.320499986410141,0.329800009727478,0.320499986410141,0.329800009727478,2200,0.0,0.0
2023-09-08 11:30:00-04:00,0.3206680119037628,0.3206680119037628,0.3199999928474426,0.3199999928474426,410,0.0,0.0
2023-09-08 12:30:00-04:00,0.3208000063896179,0.36800000071525574,0.3208000063896179,0.3472999930381775,43431,0.0,0.0
2023-09-08 13:30:00-04:00,0.3422499895095825,0.3422499895095825,0.3422499895095825,0.3422499895095825,465,0.0,0.0
2023-09-08 14:30:00-04:00,0.35989999771118164,0.35989999771118164,0.35989999771118164,0.35989999771118164,100,0.0,0.0
2023-09-08 15:30:00-04:00,0.3499000072479248,0.35989999771118164,0.34494999051094055,0.35499900579452515,16697,0.0,0.0
2023-09-11 09:30:00-04:00,0.30000001192092896,0.3562999963760376,0.30000001192092896,0.3499000072479248,10971,0.0,0.0
2023-09-11 11:30:00-04:00,0.3499000072479248,0.3499000072479248,0.3499000072479248,0.3499000072479248,1005,0.0,0.0
2023-09-11 12:30:00-04:00,0.3497990071773529,0.3497990071773529,0.3497990071773529,0.3497990071773529,1101,0.0,0.0
2023-09-11 14:30:00-04:00,0.3052000105381012,0.3497999906539917,0.3052000105381012,0.3497999906539917,1700,0.0,0.0
2023-09-11 15:30:00-04:00,0.349700003862381,0.3499999940395355,0.349700003862381,0.3499999940395355,643,0.0,0.0
2023-09-12 09:30:00-04:00,0.3499000072479248,0.3928000032901764,0.3427000045776367,0.3427000045776367,5988,0.0,0.0
2023-09-12 10:30:00-04:00,0.36980000138282776,0.36980000138282776,0.36980000138282776,0.36980000138282776,163,0.0,0.0
2023-09-12 14:30:00-04:00,0.35989999771118164,0.35989999771118164,0.35989999771118164,0.35989999771118164,313,0.0,0.0
2023-09-12 15:30:00-04:00,0.3512119948863983,0.3598000109195709,0.3391990065574646,0.3596999943256378,0,0.0,0.0
2023-09-13 09:30:00-04:00,0.3434000015258789,0.3776000142097473,0.3434000015258789,0.3776000142097473,11660,0.0,0.0
2023-09-13 10:30:00-04:00,0.3305000066757202,0.37700000405311584,0.3305000066757202,0.37700000405311584,3617,0.0,0.0
2023-09-13 11:30:00-04:00,0.3584989905357361,0.35850098729133606,0.3584989905357361,0.35850098729133606,300,0.0,0.0
2023-09-13 12:30:00-04:00,0.34709998965263367,0.3497999906539917,0.3310000002384186,0.34049999713897705,24536,0.0,0.0
2023-09-13 13:30:00-04:00,0.3310999870300293,0.3499000072479248,0.3310999870300293,0.3499000072479248,393,0.0,0.0
2023-09-13 14:30:00-04:00,0.3499999940395355,0.3499999940395355,0.3248000144958496,0.3400999903678894,22175,0.0,0.0
2023-09-13 15:30:00-04:00,0.3400000035762787,0.3400000035762787,0.3400000035762787,0.3400000035762787,0,0.0,0.0
2023-09-14 09:30:00-04:00,0.36899998784065247,0.36899998784065247,0.3424000144004822,0.36890000104904175,590,0.0,0.0
2023-09-14 12:30:00-04:00,0.34375,0.3499000072479248,0.34375,0.3499000072479248,799,0.0,0.0
2023-09-14 14:30:00-04:00,0.3449000120162964,0.3449000120162964,0.3149999976158142,0.3149999976158142,7308,0.0,0.0
2023-09-14 15:30:00-04:00,0.30790001153945923,0.3499999940395355,0.3077000081539154,0.3499999940395355,0,0.0,0.0
2023-09-15 09:30:00-04:00,0.3257000148296356,0.3698900043964386,0.3143010139465332,0.36980000138282776,12087,0.0,0.0
2023-09-15 10:30:00-04:00,0.34773099422454834,0.34773099422454834,0.34773099422454834,0.34773099422454834,233,0.0,0.0
2023-09-15 11:30:00-04:00,0.32019999623298645,0.3398999869823456,0.32019999623298645,0.3398999869823456,1701,0.0,0.0
2023-09-15 12:30:00-04:00,0.33000001311302185,0.3490000069141388,0.33000001311302185,0.3490000069141388,401,0.0,0.0
2023-09-15 13:30:00-04:00,0.33000001311302185,0.3490000069141388,0.33000001311302185,0.3490000069141388,400,0.0,0.0
2023-09-15 14:30:00-04:00,0.3395000100135803,0.3488999903202057,0.3395000100135803,0.3488999903202057,467,0.0,0.0
2023-09-18 09:30:00-04:00,0.35089999437332153,0.36980000138282776,0.3100000023841858,0.32989999651908875,32756,0.0,0.0
2023-09-18 10:30:00-04:00,0.3528999984264374,0.3528999984264374,0.3199999928474426,0.35120001435279846,1323,0.0,0.0
2023-09-18 11:30:00-04:00,0.3199999928474426,0.3399899899959564,0.3199999928474426,0.3199999928474426,2030,0.0,0.0
2023-09-18 12:30:00-04:00,0.32965001463890076,0.3393000066280365,0.3199999928474426,0.3246000111103058,1200,0.0,0.0
2023-09-18 13:30:00-04:00,0.32339999079704285,0.32350000739097595,0.32339999079704285,0.32339999079704285,5805,0.0,0.0
2023-09-18 14:30:00-04:00,0.32339999079704285,0.32339999079704285,0.32339999079704285,0.32339999079704285,1118,0.0,0.0
2023-09-18 15:30:00-04:00,0.32339999079704285,0.32359999418258667,0.32339999079704285,0.32359999418258667,0,0.0,0.0
2023-09-19 09:30:00-04:00,0.3499999940395355,0.3499999940395355,0.3499999940395355,0.3499999940395355,300,0.0,0.0
2023-09-19 10:30:00-04:00,0.3425000011920929,0.3425000011920929,0.3400000035762787,0.3400000035762787,477,0.0,0.0
2023-09-19 11:30:00-04:00,0.32499998807907104,0.3346000015735626,0.32499998807907104,0.3346000015735626,1400,0.0,0.0
2023-09-19 12:30:00-04:00,0.32499998807907104,0.329800009727478,0.32499998807907104,0.329800009727478,317,0.0,0.0
2023-09-19 15:30:00-04:00,0.32499998807907104,0.329800009727478,0.32499998807907104,0.32499998807907104,0,0.0,0.0
2023-09-20 09:30:00-04:00,0.3059999942779541,0.32989999651908875,0.3059999942779541,0.32989999651908875,2001,0.0,0.0
2023-09-20 10:30:00-04:00,0.3061000108718872,0.3197999894618988,0.3061000108718872,0.3197999894618988,1671,0.0,0.0
2023-09-20 12:30:00-04:00,0.31999900937080383,0.31999900937080383,0.31999900937080383,0.31999900937080383,431,0.0,0.0
2023-09-20 14:30:00-04:00,0.3061000108718872,0.3199999928474426,0.3061000108718872,0.31999900937080383,819,0.0,0.0
2023-09-20 15:30:00-04:00,0.3061000108718872,0.3296999931335449,0.3061000108718872,0.3296999931335449,0,0.0,0.0
2023-09-21 09:30:00-04:00,0.3100000023841858,0.32499998807907104,0.3100000023841858,0.32499998807907104,707,0.0,0.0
2023-09-21 10:30:00-04:00,0.3059999942779541,0.32499998807907104,0.3059999942779541,0.32499998807907104,649,0.0,0.0
2023-09-21 11:30:00-04:00,0.3127000033855438,0.3127000033855438,0.3000999987125397,0.3000999987125397,937,0.0,0.0
2023-09-21 12:30:00-04:00,0.30000001192092896,0.31189998984336853,0.30000001192092896,0.31189998984336853,705,0.0,0.0
2023-09-21 13:30:00-04:00,0.31199899315834045,0.31200000643730164,0.31199899315834045,0.31200000643730164,1100,0.0,0.0
2023-09-21 14:30:00-04:00,0.2989000082015991,0.31189998984336853,0.2989000082015991,0.299001008272171,1236,0.0,0.0
2023-09-21 15:30:00-04:00,0.3054490089416504,0.31200000643730164,0.3054490089416504,0.31200000643730164,0,0.0,0.0
2023-09-22 09:30:00-04:00,0.2989000082015991,0.2989000082015991,0.2989000082015991,0.2989000082015991,6320,0.0,0.0
2023-09-22 10:30:00-04:00,0.2849999964237213,0.29750001430511475,0.2849999964237213,0.29750001430511475,1622,0.0,0.0
2023-09-22 11:30:00-04:00,0.29750001430511475,0.3037000000476837,0.29750001430511475,0.3037000000476837,434,0.0,0.0
2023-09-22 14:30:00-04:00,0.3100000023841858,0.3100000023841858,0.30000001192092896,0.30000001192092896,709,0.0,0.0
2023-09-22 15:30:00-04:00,0.30979999899864197,0.30979999899864197,0.30979999899864197,0.30979999899864197,100,0.0,0.0
2023-09-25 09:30:00-04:00,0.3050000071525574,0.3050000071525574,0.3050000071525574,0.3050000071525574,3273,0.0,0.0
2023-09-25 11:30:00-04:00,0.3089999854564667,0.3089999854564667,0.3089999854564667,0.3089999854564667,500,0.0,0.0
2023-09-25 15:30:00-04:00,0.3000999987125397,0.3001999855041504,0.30000001192092896,0.30000001192092896,0,0.0,0.0
2023-09-26 10:30:00-04:00,0.30000001192092896,0.30979999899864197,0.30000001192092896,0.30979999899864197,4449,0.0,0.0
2023-09-26 11:30:00-04:00,0.30000001192092896,0.30000001192092896,0.30000001192092896,0.30000001192092896,2459,0.0,0.0
2023-09-26 12:30:00-04:00,0.2953999936580658,0.30799999833106995,0.2810010015964508,0.2810010015964508,24200,0.0,0.0
2023-09-26 13:30:00-04:00,0.3075999915599823,0.3075999915599823,0.307233989238739,0.307233989238739,2135,0.0,0.0
2023-09-26 15:30:00-04:00,0.30320000648498535,0.30489999055862427,0.30320000648498535,0.30489999055862427,0,0.0,0.0
2023-09-27 09:30:00-04:00,0.29499998688697815,0.3075000047683716,0.29499998688697815,0.29510098695755005,89341,0.0,0.0
2023-09-27 10:30:00-04:00,0.3070000112056732,0.3070000112056732,0.3070000112056732,0.3070000112056732,217,0.0,0.0
2023-09-27 11:30:00-04:00,0.2973560094833374,0.30174899101257324,0.2973560094833374,0.30174899101257324,411,0.0,0.0
2023-09-27 13:30:00-04:00,0.3050000071525574,0.33000001311302185,0.30485498905181885,0.33000001311302185,18719,0.0,0.0
2023-09-27 14:30:00-04:00,0.31829899549484253,0.31829899549484253,0.31829899549484253,0.31829899549484253,646,0.0,0.0
2023-09-27 15:30:00-04:00,0.3345000147819519,0.3346000015735626,0.3345000147819519,0.3346000015735626,0,0.0,0.0
2023-09-28 09:30:00-04:00,0.375,0.375,0.3012009859085083,0.3219990134239197,14330,0.0,0.0
2023-09-28 10:30:00-04:00,0.3399989902973175,0.3399989902973175,0.30140000581741333,0.33899998664855957,18106,0.0,0.0
2023-09-28 11:30:00-04:00,0.30160000920295715,0.3398999869823456,0.3012000024318695,0.31619998812675476,16801,0.0,0.0
2023-09-28 13:30:00-04:00,0.31619998812675476,0.3240000009536743,0.28850001096725464,0.3240000009536743,7110,0.0,0.0
2023-09-28 15:30:00-04:00,0.3398999869823456,0.3400000035762787,0.3240000009536743,0.33899998664855957,0,0.0,0.0
2023-09-29 09:30:00-04:00,0.35589998960494995,0.35589998960494995,0.301800012588501,0.3234489858150482,7318,0.0,0.0
2023-09-29 10:30:00-04:00,0.31709998846054077,0.3249000012874603,0.31690001487731934,0.3249000012874603,5700,0.0,0.0
2023-09-29 11:30:00-04:00,0.32089900970458984,0.32089900970458984,0.32089900970458984,0.32089900970458984,356,0.0,0.0
2023-09-29 12:30:00-04:00,0.3249000012874603,0.3249000012874603,0.3249000012874603,0.3249000012874603,199,0.0,0.0
2023-09-29 13:30:00-04:00,0.3199999928474426,0.3199999928474426,0.31690001487731934,0.3199000060558319,4234,0.0,0.0
2023-09-29 14:30:00-04:00,0.31979900598526,0.3249000012874603,0.31979900598526,0.3247990012168884,2310,0.0,0.0
2023-09-29 15:30:00-04:00,0.32499998807907104,0.33000001311302185,0.32499998807907104,0.33000001311302185,3368,0.0,0.0
2023-10-02 09:30:00-04:00,0.3465000092983246,0.3465000092983246,0.3449999988079071,0.3449999988079071,2190,0.0,0.0
2023-10-02 11:30:00-04:00,0.33000001311302185,0.33180001378059387,0.33000001311302185,0.33090001344680786,2374,0.0,0.0
2023-10-02 13:30:00-04:00,0.33000001311302185,0.33000001311302185,0.33000001311302185,0.33000001311302185,449,0.0,0.0
2023-10-02 15:30:00-04:00,0.33000001311302185,0.3449000120162964,0.33000001311302185,0.3449000120162964,0,0.0,0.0
2023-10-03 09:30:00-04:00,0.33000001311302185,0.33000001311302185,0.33000001311302185,0.33000001311302185,371,0.0,0.0
2023-10-03 10:30:00-04:00,0.33000001311302185,0.3449000120162964,0.33000001311302185,0.3440000116825104,1085,0.0,0.0
2023-10-03 12:30:00-04:00,0.3440000116825104,0.3440000116825104,0.3440000116825104,0.3440000116825104,0,0.0,0.0
2023-10-04 09:30:00-04:00,0.33000001311302185,0.3499000072479248,0.33000001311302185,0.3497999906539917,6626,0.0,0.0
2023-10-04 11:30:00-04:00,0.33000001311302185,0.3497999906539917,0.33000001311302185,0.3497999906539917,8590,0.0,0.0
2023-10-04 12:30:00-04:00,0.33000001311302185,0.3497999906539917,0.3100000023841858,0.3314000070095062,32420,0.0,0.0
2023-10-04 13:30:00-04:00,0.3102000057697296,0.34700000286102295,0.3102000057697296,0.34700000286102295,2371,0.0,0.0
2023-10-04 14:30:00-04:00,0.3257000148296356,0.34200000762939453,0.3257000148296356,0.34200000762939453,0,0.0,0.0
2023-10-05 09:30:00-04:00,0.3100999891757965,0.32910001277923584,0.3100000023841858,0.3100999891757965,1539,0.0,0.0
2023-10-05 10:30:00-04:00,0.3481000065803528,0.3481999933719635,0.3481000065803528,0.3481999933719635,601,0.0,0.0
2023-10-05 11:30:00-04:00,0.3257000148296356,0.3257000148296356,0.3257000148296356,0.3257000148296356,1888,0.0,0.0
2023-10-05 12:30:00-04:00,0.3481999933719635,0.3481999933719635,0.3100000023841858,0.3481999933719635,0,0.0,0.0
2023-10-06 09:30:00-04:00,0.3499999940395355,0.3499999940395355,0.3400000035762787,0.34999901056289673,573,0.0,0.0
2023-10-06 13:30:00-04:00,0.33489999175071716,0.33489999175071716,0.33489999175071716,0.33489999175071716,132,0.0,0.0
2023-10-06 14:30:00-04:00,0.33000001311302185,0.33959999680519104,0.33000001311302185,0.33959999680519104,2448,0.0,0.0
2023-10-06 15:30:00-04:00,0.33000001311302185,0.33000001311302185,0.33000001311302185,0.33000001311302185,200,0.0,0.0
2023-10-09 09:30:00-04:00,0.33000001311302185,0.33000001311302185,0.3287000060081482,0.3287000060081482,4187,0.0,0.0
2023-10-09 10:30:00-04:00,0.3499000072479248,0.3499000072479248,0.3499000072479248,0.3499000072479248,106,0.0,0.0
2023-10-09 12:30:00-04:00,0.3287000060081482,0.3287000060081482,0.3287000060081482,0.3287000060081482,695,0.0,0.0
2023-10-09 15:30:00-04:00,0.3499000072479248,0.3499000072479248,0.3499000072479248,0.3499000072479248,0,0.0,0.0
2023-10-10 09:30:00-04:00,0.33000001311302185,0.33000001311302185,0.3287000060081482,0.3287000060081482,542,0.0,0.0
2023-10-10 10:30:00-04:00,0.3288010060787201,0.33500000834465027,0.3287000060081482,0.33500000834465027,2900,0.0,0.0
2023-10-10 11:30:00-04:00,0.3287000060081482,0.3287000060081482,0.3287000060081482,0.3287000060081482,200,0.0,0.0
2023-10-10 12:30:00-04:00,0.33899998664855957,0.33899998664855957,0.33434900641441345,0.33434900641441345,647,0.0,0.0
2023-10-10 14:30:00-04:00,0.3287000060081482,0.3287000060081482,0.3287000060081482,0.3287000060081482,1276,0.0,0.0
2023-10-10 15:30:00-04:00,0.3287000060081482,0.32989999651908875,0.3149999976158142,0.32989999651908875,455,0.0,0.0
2023-10-11 09:30:00-04:00,0.3400000035762787,0.3400000035762787,0.3149999976158142,0.3398990035057068,4411,0.0,0.0
2023-10-11 10:30:00-04:00,0.3156220018863678,0.3274500072002411,0.3156220018863678,0.3274500072002411,708,0.0,0.0
2023-10-11 11:30:00-04:00,0.32249999046325684,0.32249999046325684,0.3224000036716461,0.3224000036716461,314,0.0,0.0
2023-10-11 15:30:00-04:00,0.32600000500679016,0.3294999897480011,0.32600000500679016,0.3294999897480011,0,0.0,0.0
2023-10-12 09:30:00-04:00,0.3418999910354614,0.3418999910354614,0.32260000705718994,0.3398990035057068,2326,0.0,0.0
2023-10-12 10:30:00-04:00,0.33803701400756836,0.33803701400756836,0.33803701400756836,0.33803701400756836,1530,0.0,0.0
2023-10-12 12:30:00-04:00,0.32260000705718994,0.33899998664855957,0.32260000705718994,0.33889999985694885,624,0.0,0.0
2023-10-12 13:30:00-04:00,0.35989999771118164,0.35989999771118164,0.3447999954223633,0.35989999771118164,666,0.0,0.0
2023-10-12 15:30:00-04:00,0.3260999917984009,0.36000001430511475,0.3199999928474426,0.34299999475479126,14230,0.0,0.0
2023-10-13 09:30:00-04:00,0.36010000109672546,0.36010000109672546,0.3239000141620636,0.3240000009536743,3546,0.0,0.0
2023-10-13 10:30:00-04:00,0.33500000834465027,0.33500000834465027,0.33500000834465027,0.33500000834465027,796,0.0,0.0
2023-10-13 11:30:00-04:00,0.3199999928474426,0.3199999928474426,0.31529998779296875,0.31529998779296875,930,0.0,0.0
2023-10-13 12:30:00-04:00,0.3226499855518341,0.33000001311302185,0.3226499855518341,0.33000001311302185,360,0.0,0.0
2023-10-13 13:30:00-04:00,0.33000001311302185,0.33000001311302185,0.3174000084400177,0.3174000084400177,1269,0.0,0.0
2023-10-13 14:30:00-04:00,0.33000001311302185,0.33000001311302185,0.3199999928474426,0.33000001311302185,4022,0.0,0.0
2023-10-13 15:30:00-04:00,0.3296999931335449,0.3490000069141388,0.3296999931335449,0.3490000069141388,717,0.0,0.0
2023-10-16 09:30:00-04:00,0.33889999985694885,0.35989999771118164,0.33500000834465027,0.3449999988079071,3847,0.0,0.0
2023-10-16 10:30:00-04:00,0.33500000834465027,0.3547999858856201,0.33500000834465027,0.3547999858856201,295,0.0,0.0
2023-10-16 11:30:00-04:00,0.33500000834465027,0.35249999165534973,0.33000001311302185,0.352400004863739,13738,0.0,0.0
2023-10-16 12:30:00-04:00,0.33010101318359375,0.3490000069141388,0.33000001311302185,0.3490000069141388,0,0.0,0.0
2023-10-17 09:30:00-04:00,0.33000001311302185,0.3499999940395355,0.33000001311302185,0.3499999940395355,574,0.0,0.0
2023-10-17 10:30:00-04:00,0.3426010012626648,0.35510000586509705,0.33000001311302185,0.35510000586509705,1371,0.0,0.0
2023-10-17 11:30:00-04:00,0.33250001072883606,0.35510000586509705,0.33250001072883606,0.35510000586509705,879,0.0,0.0
2023-10-17 12:30:00-04:00,0.335099995136261,0.3399989902973175,0.33504998683929443,0.33504998683929443,830,0.0,0.0
2023-10-17 13:30:00-04:00,0.3400000035762787,0.3725000023841858,0.3400000035762787,0.3725000023841858,42703,0.0,0.0
2023-10-17 14:30:00-04:00,0.3400000035762787,0.39899998903274536,0.31529998779296875,0.39899998903274536,44030,0.0,0.0
2023-10-17 15:30:00-04:00,0.35109999775886536,0.39899998903274536,0.35109999775886536,0.39890000224113464,0,0.0,0.0
2023-10-18 09:30:00-04:00,0.4000000059604645,0.4244999885559082,0.3720000088214874,0.4000000059604645,177490,0.0,0.0
2023-10-18 10:30:00-04:00,0.4000000059604645,0.4187999963760376,0.35010001063346863,0.38999998569488525,63550,0.0,0.0
2023-10-18 11:30:00-04:00,0.3650999963283539,0.3650999963283539,0.3650999963283539,0.3650999963283539,515,0.0,0.0
2023-10-18 12:30:00-04:00,0.37400001287460327,0.37400001287460327,0.3650999963283539,0.365200012922287,13042,0.0,0.0
2023-10-18 13:30:00-04:00,0.3700999915599823,0.3700999915599823,0.3650999963283539,0.3650999963283539,4656,0.0,0.0
2023-10-18 14:30:00-04:00,0.365200012922287,0.365200012922287,0.3650999963283539,0.3650999963283539,4681,0.0,0.0
2023-10-18 15:30:00-04:00,0.3650999963283539,0.38350000977516174,0.3650999963283539,0.3650999963283539,0,0.0,0.0
2023-10-19 09:30:00-04:00,0.3499999940395355,0.382099986076355,0.32499998807907104,0.3400000035762787,8924,0.0,0.0
2023-10-19 10:30:00-04:00,0.3400000035762787,0.3400000035762787,0.32499998807907104,0.32499998807907104,44351,0.0,0.0
2023-10-19 11:30:00-04:00,0.3278999924659729,0.33000001311302185,0.3278999924659729,0.33000001311302185,8758,0.0,0.0
2023-10-19 12:30:00-04:00,0.33000001311302185,0.3400000035762787,0.3249000012874603,0.3400000035762787,44349,0.0,0.0
2023-10-19 13:30:00-04:00,0.3190000057220459,0.3398999869823456,0.3190000057220459,0.3398999869823456,1011,0.0,0.0
2023-10-19 14:30:00-04:00,0.3301999866962433,0.3399989902973175,0.3301999866962433,0.3399989902973175,1200,0.0,0.0
2023-10-19 15:30:00-04:00,0.33489999175071716,0.33970001339912415,0.3199999928474426,0.33889999985694885,3272,0.0,0.0
2023-10-20 09:30:00-04:00,0.32199999690055847,0.32199999690055847,0.3160000145435333,0.3160000145435333,742,0.0,0.0
2023-10-20 10:30:00-04:00,0.3269999921321869,0.3736000061035156,0.3181000053882599,0.3467000126838684,8778,0.0,0.0
2023-10-20 11:30:00-04:00,0.37369999289512634,0.37369999289512634,0.3179999887943268,0.37369999289512634,11585,0.0,0.0
2023-10-20 13:30:00-04:00,0.3199999928474426,0.3736000061035156,0.3199999928474426,0.32829999923706055,1608,0.0,0.0
2023-10-20 14:30:00-04:00,0.36000001430511475,0.36000001430511475,0.36000001430511475,0.36000001430511475,200,0.0,0.0
2023-10-20 15:30:00-04:00,0.342974990606308,0.35269999504089355,0.32019999623298645,0.35269999504089355,1010,0.0,0.0
2023-10-23 09:30:00-04:00,0.334199994802475,0.35089999437332153,0.334199994802475,0.3400000035762787,2481,0.0,0.0
2023-10-23 10:30:00-04:00,0.3400000035762787,0.35269999504089355,0.3400000035762787,0.35269999504089355,516,0.0,0.0
2023-10-23 11:30:00-04:00,0.3400000035762787,0.3499999940395355,0.32199999690055847,0.3499999940395355,3086,0.0,0.0
2023-10-23 12:30:00-04:00,0.3221000134944916,0.335999995470047,0.3221000134944916,0.335999995470047,1472,0.0,0.0
2023-10-23 13:30:00-04:00,0.34950000047683716,0.34950000047683716,0.34950000047683716,0.34950000047683716,0,0.0,0.0
2023-10-24 10:30:00-04:00,0.32199999690055847,0.3698999881744385,0.32199999690055847,0.322299987077713,755,0.0,0.0
2023-10-24 11:30:00-04:00,0.3231000006198883,0.3700000047683716,0.3231000006198883,0.3628999888896942,9266,0.0,0.0
2023-10-24 12:30:00-04:00,0.36250001192092896,0.36250001192092896,0.36250001192092896,0.36250001192092896,691,0.0,0.0
2023-10-24 14:30:00-04:00,0.3391999900341034,0.35350000858306885,0.3391999900341034,0.35350000858306885,618,0.0,0.0
2023-10-24 15:30:00-04:00,0.3391999900341034,0.3580000102519989,0.3391999900341034,0.3580000102519989,0,0.0,0.0
2023-10-25 09:30:00-04:00,0.3388490080833435,0.3579989969730377,0.3388490080833435,0.3579989969730377,405,0.0,0.0
2023-10-25 10:30:00-04:00,0.32700100541114807,0.3580000102519989,0.32700100541114807,0.3580000102519989,402,0.0,0.0
2023-10-25 11:30:00-04:00,0.3578999936580658,0.3578999936580658,0.3499999940395355,0.3499999940395355,2032,0.0,0.0
2023-10-25 12:30:00-04:00,0.34999901056289673,0.34999901056289673,0.3301999866962433,0.3301999866962433,600,0.0,0.0
2023-10-25 13:30:00-04:00,0.3499999940395355,0.3499999940395355,0.3499999940395355,0.3499999940395355,100,0.0,0.0
2023-10-25 14:30:00-04:00,0.3400000035762787,0.3499999940395355,0.3400000035762787,0.3400000035762787,646,0.0,0.0
2023-10-25 15:30:00-04:00,0.3499999940395355,0.3499999940395355,0.3499999940395355,0.3499999940395355,1700,0.0,0.0
2023-10-26 09:30:00-04:00,0.3352000117301941,0.3580000102519989,0.3262999951839447,0.3330000042915344,1962,0.0,0.0
2023-10-26 10:30:00-04:00,0.349700003862381,0.3578999936580658,0.349700003862381,0.35690000653266907,1998,0.0,0.0
2023-10-26 11:30:00-04:00,0.3484500050544739,0.3578000068664551,0.33320000767707825,0.3340499997138977,28002,0.0,0.0
2023-10-26 12:30:00-04:00,0.33410000801086426,0.3431999981403351,0.3199999928474426,0.3240000009536743,48589,0.0,0.0
2023-10-26 13:30:00-04:00,0.3240000009536743,0.3422999978065491,0.3183499872684479,0.33869901299476624,55937,0.0,0.0
2023-10-26 14:30:00-04:00,0.3357999920845032,0.3422999978065491,0.3239000141620636,0.3336000144481659,39881,0.0,0.0
2023-10-26 15:30:00-04:00,0.3370000123977661,3.0280001163482666,0.3027999997138977,3.0280001163482666,0,0.0,0.0
2023-10-27 09:30:00-04:00,2.5999999046325684,2.5999999046325684,2.0701000690460205,2.359999895095825,23228,0.0,0.0
2023-10-27 10:30:00-04:00,2.359999895095825,2.4100000858306885,2.2600998878479004,2.2600998878479004,10661,0.0,0.0
2023-10-27 11:30:00-04:00,2.2739999294281006,2.2739999294281006,2.119999885559082,2.119999885559082,2316,0.0,0.0
2023-10-27 12:30:00-04:00,2.3399999141693115,2.3399999141693115,2.317699909210205,2.317699909210205,472,0.0,0.0
2023-10-27 13:30:00-04:00,2.190000057220459,2.2007999420166016,2.1600000858306885,2.2007999420166016,967,0.0,0.0
2023-10-27 14:30:00-04:00,2.1912999153137207,2.1912999153137207,2.1500000953674316,2.1500000953674316,660,0.0,0.0
2023-10-27 15:30:00-04:00,2.125,2.200000047683716,2.125,2.200000047683716,593,0.0,0.0
2023-10-30 09:30:00-04:00,2.009999990463257,2.0999999046325684,1.7999999523162842,1.8940999507904053,9223,0.0,0.0
2023-10-30 10:30:00-04:00,1.8799999952316284,1.8799999952316284,1.500100016593933,1.6449999809265137,7783,0.0,0.0
2023-10-30 11:30:00-04:00,1.7200000286102295,1.7898999452590942,1.2999000549316406,1.4600000381469727,13402,0.0,0.0
2023-10-30 12:30:00-04:00,1.468000054359436,1.4700000286102295,1.468000054359436,1.4700000286102295,1982,0.0,0.0
2023-10-30 13:30:00-04:00,1.4850000143051147,1.5260000228881836,1.4701000452041626,1.5,1663,0.0,0.0
2023-10-30 14:30:00-04:00,1.4701000452041626,1.499899983406067,1.399999976158142,1.399999976158142,2109,0.0,0.0
2023-10-30 15:30:00-04:00,1.4199999570846558,1.434999942779541,1.4198999404907227,1.434999942779541,1622,0.0,0.0
2023-10-31 09:30:00-04:00,1.4800000190734863,2.299999952316284,1.4800000190734863,2.299999952316284,122936,0.0,0.0
2023-10-31 10:30:00-04:00,2.609999895095825,2.759999990463257,1.7999999523162842,1.8701000213623047,2071171,0.0,0.0
2023-10-31 11:30:00-04:00,1.8799999952316284,1.9399000406265259,1.690000057220459,1.7654999494552612,274459,0.0,0.0
2023-10-31 12:30:00-04:00,1.7630000114440918,1.940000057220459,1.75,1.8899999856948853,106503,0.0,0.0
2023-10-31 13:30:00-04:00,1.8799999952316284,1.8899999856948853,1.5800000429153442,1.7200000286102295,95269,0.0,0.0
2023-10-31 14:30:00-04:00,1.7200000286102295,2.0,1.6799999475479126,1.947100043296814,161711,0.0,0.0
2023-10-31 15:30:00-04:00,1.9412000179290771,2.0,1.7999999523162842,1.9900000095367432,92972,0.0,0.0
2023-11-01 09:30:00-04:00,1.899999976158142,1.899999976158142,1.600000023841858,1.6699999570846558,49630,0.0,0.0
2023-11-01 10:30:00-04:00,1.600000023841858,1.7599999904632568,1.600000023841858,1.690000057220459,8562,0.0,0.0
2023-11-01 11:30:00-04:00,1.7300000190734863,1.75,1.600100040435791,1.690000057220459,13304,0.0,0.0
2023-11-01 12:30:00-04:00,1.600100040435791,1.75,1.600100040435791,1.75,1180,0.0,0.0
2023-11-01 13:30:00-04:00,1.7003999948501587,1.7100000381469727,1.7000000476837158,1.7000000476837158,1957,0.0,0.0
2023-11-01 14:30:00-04:00,1.690000057220459,1.690000057220459,1.6401000022888184,1.6401000022888184,1111,0.0,0.0
2023-11-01 15:30:00-04:00,1.690000057220459,1.75,1.6699999570846558,1.6799999475479126,16249,0.0,0.0
2023-11-02 09:30:00-04:00,1.6699999570846558,1.7100000381469727,1.6299999952316284,1.6299999952316284,12650,0.0,0.0
2023-11-02 10:30:00-04:00,1.7482999563217163,1.7482999563217163,1.6699999570846558,1.6800999641418457,4674,0.0,0.0
2023-11-02 11:30:00-04:00,1.7200000286102295,1.7200000286102295,1.7200000286102295,1.7200000286102295,296,0.0,0.0
2023-11-02 12:30:00-04:00,1.7200000286102295,1.7200000286102295,1.7200000286102295,1.7200000286102295,208,0.0,0.0
2023-11-02 13:30:00-04:00,1.7100000381469727,1.7999999523162842,1.649999976158142,1.7999999523162842,19292,0.0,0.0
2023-11-02 14:30:00-04:00,1.7799999713897705,1.8799999952316284,1.7300000190734863,1.8634999990463257,22530,0.0,0.0
2023-11-02 15:30:00-04:00,1.8600000143051147,1.8700000047683716,1.7699999809265137,1.8700000047683716,12273,0.0,0.0
2023-11-03 09:30:00-04:00,1.940000057220459,2.0199999809265137,1.7799999713897705,2.009999990463257,17052,0.0,0.0
2023-11-03 10:30:00-04:00,1.9199999570846558,1.9700000286102295,1.8300000429153442,1.9700000286102295,4721,0.0,0.0
2023-11-03 11:30:00-04:00,1.899999976158142,1.9700000286102295,1.899999976158142,1.9700000286102295,1434,0.0,0.0
2023-11-03 12:30:00-04:00,1.8308000564575195,1.9700000286102295,1.8308000564575195,1.940000057220459,2229,0.0,0.0
2023-11-03 13:30:00-04:00,1.8625999689102173,1.9199999570846558,1.8625999689102173,1.9199999570846558,1453,0.0,0.0
2023-11-03 14:30:00-04:00,1.875,1.909999966621399,1.850100040435791,1.909999966621399,4237,0.0,0.0
2023-11-03 15:30:00-04:00,1.899999976158142,1.899999976158142,1.850000023841858,1.850000023841858,3526,0.0,0.0
2023-11-06 09:30:00-05:00,1.8300000429153442,1.840000033378601,1.7000000476837158,1.7300000190734863,5329,0.0,0.0
2023-11-06 10:30:00-05:00,1.75,1.75,1.75,1.75,362,0.0,0.0
2023-11-06 11:30:00-05:00,1.75,1.8095999956130981,1.75,1.7999999523162842,2102,0.0,0.0
2023-11-06 13:30:00-05:00,1.7450000047683716,1.7450000047683716,1.7450000047683716,1.7450000047683716,418,0.0,0.0
2023-11-06 15:30:00-05:00,1.7200000286102295,1.7899999618530273,1.7200000286102295,1.7400000095367432,0,0.0,0.0
2023-11-07 09:30:00-05:00,1.6699999570846558,1.7300000190734863,1.659999966621399,1.659999966621399,820,0.0,0.0
2023-11-07 10:30:00-05:00,1.819000005722046,1.819000005722046,1.7400000095367432,1.7999999523162842,1250,0.0,0.0
2023-11-07 11:30:00-05:00,1.7999999523162842,1.8200000524520874,1.7599999904632568,1.809999942779541,2917,0.0,0.0
2023-11-07 12:30:00-05:00,1.809999942779541,1.809999942779541,1.7999999523162842,1.809999942779541,1743,0.0,0.0
2023-11-07 13:30:00-05:00,1.7599999904632568,1.809999942779541,1.7599999904632568,1.809999942779541,1479,0.0,0.0
2023-11-07 14:30:00-05:00,1.7699999809265137,1.809999942779541,1.7699999809265137,1.809999942779541,1057,0.0,0.0
2023-11-07 15:30:00-05:00,1.8100999593734741,1.850000023841858,1.8100999593734741,1.850000023841858,0,0.0,0.0
2023-11-08 09:30:00-05:00,1.7400000095367432,1.7400000095367432,1.6699999570846558,1.7000000476837158,1036,0.0,0.0
2023-11-08 10:30:00-05:00,1.7278000116348267,1.7278000116348267,1.7278000116348267,1.7278000116348267,216,0.0,0.0
2023-11-08 11:30:00-05:00,1.6700999736785889,1.6996999979019165,1.6700999736785889,1.684999942779541,1083,0.0,0.0
2023-11-08 12:30:00-05:00,1.7450000047683716,1.75,1.7450000047683716,1.7450000047683716,1227,0.0,0.0
2023-11-08 13:30:00-05:00,1.7417999505996704,1.7489999532699585,1.7400000095367432,1.7400000095367432,1401,0.0,0.0
2023-11-08 14:30:00-05:00,1.75,1.7999999523162842,1.7200000286102295,1.7200000286102295,3059,0.0,0.0
2023-11-08 15:30:00-05:00,1.7200000286102295,1.7999999523162842,1.7200000286102295,1.7999999523162842,0,0.0,0.0
2023-11-09 09:30:00-05:00,1.8250000476837158,1.8450000286102295,1.7109999656677246,1.7999999523162842,8981,0.0,0.0
2023-11-09 10:30:00-05:00,1.7999999523162842,1.8450000286102295,1.7999999523162842,1.7999999523162842,16850,0.0,0.0
2023-11-09 11:30:00-05:00,1.840000033378601,1.840000033378601,1.7999999523162842,1.7999999523162842,606,0.0,0.0
2023-11-09 12:30:00-05:00,1.8200000524520874,1.8200000524520874,1.8000999689102173,1.8200000524520874,1023,0.0,0.0
2023-11-09 13:30:00-05:00,1.8009999990463257,1.8009999990463257,1.8009999990463257,1.8009999990463257,123,0.0,0.0
2023-11-09 15:30:00-05:00,1.8200000524520874,1.8200000524520874,1.7999999523162842,1.7999999523162842,0,0.0,0.0
2023-11-10 09:30:00-05:00,1.690000057220459,1.690000057220459,1.6105999946594238,1.6105999946594238,2351,0.0,0.0
2023-11-10 10:30:00-05:00,1.5800000429153442,1.6200000047683716,1.5800000429153442,1.6200000047683716,1394,0.0,0.0
2023-11-10 11:30:00-05:00,1.6200000047683716,1.6200000047683716,1.6200000047683716,1.6200000047683716,1536,0.0,0.0
2023-11-10 14:30:00-05:00,1.6100000143051147,1.6100000143051147,1.6100000143051147,1.6100000143051147,877,0.0,0.0
2023-11-10 15:30:00-05:00,1.589900016784668,1.8200000524520874,1.5700000524520874,1.8200000524520874,1629,0.0,0.0
2023-11-13 09:30:00-05:00,1.840000033378601,1.840000033378601,1.6699999570846558,1.75,2156,0.0,0.0
2023-11-13 10:30:00-05:00,1.6699999570846558,1.684999942779541,1.659999966621399,1.684999942779541,796,0.0,0.0
2023-11-13 11:30:00-05:00,1.6799999475479126,1.6799999475479126,1.659999966621399,1.6793999671936035,1555,0.0,0.0
2023-11-13 12:30:00-05:00,1.6799999475479126,1.6799999475479126,1.6799999475479126,1.6799999475479126,549,0.0,0.0
2023-11-13 13:30:00-05:00,1.6547000408172607,1.6547000408172607,1.6547000408172607,1.6547000408172607,675,0.0,0.0
2023-11-13 14:30:00-05:00,1.7999999523162842,1.7999999523162842,1.7999999523162842,1.7999999523162842,0,0.0,0.0
2023-11-14 09:30:00-05:00,1.7300000190734863,1.7300000190734863,1.7300000190734863,1.7300000190734863,2174,0.0,0.0
2023-11-14 15:30:00-05:00,1.659999966621399,1.7609000205993652,1.659999966621399,1.7400000095367432,0,0.0,0.0
2023-11-15 11:30:00-05:00,1.590000033378601,1.590000033378601,1.590000033378601,1.590000033378601,1494,0.0,0.0
2023-11-15 12:30:00-05:00,1.600000023841858,1.6699999570846558,1.600000023841858,1.6699999570846558,489,0.0,0.0
2023-11-15 14:30:00-05:00,1.6100000143051147,1.7699999809265137,1.6100000143051147,1.7699999809265137,0,0.0,0.0
2023-11-16 09:30:00-05:00,1.6100000143051147,1.6100000143051147,1.6100000143051147,1.6100000143051147,1975,0.0,0.0
2023-11-16 13:30:00-05:00,1.690000057220459,1.690000057220459,1.690000057220459,1.690000057220459,1037,0.0,0.0
2023-11-16 14:30:00-05:00,1.7999000549316406,1.7999000549316406,1.6100000143051147,1.6699999570846558,2135,0.0,0.0
2023-11-16 15:30:00-05:00,1.7799999713897705,1.7999999523162842,1.6503000259399414,1.7899999618530273,0,0.0,0.0
2023-11-17 09:30:00-05:00,1.7000000476837158,1.7000000476837158,1.659999966621399,1.6603000164031982,945,0.0,0.0
2023-11-17 10:30:00-05:00,1.7400000095367432,1.7400000095367432,1.7400000095367432,1.7400000095367432,427,0.0,0.0
2023-11-17 11:30:00-05:00,1.659999966621399,1.659999966621399,1.659999966621399,1.659999966621399,251,0.0,0.0
2023-11-17 12:30:00-05:00,1.7050000429153442,1.7100000381469727,1.7050000429153442,1.7100000381469727,1107,0.0,0.0
2023-11-17 15:30:00-05:00,1.7100000381469727,1.725000023841858,1.7100000381469727,1.725000023841858,210,0.0,0.0
2023-11-20 09:30:00-05:00,1.7300000190734863,2.099900007247925,1.6699999570846558,2.0799999237060547,66486,0.0,0.0
2023-11-20 10:30:00-05:00,2.1356000900268555,2.2300000190734863,2.0399999618530273,2.119999885559082,35958,0.0,0.0
2023-11-20 11:30:00-05:00,2.200000047683716,2.2200000286102295,1.9783999919891357,1.999400019645691,33600,0.0,0.0
2023-11-20 12:30:00-05:00,2.0,2.0199999809265137,1.899999976158142,1.9800000190734863,14047,0.0,0.0
2023-11-20 13:30:00-05:00,1.9049999713897705,1.9049999713897705,1.899999976158142,1.899999976158142,415,0.0,0.0
2023-11-20 14:30:00-05:00,1.8000999689102173,1.809999942779541,1.7799999713897705,1.7799999713897705,1316,0.0,0.0
2023-11-20 15:30:00-05:00,1.7799999713897705,1.87090003490448,1.75,1.7699999809265137,0,0.0,0.0
2023-11-21 09:30:00-05:00,1.809999942779541,1.8596999645233154,1.809999942779541,1.850000023841858,1815,0.0,0.0
2023-11-21 10:30:00-05:00,1.771399974822998,1.7999999523162842,1.750499963760376,1.7599999904632568,6485,0.0,0.0
2023-11-21 11:30:00-05:00,1.75,1.75,1.7101000547409058,1.7295000553131104,1402,0.0,0.0
2023-11-21 12:30:00-05:00,1.7200000286102295,1.7200000286102295,1.7120000123977661,1.7120000123977661,1070,0.0,0.0
2023-11-21 15:30:00-05:00,1.7101000547409058,1.7101000547409058,1.7101000547409058,1.7101000547409058,0,0.0,0.0
2023-11-22 10:30:00-05:00,1.7200000286102295,1.7717000246047974,1.7101000547409058,1.7101000547409058,789,0.0,0.0
2023-11-22 12:30:00-05:00,1.7100000381469727,1.7100000381469727,1.7100000381469727,1.7100000381469727,296,0.0,0.0
2023-11-22 14:30:00-05:00,1.75,1.75,1.75,1.75,212,0.0,0.0
2023-11-22 15:30:00-05:00,1.7949999570846558,1.7990000247955322,1.7949999570846558,1.7990000247955322,331,0.0,0.0
2023-11-24 09:30:00-05:00,1.7141000032424927,1.7141000032424927,1.7141000032424927,1.7141000032424927,2362,0.0,0.0
2023-11-24 10:30:00-05:00,1.7649999856948853,1.7649999856948853,1.7106000185012817,1.7106000185012817,501,0.0,0.0
2023-11-24 11:30:00-05:00,1.7000000476837158,1.7000000476837158,1.659999966621399,1.659999966621399,2739,0.0,0.0
2023-11-24 12:30:00-05:00,1.6368000507354736,1.6368000507354736,1.6368000507354736,1.6368000507354736,369,0.0,0.0
2023-11-27 09:30:00-05:00,1.6200000047683716,1.6200000047683716,1.5499999523162842,1.6114000082015991,2576,0.0,0.0
2023-11-27 11:30:00-05:00,1.559999942779541,1.6101000308990479,1.559999942779541,1.6101000308990479,991,0.0,0.0
2023-11-27 12:30:00-05:00,1.5414999723434448,1.5414999723434448,1.5414999723434448,1.5414999723434448,292,0.0,0.0
2023-11-27 13:30:00-05:00,1.5800000429153442,1.5800000429153442,1.5800000429153442,1.5800000429153442,348,0.0,0.0
2023-11-27 15:30:00-05:00,1.5099999904632568,1.559999942779541,1.5099999904632568,1.559999942779541,0,0.0,0.0
2023-11-28 09:30:00-05:00,1.5,1.513700008392334,1.5,1.5,1303,0.0,0.0
2023-11-28 10:30:00-05:00,1.5147000551223755,1.5147000551223755,1.5147000551223755,1.5147000551223755,185,0.0,0.0
2023-11-28 11:30:00-05:00,1.5099999904632568,1.5099999904632568,1.4800000190734863,1.4800000190734863,2346,0.0,0.0
2023-11-28 13:30:00-05:00,1.496399998664856,1.5,1.496399998664856,1.5,645,0.0,0.0
2023-11-28 14:30:00-05:00,1.4800000190734863,1.4800000190734863,1.4800000190734863,1.4800000190734863,0,0.0,0.0
2023-11-29 09:30:00-05:00,1.5299999713897705,1.7300000190734863,1.5,1.600000023841858,16115,0.0,0.0
2023-11-29 10:30:00-05:00,1.600000023841858,1.600000023841858,1.399999976158142,1.4199999570846558,2267,0.0,0.0
2023-11-29 11:30:00-05:00,1.4199999570846558,1.4299999475479126,1.399999976158142,1.399999976158142,1649,0.0,0.0
2023-11-29 13:30:00-05:00,1.5049999952316284,1.5049999952316284,1.5049999952316284,1.5049999952316284,1425,0.0,0.0
2023-11-29 15:30:00-05:00,1.5,1.5,1.5,1.5,0,0.0,0.0
2023-11-30 09:30:00-05:00,1.5499999523162842,1.5699000358581543,1.5499999523162842,1.5699000358581543,10451,0.0,0.0
2023-11-30 10:30:00-05:00,1.5,1.5099999904632568,1.4600000381469727,1.4600000381469727,2402,0.0,0.0
2023-12-01 09:30:00-05:00,1.4984999895095825,1.5084999799728394,1.4550000429153442,1.5,20393,0.0,0.0
2023-12-01 11:30:00-05:00,1.4000999927520752,1.4000999927520752,1.4000999927520752,1.4000999927520752,457,0.0,0.0
2023-12-01 12:30:00-05:00,1.4700000286102295,1.4700000286102295,1.4700000286102295,1.4700000286102295,1599,0.0,0.0
2023-12-01 13:30:00-05:00,1.4700000286102295,1.4700000286102295,1.4700000286102295,1.4700000286102295,602,0.0,0.0
2023-12-01 15:30:00-05:00,1.4500000476837158,1.4842000007629395,1.4500000476837158,1.4842000007629395,465,0.0,0.0
2023-12-04 13:30:00-05:00,1.4500000476837158,1.4500000476837158,1.4199999570846558,1.4199999570846558,3642,0.0,0.0
2023-12-04 14:30:00-05:00,1.4149999618530273,1.4149999618530273,1.4149999618530273,1.4149999618530273,164,0.0,0.0
2023-12-04 15:30:00-05:00,1.4450000524520874,1.4450000524520874,1.4450000524520874,1.4450000524520874,0,0.0,0.0
2023-12-05 09:30:00-05:00,1.3799999952316284,1.3799999952316284,1.3799999952316284,1.3799999952316284,661,0.0,0.0
2023-12-05 11:30:00-05:00,1.4199999570846558,1.4199999570846558,1.4199999570846558,1.4199999570846558,235,0.0,0.0
2023-12-05 12:30:00-05:00,1.3700000047683716,1.3700000047683716,1.3700000047683716,1.3700000047683716,198,0.0,0.0
2023-12-05 14:30:00-05:00,1.409999966621399,1.409999966621399,1.409999966621399,1.409999966621399,213,0.0,0.0
2023-12-05 15:30:00-05:00,1.3700000047683716,1.3700000047683716,1.3700000047683716,1.3700000047683716,4887,0.0,0.0
2023-12-06 09:30:00-05:00,1.3700000047683716,1.409999966621399,1.3700000047683716,1.409999966621399,6705,0.0,0.0
2023-12-06 10:30:00-05:00,1.4700000286102295,1.4700000286102295,1.4700000286102295,1.4700000286102295,1083,0.0,0.0
2023-12-06 13:30:00-05:00,1.399999976158142,1.4524999856948853,1.399999976158142,1.4524999856948853,730,0.0,0.0
2023-12-06 14:30:00-05:00,1.409999966621399,1.409999966621399,1.409999966621399,1.409999966621399,0,0.0,0.0
2023-12-07 10:30:00-05:00,1.4800000190734863,1.4800000190734863,1.4800000190734863,1.4800000190734863,7660,0.0,0.0
2023-12-07 13:30:00-05:00,1.399999976158142,1.399999976158142,1.399999976158142,1.399999976158142,264,0.0,0.0
2023-12-07 14:30:00-05:00,1.399999976158142,1.399999976158142,1.399999976158142,1.399999976158142,101,0.0,0.0
2023-12-07 15:30:00-05:00,1.4580999612808228,1.4580999612808228,1.3899999856948853,1.3899999856948853,0,0.0,0.0
2023-12-08 09:30:00-05:00,1.3899999856948853,1.3899999856948853,1.3899999856948853,1.3899999856948853,191,0.0,0.0
2023-12-08 10:30:00-05:00,1.3799999952316284,1.3799999952316284,1.309999942779541,1.309999942779541,703,0.0,0.0
2023-12-08 11:30:00-05:00,1.3300000429153442,1.3300000429153442,1.3300000429153442,1.3300000429153442,197,0.0,0.0
2023-12-08 13:30:00-05:00,1.375599980354309,1.375599980354309,1.375599980354309,1.375599980354309,231,0.0,0.0
2023-12-11 09:30:00-05:00,1.4299999475479126,1.4299999475479126,1.3899999856948853,1.3899999856948853,15775,0.0,0.0
2023-12-11 10:30:00-05:00,1.3300000429153442,1.350000023841858,1.3300000429153442,1.340000033378601,0,0.0,0.0
2023-12-12 09:30:00-05:00,1.3200000524520874,1.3200000524520874,1.3200000524520874,1.3200000524520874,5439,0.0,0.0
2023-12-12 12:30:00-05:00,1.3357000350952148,1.3357000350952148,1.3357000350952148,1.3357000350952148,354,0.0,0.0
2023-12-12 15:30:00-05:00,1.340000033378601,1.340000033378601,1.340000033378601,1.340000033378601,0,0.0,0.0
2023-12-13 09:30:00-05:00,1.309999942779541,1.309999942779541,1.2400000095367432,1.2450000047683716,2901,0.0,0.0
2023-12-13 10:30:00-05:00,1.2899999618530273,1.2899999618530273,1.2200000286102295,1.2200000286102295,1723,0.0,0.0
2023-12-13 11:30:00-05:00,1.2200000286102295,1.2201000452041626,1.215000033378601,1.2200000286102295,2552,0.0,0.0
2023-12-13 12:30:00-05:00,1.215000033378601,1.2300000190734863,1.215000033378601,1.2297999858856201,1937,0.0,0.0
2023-12-13 13:30:00-05:00,1.215000033378601,1.2300000190734863,1.215000033378601,1.2151000499725342,1190,0.0,0.0
2023-12-13 14:30:00-05:00,1.2299000024795532,1.25,1.2201000452041626,1.25,0,0.0,0.0
2023-12-14 09:30:00-05:00,1.2609000205993652,1.2609000205993652,1.2599999904632568,1.2599999904632568,584,0.0,0.0
2023-12-14 10:30:00-05:00,1.2899999618530273,1.2899999618530273,1.2200000286102295,1.2680000066757202,2631,0.0,0.0
2023-12-14 11:30:00-05:00,1.2799999713897705,1.2799999713897705,1.2691999673843384,1.2691999673843384,415,0.0,0.0
2023-12-14 13:30:00-05:00,1.2799999713897705,1.2799999713897705,1.2799999713897705,1.2799999713897705,900,0.0,0.0
2023-12-14 14:30:00-05:00,1.2799999713897705,1.2799999713897705,1.2799999713897705,1.2799999713897705,0,0.0,0.0
2023-12-15 09:30:00-05:00,1.2100000381469727,1.2200000286102295,1.1301000118255615,1.1449999809265137,17047,0.0,0.0
2023-12-15 10:30:00-05:00,1.159999966621399,1.2000000476837158,1.159999966621399,1.159999966621399,3242,0.0,0.0
2023-12-15 11:30:00-05:00,1.159999966621399,1.159999966621399,1.159999966621399,1.159999966621399,6768,0.0,0.0
2023-12-15 13:30:00-05:00,1.1699999570846558,1.3799999952316284,1.159999966621399,1.2862000465393066,27514,0.0,0.0
2023-12-15 14:30:00-05:00,1.3736000061035156,1.3736000061035156,1.2000000476837158,1.2000000476837158,7986,0.0,0.0
2023-12-15 15:30:00-05:00,1.2799999713897705,1.2799999713897705,1.2300000190734863,1.2300000190734863,7748,0.0,0.0
2023-12-18 09:30:00-05:00,1.2999999523162842,1.3600000143051147,1.2999999523162842,1.3600000143051147,1218,0.0,0.0
2023-12-18 10:30:00-05:00,1.3899999856948853,1.3899999856948853,1.1699999570846558,1.2899999618530273,6394,0.0,0.0
2023-12-18 11:30:00-05:00,1.309999942779541,1.3899999856948853,1.1699999570846558,1.2200000286102295,3601,0.0,0.0
2023-12-18 12:30:00-05:00,1.2111999988555908,1.2111999988555908,1.2111999988555908,1.2111999988555908,368,0.0,0.0
2023-12-18 13:30:00-05:00,1.2400000095367432,1.2400000095367432,1.1799999475479126,1.1799999475479126,2265,0.0,0.0
2023-12-18 14:30:00-05:00,1.2200000286102295,1.2599999904632568,1.2200000286102295,1.2200000286102295,0,0.0,0.0
2023-12-19 09:30:00-05:00,1.2400000095367432,1.2400000095367432,1.149999976158142,1.149999976158142,5670,0.0,0.0
2023-12-19 10:30:00-05:00,1.1841000318527222,1.2400000095367432,1.1841000318527222,1.2400000095367432,610,0.0,0.0
2023-12-19 12:30:00-05:00,1.1398999691009521,1.2000000476837158,1.1398999691009521,1.2000000476837158,0,0.0,0.0
2023-12-20 09:30:00-05:00,1.2000000476837158,1.2000000476837158,1.2000000476837158,1.2000000476837158,547,0.0,0.0
2023-12-20 10:30:00-05:00,1.1299999952316284,1.1299999952316284,1.1299999952316284,1.1299999952316284,2315,0.0,0.0
2023-12-20 11:30:00-05:00,1.1799999475479126,1.190000057220459,1.1399999856948853,1.190000057220459,988,0.0,0.0
2023-12-20 13:30:00-05:00,1.1299999952316284,1.1299999952316284,1.1299999952316284,1.1299999952316284,4122,0.0,0.0
2023-12-20 14:30:00-05:00,1.1799999475479126,1.190000057220459,1.159999966621399,1.190000057220459,2840,0.0,0.0
2023-12-20 15:30:00-05:00,1.159999966621399,1.159999966621399,1.159999966621399,1.159999966621399,0,0.0,0.0
2023-12-21 09:30:00-05:00,1.100000023841858,1.1699999570846558,1.100000023841858,1.1699999570846558,2134,0.0,0.0
2023-12-21 11:30:00-05:00,1.1200000047683716,1.125,1.1200000047683716,1.125,738,0.0,0.0
2023-12-21 12:30:00-05:00,1.125,1.125,1.125,1.125,319,0.0,0.0
2023-12-21 13:30:00-05:00,1.149899959564209,1.149999976158142,1.100100040435791,1.100100040435791,4175,0.0,0.0
2023-12-21 14:30:00-05:00,1.1200000047683716,1.1200000047683716,1.1200000047683716,1.1200000047683716,485,0.0,0.0
2023-12-21 15:30:00-05:00,1.1299999952316284,1.1299999952316284,1.0999000072479248,1.0999000072479248,0,0.0,0.0
2023-12-22 09:30:00-05:00,1.0809999704360962,1.0809999704360962,1.0110000371932983,1.0399999618530273,2637,0.0,0.0
2023-12-22 10:30:00-05:00,1.0299999713897705,1.0800000429153442,1.0299999713897705,1.0800000429153442,741,0.0,0.0
2023-12-22 11:30:00-05:00,1.100000023841858,1.1299999952316284,1.100000023841858,1.1299999952316284,350,0.0,0.0
2023-12-22 12:30:00-05:00,1.0999000072479248,1.0999000072479248,1.05239999294281,1.05239999294281,1060,0.0,0.0
2023-12-22 14:30:00-05:00,1.100000023841858,1.100000023841858,1.054900050163269,1.0999000072479248,4537,0.0,0.0
2023-12-22 15:30:00-05:00,1.059999942779541,1.100000023841858,1.059999942779541,1.0700000524520874,1428,0.0,0.0
2023-12-26 09:30:00-05:00,1.1399999856948853,1.149899959564209,1.125,1.1299999952316284,2925,0.0,0.0
2023-12-26 11:30:00-05:00,1.098099946975708,1.098099946975708,1.098099946975708,1.098099946975708,233,0.0,0.0
2023-12-26 12:30:00-05:00,1.1200000047683716,1.1200000047683716,1.0800000429153442,1.100000023841858,1403,0.0,0.0
2023-12-26 14:30:00-05:00,1.0800000429153442,1.1200000047683716,1.0800000429153442,1.1200000047683716,0,0.0,0.0
2023-12-27 09:30:00-05:00,1.1799999475479126,1.1799999475479126,1.1799999475479126,1.1799999475479126,1921,0.0,0.0
2023-12-27 10:30:00-05:00,1.1384999752044678,1.1699999570846558,1.1384999752044678,1.159999966621399,826,0.0,0.0
2023-12-27 11:30:00-05:00,1.090000033378601,1.0908000469207764,1.0800000429153442,1.0908000469207764,1914,0.0,0.0
2023-12-27 13:30:00-05:00,1.149999976158142,1.149999976158142,1.149999976158142,1.149999976158142,437,0.0,0.0
2023-12-27 15:30:00-05:00,1.0800000429153442,1.0800000429153442,1.0199999809265137,1.0500999689102173,0,0.0,0.0
2023-12-28 09:30:00-05:00,1.0800000429153442,1.0800000429153442,1.0800000429153442,1.0800000429153442,3780,0.0,0.0
2023-12-28 10:30:00-05:00,1.0499999523162842,1.0499999523162842,1.0099999904632568,1.0199999809265137,7065,0.0,0.0
2023-12-28 11:30:00-05:00,1.0199999809265137,1.0499999523162842,1.0199999809265137,1.0199999809265137,7415,0.0,0.0
2023-12-28 12:30:00-05:00,1.0499999523162842,1.0499999523162842,1.0099999904632568,1.0299999713897705,1547,0.0,0.0
2023-12-28 13:30:00-05:00,1.0499000549316406,1.0499000549316406,1.0410000085830688,1.0410000085830688,470,0.0,0.0
2023-12-28 14:30:00-05:00,1.0499999523162842,1.0499999523162842,1.0200999975204468,1.0299999713897705,2980,0.0,0.0
2023-12-28 15:30:00-05:00,1.0300999879837036,1.0449999570846558,1.0300999879837036,1.0449999570846558,0,0.0,0.0
2023-12-29 09:30:00-05:00,1.25,1.25,1.0612000226974487,1.100000023841858,3880,0.0,0.0
2023-12-29 10:30:00-05:00,1.1399999856948853,1.2532999515533447,1.0800000429153442,1.1200000047683716,12890,0.0,0.0
2023-12-29 11:30:00-05:00,1.1299999952316284,1.1299999952316284,1.100000023841858,1.100000023841858,1279,0.0,0.0
2023-12-29 12:30:00-05:00,1.1009999513626099,1.1200000047683716,1.100000023841858,1.1200000047683716,3791,0.0,0.0
2023-12-29 13:30:00-05:00,1.080399990081787,1.090000033378601,1.059999942779541,1.090000033378601,3017,0.0,0.0
2023-12-29 14:30:00-05:00,1.1200000047683716,1.1399999856948853,1.0499999523162842,1.059999942779541,6936,0.0,0.0
2023-12-29 15:30:00-05:00,1.148900032043457,1.2899999618530273,1.059999942779541,1.0700000524520874,14711,0.0,0.0
2024-01-02 09:30:00-05:00,1.090000033378601,1.090000033378601,1.0299999713897705,1.059999942779541,3493,0.0,0.0
2024-01-02 10:30:00-05:00,1.0299999713897705,1.1100000143051147,1.0299999713897705,1.0800000429153442,7009,0.0,0.0
2024-01-02 11:30:00-05:00,1.059999942779541,1.1200000047683716,1.0499999523162842,1.059999942779541,3336,0.0,0.0
2024-01-02 12:30:00-05:00,1.1200000047683716,1.1200000047683716,1.059999942779541,1.0649000406265259,1412,0.0,0.0
2024-01-02 13:30:00-05:00,1.1100000143051147,1.1100000143051147,1.1100000143051147,1.1100000143051147,194,0.0,0.0
2024-01-02 14:30:00-05:00,1.100000023841858,1.1799999475479126,1.100000023841858,1.1197999715805054,0,0.0,0.0
2024-01-03 09:30:00-05:00,1.1200000047683716,1.149999976158142,1.1200000047683716,1.149999976158142,1767,0.0,0.0
2024-01-03 10:30:00-05:00,1.2009999752044678,1.2009999752044678,1.1200000047683716,1.1299999952316284,9379,0.0,0.0
2024-01-03 11:30:00-05:00,1.1299999952316284,1.1299999952316284,1.1299999952316284,1.1299999952316284,240,0.0,0.0
2024-01-03 13:30:00-05:00,1.1299999952316284,1.1299999952316284,1.1299999952316284,1.1299999952316284,108,0.0,0.0
2024-01-03 14:30:00-05:00,1.0541000366210938,1.0541000366210938,1.0541000366210938,1.0541000366210938,630,0.0,0.0
2024-01-03 15:30:00-05:00,1.0499999523162842,1.100000023841858,1.0399999618530273,1.100000023841858,0,0.0,0.0
2024-01-04 09:30:00-05:00,1.059999942779541,1.1799999475479126,1.059999942779541,1.1699999570846558,2929,0.0,0.0
2024-01-04 10:30:00-05:00,1.1399999856948853,1.1399999856948853,1.1399999856948853,1.1399999856948853,622,0.0,0.0
2024-01-04 13:30:00-05:00,1.1100000143051147,1.1100000143051147,1.1100000143051147,1.1100000143051147,412,0.0,0.0
2024-01-04 14:30:00-05:00,1.1102999448776245,1.1102999448776245,1.1102999448776245,1.1102999448776245,189,0.0,0.0
2024-01-04 15:30:00-05:00,1.1299999952316284,1.1299999952316284,1.1299999952316284,1.1299999952316284,103,0.0,0.0
2024-01-05 09:30:00-05:00,1.062000036239624,1.0700000524520874,1.062000036239624,1.062000036239624,518,0.0,0.0
2024-01-05 10:30:00-05:00,1.1193000078201294,1.1200000047683716,1.1193000078201294,1.1200000047683716,519,0.0,0.0
2024-01-05 12:30:00-05:00,1.1299999952316284,1.1299999952316284,1.1299999952316284,1.1299999952316284,163,0.0,0.0
2024-01-05 14:30:00-05:00,1.179900050163269,1.179900050163269,1.179900050163269,1.179900050163269,124,0.0,0.0
2024-01-08 09:30:00-05:00,1.1799999475479126,1.1799999475479126,1.1699999570846558,1.1699999570846558,2087,0.0,0.0
2024-01-08 14:30:00-05:00,1.159999966621399,1.159999966621399,1.159999966621399,1.159999966621399,0,0.0,0.0
2024-01-09 10:30:00-05:00,1.1299999952316284,1.1299999952316284,1.090000033378601,1.0950000286102295,4050,0.0,0.0
2024-01-09 11:30:00-05:00,1.100000023841858,1.100000023841858,1.0850000381469727,1.0850000381469727,3359,0.0,0.0
2024-01-09 14:30:00-05:00,1.090000033378601,1.090000033378601,1.051200032234192,1.0700000524520874,1816,0.0,0.0
2024-01-09 15:30:00-05:00,1.0700000524520874,1.0700000524520874,1.0700000524520874,1.0700000524520874,100,0.0,0.0
2024-01-10 09:30:00-05:00,1.0299999713897705,1.0670000314712524,1.0099999904632568,1.0099999904632568,6343,0.0,0.0
2024-01-10 10:30:00-05:00,1.0299999713897705,1.0299999713897705,0.9987000226974487,0.9987000226974487,3613,0.0,0.0
2024-01-10 11:30:00-05:00,0.9900000095367432,0.9900000095367432,0.9900000095367432,0.9900000095367432,455,0.0,0.0
2024-01-10 14:30:00-05:00,1.0185999870300293,1.0185999870300293,1.0185999870300293,1.0185999870300293,132,0.0,0.0
2024-01-10 15:30:00-05:00,1.0149999856948853,1.0149999856948853,1.0,1.0,365,0.0,0.0
2024-01-11 10:30:00-05:00,0.9700000286102295,1.0499999523162842,0.9700000286102295,0.9700000286102295,6629,0.0,0.0
2024-01-11 11:30:00-05:00,1.0399999618530273,1.0399999618530273,1.0399999618530273,1.0399999618530273,0,0.0,0.0
2024-01-12 09:30:00-05:00,1.0199999809265137,1.0199999809265137,0.9699000120162964,0.9700000286102295,1493,0.0,0.0
2024-01-12 11:30:00-05:00,1.0,1.0,0.9599000215530396,0.9599000215530396,2214,0.0,0.0
2024-01-12 14:30:00-05:00,0.9300000071525574,0.9399999976158142,0.9100000262260437,0.9399999976158142,15855,0.0,0.0
2024-01-12 15:30:00-05:00,0.9401000142097473,0.9401000142097473,0.9401000142097473,0.9401000142097473,271,0.0,0.0
2024-01-16 09:30:00-05:00,1.0,1.0,0.968500018119812,0.968500018119812,1704,0.0,0.0
2024-01-16 14:30:00-05:00,0.9089999794960022,0.949999988079071,0.9089999794960022,0.949999988079071,0,0.0,0.0
2024-01-17 09:30:00-05:00,1.0199999809265137,1.0199999809265137,0.9872000217437744,1.0199999809265137,4193,0.0,0.0
2024-01-17 10:30:00-05:00,0.9544000029563904,0.9900000095367432,0.9544000029563904,0.9545000195503235,7400,0.0,0.0
2024-01-17 14:30:00-05:00,0.9900000095367432,0.9900000095367432,0.9700000286102295,0.9700000286102295,413,0.0,0.0
2024-01-17 15:30:00-05:00,0.9700000286102295,0.9900000095367432,0.9700000286102295,0.9900000095367432,0,0.0,0.0
2024-01-18 09:30:00-05:00,1.0500999689102173,1.0930999517440796,1.0299999713897705,1.0299999713897705,4689,0.0,0.0
2024-01-18 10:30:00-05:00,1.0299999713897705,1.0499999523162842,1.0299999713897705,1.0499999523162842,1221,0.0,0.0
2024-01-18 15:30:00-05:00,1.0199999809265137,1.0299999713897705,1.0199999809265137,1.0199999809265137,0,0.0,0.0
2024-01-19 09:30:00-05:00,1.0499999523162842,1.0499999523162842,1.0499999523162842,1.0499999523162842,517,0.0,0.0
2024-01-19 10:30:00-05:00,1.0549999475479126,1.0549999475479126,1.0151000022888184,1.0399999618530273,1672,0.0,0.0
2024-01-19 11:30:00-05:00,1.0099999904632568,1.0398000478744507,1.0099999904632568,1.0398000478744507,1506,0.0,0.0
2024-01-19 12:30:00-05:00,1.0298999547958374,1.0298999547958374,1.024999976158142,1.024999976158142,687,0.0,0.0
2024-01-19 15:30:00-05:00,1.0299999713897705,1.0399999618530273,1.0299999713897705,1.0399999618530273,360,0.0,0.0
2024-01-22 09:30:00-05:00,1.027899980545044,1.027899980545044,1.027899980545044,1.027899980545044,342,0.0,0.0
2024-01-22 12:30:00-05:00,1.1200000047683716,1.1200000047683716,1.1200000047683716,1.1200000047683716,480,0.0,0.0
2024-01-22 15:30:00-05:00,1.1093000173568726,1.1093000173568726,1.1093000173568726,1.1093000173568726,0,0.0,0.0
2024-01-23 09:30:00-05:00,1.090000033378601,1.1100000143051147,1.045199990272522,1.045199990272522,962,0.0,0.0
2024-01-23 10:30:00-05:00,1.0700000524520874,1.3300000429153442,1.0399999618530273,1.1486999988555908,22454,0.0,0.0
2024-01-23 11:30:00-05:00,1.1950000524520874,1.1950000524520874,1.159999966621399,1.159999966621399,1010,0.0,0.0
2024-01-23 14:30:00-05:00,1.159999966621399,1.159999966621399,1.149999976158142,1.159999966621399,1155,0.0,0.0
2024-01-23 15:30:00-05:00,1.190000057220459,1.190000057220459,1.190000057220459,1.190000057220459,0,0.0,0.0
2024-01-24 09:30:00-05:00,1.1799999475479126,1.25,1.1299999952316284,1.1699999570846558,21800,0.0,0.0
2024-01-24 10:30:00-05:00,1.149999976158142,1.149999976158142,1.1028000116348267,1.1028000116348267,559,0.0,0.0
2024-01-24 12:30:00-05:00,1.100000023841858,1.1475000381469727,1.100000023841858,1.1475000381469727,1460,0.0,0.0
2024-01-24 14:30:00-05:00,1.1380000114440918,1.1380000114440918,1.1380000114440918,1.1380000114440918,100,0.0,0.0
2024-01-24 15:30:00-05:00,1.1100000143051147,1.1100000143051147,1.100000023841858,1.100000023841858,0,0.0,0.0
2024-01-25 09:30:00-05:00,1.1500999927520752,1.1749999523162842,1.1500999927520752,1.1749999523162842,1937,0.0,0.0
2024-01-25 10:30:00-05:00,1.1516000032424927,1.1516000032424927,1.1516000032424927,1.1516000032424927,284,0.0,0.0
2024-01-25 12:30:00-05:00,1.149999976158142,1.149999976158142,1.149999976158142,1.149999976158142,495,0.0,0.0
2024-01-26 09:30:00-05:00,1.059999942779541,1.059999942779541,1.059999942779541,1.059999942779541,0,0.0,0.0
2024-01-26 10:30:00-05:00,1.1100000143051147,1.1100000143051147,1.1100000143051147,1.1100000143051147,380,0.0,0.0
2024-01-26 12:30:00-05:00,1.0760999917984009,1.0760999917984009,1.0760999917984009,1.0760999917984009,2208,0.0,0.0
2024-01-26 15:30:00-05:00,1.0099999904632568,1.0099999904632568,0.9609000086784363,0.9700000286102295,1926,0.0,0.0
2024-01-29 09:30:00-05:00,1.0399999618530273,1.2200000286102295,0.9599999785423279,1.0199999809265137,9902,0.0,0.0
2024-01-29 11:30:00-05:00,1.059999942779541,1.1100000143051147,1.059999942779541,1.100000023841858,1124,0.0,0.0
2024-01-29 12:30:00-05:00,1.0990999937057495,1.0990999937057495,1.0990999937057495,1.0990999937057495,1109,0.0,0.0
2024-01-29 14:30:00-05:00,1.059999942779541,1.059999942779541,1.0099999904632568,1.0099999904632568,409,0.0,0.0
2024-01-29 15:30:00-05:00,1.059999942779541,1.059999942779541,1.059999942779541,1.059999942779541,0,0.0,0.0
2024-01-30 09:30:00-05:00,1.0299999713897705,1.0299999713897705,0.949999988079071,1.0199999809265137,5864,0.0,0.0
2024-01-30 10:30:00-05:00,1.0199999809265137,1.0199999809265137,0.9603999853134155,0.9603999853134155,1490,0.0,0.0
2024-01-30 11:30:00-05:00,0.9901000261306763,0.9901000261306763,0.9901000261306763,0.9901000261306763,206,0.0,0.0
2024-01-30 12:30:00-05:00,1.0198999643325806,1.0198999643325806,1.0198999643325806,1.0198999643325806,338,0.0,0.0
2024-01-30 14:30:00-05:00,0.9625999927520752,0.9625999927520752,0.9625999927520752,0.9625999927520752,763,0.0,0.0
2024-01-30 15:30:00-05:00,0.9998999834060669,0.9998999834060669,0.9998999834060669,0.9998999834060669,2420,0.0,0.0
2024-01-31 09:30:00-05:00,0.9700000286102295,1.0399999618530273,0.960099995136261,0.9900000095367432,14121,0.0,0.0
2024-01-31 10:30:00-05:00,1.0378999710083008,1.0378999710083008,1.0153000354766846,1.0153000354766846,1437,0.0,0.0
2024-01-31 13:30:00-05:00,1.0399999618530273,1.0399999618530273,0.9800999760627747,1.0398999452590942,447,0.0,0.0
2024-01-31 14:30:00-05:00,1.0299999713897705,1.0499999523162842,1.0099999904632568,1.0499999523162842,10604,0.0,0.0
2024-01-31 15:30:00-05:00,1.0099999904632568,1.0399999618530273,1.0099999904632568,1.0149999856948853,0,0.0,0.0
2024-02-01 10:30:00-05:00,0.9801999926567078,0.9801999926567078,0.9801999926567078,0.9801999926567078,1320,0.0,0.0
2024-02-01 13:30:00-05:00,1.0,1.0299999713897705,1.0,1.0299999713897705,3829,0.0,0.0
2024-02-01 14:30:00-05:00,1.0499999523162842,1.0499999523162842,1.0399999618530273,1.0499000549316406,3003,0.0,0.0
2024-02-01 15:30:00-05:00,1.0499999523162842,1.0499999523162842,1.0,1.0399999618530273,0,0.0,0.0
2024-02-02 09:30:00-05:00,0.949999988079071,0.949999988079071,0.949999988079071,0.949999988079071,1304,0.0,0.0
2024-02-02 10:30:00-05:00,0.9599999785423279,0.9599999785423279,0.9599999785423279,0.9599999785423279,542,0.0,0.0
2024-02-02 14:30:00-05:00,1.0199999809265137,1.0199999809265137,1.0199999809265137,1.0199999809265137,311,0.0,0.0
2024-02-02 15:30:00-05:00,1.0199999809265137,1.1299999952316284,1.0199999809265137,1.1299999952316284,579,0.0,0.0
2024-02-05 09:30:00-05:00,1.2300000190734863,1.2300000190734863,1.0399999618530273,1.0399999618530273,2469,0.0,0.0
2024-02-05 10:30:00-05:00,1.0499999523162842,1.0499999523162842,1.0399999618530273,1.0399999618530273,2577,0.0,0.0
2024-02-05 15:30:00-05:00,1.0399999618530273,1.0499999523162842,1.0399999618530273,1.0499999523162842,0,0.0,0.0
2024-02-06 11:30:00-05:00,1.0499999523162842,1.0499999523162842,1.0499999523162842,1.0499999523162842,426,0.0,0.0
2024-02-06 12:30:00-05:00,0.9800000190734863,0.9800000190734863,0.9800000190734863,0.9800000190734863,584,0.0,0.0
2024-02-06 13:30:00-05:00,1.0499000549316406,1.0499999523162842,1.0499000549316406,1.0499999523162842,0,0.0,0.0
2024-02-06 15:30:00-05:00,1.1100000143051147,1.1100000143051147,1.1100000143051147,1.1100000143051147,10,0.0,0.0
2024-02-07 09:30:00-05:00,1.125,1.125,1.1092000007629395,1.1092000007629395,0,0.0,0.0
2024-02-07 12:30:00-05:00,1.1100000143051147,1.1200000047683716,1.0499999523162842,1.0499999523162842,1007,0.0,0.0
2024-02-08 10:30:00-05:00,1.0700000524520874,1.399999976158142,1.0700000524520874,1.2954000234603882,103382,0.0,0.0
2024-02-08 11:30:00-05:00,1.266700029373169,1.5800000429153442,1.2200000286102295,1.2699999809265137,98348,0.0,0.0
2024-02-08 12:30:00-05:00,1.309999942779541,1.4900000095367432,1.2999999523162842,1.3300000429153442,7975,0.0,0.0
2024-02-08 13:30:00-05:00,1.3700000047683716,2.069999933242798,1.3700000047683716,1.6699999570846558,102291,0.0,0.0
2024-02-08 14:30:00-05:00,1.6699999570846558,1.6699999570846558,1.1622999906539917,1.1700999736785889,128157,0.0,0.0
2024-02-08 15:30:00-05:00,1.2100000381469727,1.4199999570846558,1.2000000476837158,1.409999966621399,0,0.0,0.0
2024-02-09 09:30:00-05:00,1.4299999475479126,1.4299999475479126,1.2401000261306763,1.2800999879837036,20347,0.0,0.0
2024-02-09 10:30:00-05:00,1.2999999523162842,1.3199000358581543,1.2599999904632568,1.2699999809265137,9969,0.0,0.0
2024-02-09 11:30:00-05:00,1.2649999856948853,1.2798999547958374,1.2599999904632568,1.2798999547958374,2684,0.0,0.0
2024-02-09 12:30:00-05:00,1.2699999809265137,1.2799999713897705,1.2301000356674194,1.2493000030517578,3226,0.0,0.0
2024-02-09 13:30:00-05:00,1.2488000392913818,1.3600000143051147,1.2400000095367432,1.350100040435791,19678,0.0,0.0
2024-02-09 14:30:00-05:00,1.350100040435791,1.3700000047683716,1.350000023841858,1.3650000095367432,4853,0.0,0.0
2024-02-09 15:30:00-05:00,1.323099970817566,1.340000033378601,1.2971999645233154,1.2999999523162842,3927,0.0,0.0
2024-02-12 09:30:00-05:00,1.2699999809265137,1.2699999809265137,1.0800000429153442,1.1167999505996704,19105,0.0,0.0
2024-02-12 10:30:00-05:00,1.0839999914169312,1.1200000047683716,1.082800030708313,1.090000033378601,1467,0.0,0.0
2024-02-12 11:30:00-05:00,1.090000033378601,1.0992000102996826,1.0299999713897705,1.062000036239624,6160,0.0,0.0
2024-02-12 12:30:00-05:00,1.0750000476837158,1.0999000072479248,1.0299999713897705,1.0299999713897705,2173,0.0,0.0
2024-02-12 13:30:00-05:00,1.069000005722046,1.0700000524520874,1.0300999879837036,1.059999942779541,2457,0.0,0.0
2024-02-12 14:30:00-05:00,1.0499999523162842,1.1884000301361084,1.0499999523162842,1.1100000143051147,20083,0.0,0.0
2024-02-12 15:30:00-05:00,1.1369999647140503,1.1922999620437622,1.1299999952316284,1.190000057220459,0,0.0,0.0
2024-02-13 09:30:00-05:00,1.1225999593734741,1.179800033569336,1.1225999593734741,1.179800033569336,1130,0.0,0.0
2024-02-13 12:30:00-05:00,1.1449999809265137,1.159999966621399,1.1301000118255615,1.1301000118255615,1097,0.0,0.0
2024-02-13 13:30:00-05:00,1.1100000143051147,1.1299999952316284,1.1100000143051147,1.1299999952316284,1794,0.0,0.0
2024-02-13 15:30:00-05:00,1.1399999856948853,1.159999966621399,1.1399999856948853,1.159999966621399,0,0.0,0.0
2024-02-14 09:30:00-05:00,1.1239999532699585,1.2400000095367432,1.1239999532699585,1.2400000095367432,9321,0.0,0.0
2024-02-14 10:30:00-05:00,1.2512999773025513,1.440000057220459,1.2000000476837158,1.350000023841858,15070,0.0,0.0
2024-02-14 11:30:00-05:00,1.3200000524520874,1.3799999952316284,1.2300000190734863,1.2899999618530273,11457,0.0,0.0
2024-02-14 12:30:00-05:00,1.350000023841858,1.350000023841858,1.3478000164031982,1.3478000164031982,2149,0.0,0.0
2024-02-14 13:30:00-05:00,1.2400000095367432,1.2825000286102295,1.2400000095367432,1.2825000286102295,418,0.0,0.0
2024-02-14 14:30:00-05:00,1.2799999713897705,1.2799999713897705,1.2799999713897705,1.2799999713897705,153,0.0,0.0
2024-02-14 15:30:00-05:00,1.2699999809265137,1.2899999618530273,1.2400000095367432,1.2899999618530273,0,0.0,0.0
2024-02-15 09:30:00-05:00,1.3300000429153442,1.3300000429153442,1.2799999713897705,1.2812000513076782,2106,0.0,0.0
2024-02-15 10:30:00-05:00,1.3350000381469727,1.336899995803833,1.3000999689102173,1.3281999826431274,4343,0.0,0.0
2024-02-15 11:30:00-05:00,1.2999999523162842,1.2999999523162842,1.190000057220459,1.2300000190734863,5328,0.0,0.0
2024-02-15 12:30:00-05:00,1.2899999618530273,1.2899999618530273,1.2899999618530273,1.2899999618530273,1158,0.0,0.0
2024-02-15 13:30:00-05:00,1.2799999713897705,1.2799999713897705,1.2799999713897705,1.2799999713897705,242,0.0,0.0
2024-02-15 14:30:00-05:00,1.2300000190734863,1.2400000095367432,1.2300000190734863,1.2400000095367432,783,0.0,0.0
2024-02-15 15:30:00-05:00,1.2200000286102295,1.3300000429153442,1.2200000286102295,1.3300000429153442,10322943,0.0,0.0
2024-02-16 09:30:00-05:00,3.940000057220459,7.4899001121521,3.549999952316284,5.079999923706055,26696204,0.0,0.0
2024-02-16 10:30:00-05:00,5.050000190734863,5.920000076293945,4.0,4.179999828338623,9020817,0.0,0.0
2024-02-16 11:30:00-05:00,4.170100212097168,4.190000057220459,3.5,3.9000000953674316,2727940,0.0,0.0
2024-02-16 12:30:00-05:00,3.9398999214172363,4.319799900054932,3.059999942779541,3.1565001010894775,2442280,0.0,0.0
2024-02-16 13:30:00-05:00,3.1458001136779785,3.1458001136779785,2.7616000175476074,2.8499999046325684,847855,0.0,0.0
2024-02-16 14:30:00-05:00,2.8317999839782715,2.930000066757202,2.4800000190734863,2.680000066757202,843932,0.0,0.0
2024-02-16 15:30:00-05:00,2.690000057220459,2.809999942779541,2.5899999141693115,2.7200000286102295,317629,0.0,0.0
2024-02-20 09:30:00-05:00,3.0199999809265137,3.744999885559082,2.609999895095825,3.25,1143660,0.0,0.0
2024-02-20 10:30:00-05:00,3.25,5.25,2.9100000858306885,5.169600009918213,9654197,0.0,0.0
2024-02-20 11:30:00-05:00,5.166500091552734,8.800000190734863,5.010000228881836,6.929900169372559,31294164,0.0,0.0
2024-02-20 12:30:00-05:00,6.880000114440918,7.909999847412109,5.53000020980835,6.014999866485596,10433371,0.0,0.0
2024-02-20 13:30:00-05:00,5.970200061798096,6.5,5.079999923706055,5.139999866485596,3855054,0.0,0.0
2024-02-20 14:30:00-05:00,5.156700134277344,6.669899940490723,5.144100189208984,5.981400012969971,4842942,0.0,0.0
2024-02-20 15:30:00-05:00,5.925099849700928,9.399999618530273,5.869999885559082,7.030099868774414,8375659,0.0,0.0
2024-02-21 09:30:00-05:00,4.849999904632568,6.989999771118164,4.809999942779541,5.849999904632568,5346936,0.0,0.0
2024-02-21 10:30:00-05:00,5.820000171661377,7.25,5.5,6.69890022277832,2513022,0.0,0.0
2024-02-21 11:30:00-05:00,6.676000118255615,9.5,6.199999809265137,8.020000457763672,7212998,0.0,0.0
2024-02-21 12:30:00-05:00,7.989999771118164,8.369999885559082,6.710000038146973,7.710100173950195,3071317,0.0,0.0
2024-02-21 13:30:00-05:00,7.750800132751465,8.4399995803833,6.949999809265137,7.435999870300293,2143992,0.0,0.0
2024-02-21 14:30:00-05:00,7.442500114440918,7.480000019073486,6.610000133514404,6.690000057220459,752659,0.0,0.0
2024-02-21 15:30:00-05:00,6.690000057220459,6.749800205230713,6.019999980926514,6.21999979019165,408952,0.0,0.0
2024-02-22 09:30:00-05:00,6.360000133514404,8.0,6.360000133514404,6.929500102996826,11782660,0.0,0.0
2024-02-22 10:30:00-05:00,6.939899921417236,7.309599876403809,6.71999979019165,6.860000133514404,1457531,0.0,0.0
2024-02-22 11:30:00-05:00,6.855000019073486,7.5,6.679999828338623,6.8379998207092285,1228655,0.0,0.0
2024-02-22 12:30:00-05:00,6.938300132751465,6.949900150299072,6.539999961853027,6.650100231170654,266925,0.0,0.0
2024-02-22 13:30:00-05:00,6.679999828338623,7.079999923706055,6.5,6.850100040435791,500197,0.0,0.0
2024-02-22 14:30:00-05:00,6.800000190734863,7.340000152587891,6.699999809265137,6.840799808502197,631043,0.0,0.0
2024-02-22 15:30:00-05:00,6.821100234985352,6.929599761962891,6.519999980926514,6.630000114440918,200545,0.0,0.0
2024-02-23 09:30:00-05:00,6.590000152587891,6.699999809265137,5.309999942779541,5.52400016784668,531139,0.0,0.0
2024-02-23 10:30:00-05:00,5.500199794769287,5.840000152587891,5.5,5.690000057220459,98911,0.0,0.0
2024-02-23 11:30:00-05:00,5.697999954223633,5.704800128936768,4.389999866485596,4.519999980926514,200977,0.0,0.0
2024-02-23 12:30:00-05:00,4.510000228881836,4.840000152587891,4.510000228881836,4.597300052642822,56768,0.0,0.0
2024-02-23 13:30:00-05:00,4.684999942779541,4.78000020980835,4.099999904632568,4.289999961853027,63258,0.0,0.0
2024-02-23 14:30:00-05:00,4.289999961853027,4.479899883270264,3.700000047683716,3.700000047683716,117963,0.0,0.0
2024-02-23 15:30:00-05:00,3.7748000621795654,3.859999895095825,3.4200000762939453,3.680000066757202,92040,0.0,0.0
2024-02-26 09:30:00-05:00,3.9700000286102295,4.699999809265137,3.8499999046325684,3.990000009536743,558483,0.0,0.0
2024-02-26 10:30:00-05:00,3.9484000205993652,4.0,3.7400999069213867,3.9100000858306885,112889,0.0,0.0
2024-02-26 11:30:00-05:00,3.9200000762939453,4.010000228881836,3.850100040435791,3.880000114440918,42046,0.0,0.0
2024-02-26 12:30:00-05:00,3.88070011138916,3.940000057220459,3.820199966430664,3.9200000762939453,31991,0.0,0.0
2024-02-26 13:30:00-05:00,3.9200000762939453,3.9200000762939453,3.7899999618530273,3.8099000453948975,52888,0.0,0.0
2024-02-26 14:30:00-05:00,3.7899999618530273,3.9690001010894775,3.6500000953674316,3.8399999141693115,56873,0.0,0.0
2024-02-26 15:30:00-05:00,3.8399999141693115,3.930000066757202,3.7799999713897705,3.815000057220459,45110,0.0,0.0
2024-02-27 09:30:00-05:00,3.5999999046325684,3.6814000606536865,3.130000114440918,3.311000108718872,182044,0.0,0.0
2024-02-27 10:30:00-05:00,3.1552000045776367,3.240000009536743,2.880000114440918,3.190000057220459,124620,0.0,0.0
2024-02-27 11:30:00-05:00,3.119999885559082,3.239000082015991,3.119999885559082,3.1898999214172363,45069,0.0,0.0
2024-02-27 12:30:00-05:00,3.1700000762939453,3.299999952316284,3.1486001014709473,3.2300000190734863,29805,0.0,0.0
2024-02-27 13:30:00-05:00,3.240000009536743,3.440000057220459,3.236599922180176,3.3241000175476074,26343,0.0,0.0
2024-02-27 14:30:00-05:00,3.3499999046325684,3.4100000858306885,3.1775999069213867,3.385499954223633,15069,0.0,0.0
2024-02-27 15:30:00-05:00,3.299999952316284,3.319999933242798,3.2100000381469727,3.25,39010,0.0,0.0
2024-02-28 09:30:00-05:00,3.119999885559082,3.25,2.7799999713897705,3.1700000762939453,187506,0.0,0.0
2024-02-28 10:30:00-05:00,3.0201001167297363,3.1486001014709473,2.8499999046325684,3.1477999687194824,36823,0.0,0.0
2024-02-28 11:30:00-05:00,3.089600086212158,3.240000009536743,3.00219988822937,3.2100000381469727,27296,0.0,0.0
2024-02-28 12:30:00-05:00,3.130000114440918,3.2100000381469727,3.050100088119507,3.115000009536743,5008,0.0,0.0
2024-02-28 13:30:00-05:00,3.140000104904175,3.5299999713897705,3.130000114440918,3.4484000205993652,37696,0.0,0.0
2024-02-28 14:30:00-05:00,3.4649999141693115,3.6500000953674316,3.2146999835968018,3.4200000762939453,93500,0.0,0.0
2024-02-28 15:30:00-05:00,3.5,3.5399999618530273,3.390000104904175,3.5299999713897705,41607,0.0,0.0
2024-02-29 09:30:00-05:00,3.360100030899048,3.7994000911712646,3.2699999809265137,3.4000000953674316,28009,0.0,0.0
2024-02-29 10:30:00-05:00,3.450000047683716,3.549999952316284,3.25,3.3499999046325684,10352,0.0,0.0
2024-02-29 11:30:00-05:00,3.4800000190734863,3.490000009536743,3.260200023651123,3.384999990463257,9864,0.0,0.0
2024-02-29 12:30:00-05:00,3.380000114440918,3.5,3.2720000743865967,3.4809999465942383,4747,0.0,0.0
2024-02-29 13:30:00-05:00,3.309999942779541,3.5399999618530273,3.309999942779541,3.4600000381469727,24558,0.0,0.0
2024-02-29 14:30:00-05:00,3.369999885559082,3.5299999713897705,3.299999952316284,3.5199999809265137,4470,0.0,0.0
2024-02-29 15:30:00-05:00,3.3101000785827637,3.5,3.3101000785827637,3.490000009536743,2533,0.0,0.0
2024-03-01 09:30:00-05:00,3.062299966812134,3.4600000381469727,3.062299966812134,3.4600000381469727,15458,0.0,0.0
2024-03-01 10:30:00-05:00,3.3952999114990234,3.5999999046325684,3.210099935531616,3.360100030899048,33701,0.0,0.0
2024-03-01 11:30:00-05:00,3.5299999713897705,3.5999999046325684,3.4600000381469727,3.5399999618530273,45354,0.0,0.0
2024-03-01 12:30:00-05:00,3.5399999618530273,3.8499999046325684,3.4300999641418457,3.7399001121520996,87279,0.0,0.0
2024-03-01 13:30:00-05:00,3.7300000190734863,3.765000104904175,3.5199999809265137,3.615000009536743,17142,0.0,0.0
2024-03-01 14:30:00-05:00,3.5999999046325684,3.680000066757202,3.5299999713897705,3.550100088119507,114713,0.0,0.0
2024-03-01 15:30:00-05:00,3.549999952316284,3.5899999141693115,3.200000047683716,3.3429999351501465,27744,0.0,0.0
2024-03-04 09:30:00-05:00,3.5483999252319336,3.5615999698638916,3.0999999046325684,3.187299966812134,49082,0.0,0.0
2024-03-04 10:30:00-05:00,3.0999999046325684,3.3499999046325684,3.0999999046325684,3.299999952316284,4323,0.0,0.0
2024-03-04 11:30:00-05:00,3.3024001121520996,3.3024001121520996,3.1500000953674316,3.1500000953674316,19899,0.0,0.0
2024-03-04 12:30:00-05:00,3.151400089263916,3.190000057220459,3.150399923324585,3.1700000762939453,2864,0.0,0.0
2024-03-04 13:30:00-05:00,3.190000057220459,3.2899999618530273,3.1600000858306885,3.1600000858306885,4067,0.0,0.0
2024-03-04 14:30:00-05:00,3.1898000240325928,3.1898000240325928,3.100100040435791,3.100100040435791,2157,0.0,0.0
2024-03-04 15:30:00-05:00,3.109999895095825,3.180000066757202,3.069999933242798,3.109999895095825,62683,0.0,0.0
2024-03-05 09:30:00-05:00,2.819999933242798,3.016400098800659,2.799999952316284,2.8041999340057373,26668,0.0,0.0
2024-03-05 10:30:00-05:00,2.799999952316284,3.1198999881744385,2.799999952316284,3.1198999881744385,12982,0.0,0.0
2024-03-05 11:30:00-05:00,3.1391000747680664,3.196199893951416,2.8949999809265137,3.1500000953674316,32712,0.0,0.0
2024-03-05 12:30:00-05:00,2.930000066757202,2.930000066757202,2.850100040435791,2.850100040435791,6329,0.0,0.0
2024-03-05 13:30:00-05:00,2.9700000286102295,2.988600015640259,2.9000000953674316,2.9000000953674316,2523,0.0,0.0
2024-03-05 14:30:00-05:00,2.9049999713897705,2.9600000381469727,2.8399999141693115,2.880000114440918,7456,0.0,0.0
2024-03-05 15:30:00-05:00,2.890000104904175,2.9000000953674316,2.8299999237060547,2.8299999237060547,62910,0.0,0.0
2024-03-06 09:30:00-05:00,2.940000057220459,3.0,2.884999990463257,2.930000066757202,16415,0.0,0.0
2024-03-06 10:30:00-05:00,2.8203001022338867,2.8949999809265137,2.8203001022338867,2.8949999809265137,2591,0.0,0.0
2024-03-06 11:30:00-05:00,2.890000104904175,2.9600000381469727,2.837100028991699,2.930000066757202,4287,0.0,0.0
2024-03-06 12:30:00-05:00,3.0,3.0,2.9100000858306885,2.9100000858306885,3398,0.0,0.0
