Datetime,Open,High,Low,Close,Volume,Dividends,Stock Splits
2023-03-06 13:30:00-05:00,1.1050000190734863,1.1085000038146973,1.083299994468689,1.083299994468689,0,0.0,0.0
2023-03-06 14:30:00-05:00,1.0923999547958374,1.100000023841858,1.0823999643325806,1.100000023841858,10205,0.0,0.0
2023-03-06 15:30:00-05:00,1.090000033378601,1.100000023841858,1.090000033378601,1.090000033378601,6555,0.0,0.0
2023-03-07 09:30:00-05:00,1.100000023841858,1.1200000047683716,1.0850000381469727,1.0850000381469727,39938,0.0,0.0
2023-03-07 10:30:00-05:00,1.0809999704360962,1.100000023841858,1.0809999704360962,1.0997999906539917,12319,0.0,0.0
2023-03-07 11:30:00-05:00,1.0916999578475952,1.100000023841858,1.0910999774932861,1.0910999774932861,2311,0.0,0.0
2023-03-07 12:30:00-05:00,1.090000033378601,1.1201000213623047,1.090000033378601,1.1075999736785889,58490,0.0,0.0
2023-03-07 13:30:00-05:00,1.1100000143051147,1.1100000143051147,1.100100040435791,1.1004999876022339,6602,0.0,0.0
2023-03-07 14:30:00-05:00,1.1050000190734863,1.1100000143051147,1.0901999473571777,1.100000023841858,12694,0.0,0.0
2023-03-07 15:30:00-05:00,1.0950000286102295,1.100000023841858,1.090000033378601,1.090000033378601,13029,0.0,0.0
2023-03-08 09:30:00-05:00,1.1200000047683716,1.128499984741211,1.0827000141143799,1.0973999500274658,45875,0.0,0.0
2023-03-08 10:30:00-05:00,1.090000033378601,1.100000023841858,1.090000033378601,1.100000023841858,8800,0.0,0.0
2023-03-08 11:30:00-05:00,1.0950000286102295,1.100000023841858,1.0700000524520874,1.0800000429153442,31488,0.0,0.0
2023-03-08 12:30:00-05:00,1.0825999975204468,1.090000033378601,1.0499999523162842,1.0758999586105347,99866,0.0,0.0
2023-03-08 13:30:00-05:00,1.0700000524520874,1.0800000429153442,1.0700000524520874,1.0707999467849731,15250,0.0,0.0
2023-03-08 14:30:00-05:00,1.0800000429153442,1.0800000429153442,1.0700000524520874,1.0750000476837158,6556,0.0,0.0
2023-03-08 15:30:00-05:00,1.0700000524520874,1.0800000429153442,1.059999942779541,1.059999942779541,20530,0.0,0.0
2023-03-09 09:30:00-05:00,1.100000023841858,1.1009999513626099,1.0499999523162842,1.065000057220459,47134,0.0,0.0
2023-03-09 10:30:00-05:00,1.059999942779541,1.059999942779541,1.0500999689102173,1.059999942779541,21613,0.0,0.0
2023-03-09 11:30:00-05:00,1.0800000429153442,1.0800000429153442,1.059999942779541,1.0800000429153442,1882,0.0,0.0
2023-03-09 12:30:00-05:00,1.0800000429153442,1.0800000429153442,1.059999942779541,1.059999942779541,17623,0.0,0.0
2023-03-09 13:30:00-05:00,1.0800000429153442,1.0800000429153442,1.0399999618530273,1.0499999523162842,34538,0.0,0.0
2023-03-09 14:30:00-05:00,1.0499999523162842,1.0499999523162842,1.0399999618530273,1.0449999570846558,32410,0.0,0.0
2023-03-09 15:30:00-05:00,1.0449999570846558,1.0499999523162842,1.0399999618530273,1.0399999618530273,18596,0.0,0.0
2023-03-10 09:30:00-05:00,1.0800000429153442,1.0800000429153442,1.0099999904632568,1.0199999809265137,151176,0.0,0.0
2023-03-10 10:30:00-05:00,1.0089000463485718,1.0199999809265137,1.0,1.0149999856948853,48095,0.0,0.0
2023-03-10 11:30:00-05:00,1.0199999809265137,1.0299999713897705,1.0199999809265137,1.024999976158142,11609,0.0,0.0
2023-03-10 12:30:00-05:00,1.0283000469207764,1.0299999713897705,0.9900000095367432,0.9900000095367432,68837,0.0,0.0
2023-03-10 13:30:00-05:00,0.9900000095367432,1.0,0.9800000190734863,0.9998000264167786,50908,0.0,0.0
2023-03-10 14:30:00-05:00,0.9800000190734863,0.9998999834060669,0.9800000190734863,0.9879999756813049,30019,0.0,0.0
2023-03-10 15:30:00-05:00,0.9939000010490417,0.9996989965438843,0.9700999855995178,0.970300018787384,53707,0.0,0.0
2023-03-13 09:30:00-04:00,0.9599999785423279,1.0199999809265137,0.9599999785423279,1.0049999952316284,94339,0.0,0.0
2023-03-13 10:30:00-04:00,1.0099999904632568,1.0499999523162842,1.0006999969482422,1.0499999523162842,77551,0.0,0.0
2023-03-13 11:30:00-04:00,1.030900001525879,1.0399999618530273,1.0,1.0198999643325806,48257,0.0,0.0
2023-03-13 12:30:00-04:00,1.0399999618530273,1.0399999618530273,0.9900000095367432,0.9900000095367432,40192,0.0,0.0
2023-03-13 13:30:00-04:00,1.0,1.0199999809265137,0.991100013256073,1.0133999586105347,14678,0.0,0.0
2023-03-13 14:30:00-04:00,1.0198999643325806,1.0199999809265137,1.0099999904632568,1.0099999904632568,5546,0.0,0.0
2023-03-13 15:30:00-04:00,1.0099999904632568,1.0299999713897705,1.0,1.0099999904632568,16714,0.0,0.0
2023-03-14 09:30:00-04:00,1.0,1.0499999523162842,0.9901000261306763,1.0499999523162842,59356,0.0,0.0
2023-03-14 10:30:00-04:00,1.0499999523162842,1.0499999523162842,1.0299999713897705,1.0399999618530273,21084,0.0,0.0
2023-03-14 11:30:00-04:00,1.0399999618530273,1.0399999618530273,1.0299999713897705,1.0299999713897705,36920,0.0,0.0
2023-03-14 12:30:00-04:00,1.0399999618530273,1.0499999523162842,1.0300999879837036,1.0499999523162842,190553,0.0,0.0
2023-03-14 13:30:00-04:00,1.0400999784469604,1.0800000429153442,1.0399999618530273,1.065000057220459,24607,0.0,0.0
2023-03-14 14:30:00-04:00,1.065000057220459,1.0700000524520874,1.0499999523162842,1.0694999694824219,14842,0.0,0.0
2023-03-14 15:30:00-04:00,1.0700000524520874,1.0700000524520874,1.0299999713897705,1.0299999713897705,33357,0.0,0.0
2023-03-15 09:30:00-04:00,1.0199999809265137,1.0399999618530273,1.0,1.0198999643325806,31263,0.0,0.0
2023-03-15 10:30:00-04:00,1.0110000371932983,1.0199999809265137,1.0099999904632568,1.0099999904632568,4787,0.0,0.0
2023-03-15 11:30:00-04:00,1.0,1.0099999904632568,0.9900000095367432,1.0097999572753906,38116,0.0,0.0
2023-03-15 12:30:00-04:00,1.0099999904632568,1.024999976158142,0.9950000047683716,1.0199999809265137,26720,0.0,0.0
2023-03-15 13:30:00-04:00,1.0118000507354736,1.034999966621399,1.0,1.0,13285,0.0,0.0
2023-03-15 14:30:00-04:00,1.0062999725341797,1.0099999904632568,0.9900000095367432,1.0,21965,0.0,0.0
2023-03-15 15:30:00-04:00,1.003100037574768,1.0199999809265137,0.9926000237464905,1.0199999809265137,32001,0.0,0.0
2023-03-16 09:30:00-04:00,0.9900000095367432,1.0199999809265137,0.9900000095367432,1.0098999738693237,38019,0.0,0.0
2023-03-16 10:30:00-04:00,1.0022000074386597,1.0399999618530273,1.0003000497817993,1.0398000478744507,15333,0.0,0.0
2023-03-16 11:30:00-04:00,1.0399999618530273,1.0399999618530273,1.0099999904632568,1.0299999713897705,5323,0.0,0.0
2023-03-16 12:30:00-04:00,1.0299999713897705,1.0299999713897705,1.0099999904632568,1.0199999809265137,7522,0.0,0.0
2023-03-16 13:30:00-04:00,1.0199999809265137,1.0199999809265137,1.0099999904632568,1.0099999904632568,4907,0.0,0.0
2023-03-16 14:30:00-04:00,1.0199999809265137,1.0299999713897705,1.0099999904632568,1.0299999713897705,14271,0.0,0.0
2023-03-16 15:30:00-04:00,1.0299999713897705,1.0299999713897705,1.0199999809265137,1.0199999809265137,9924,0.0,0.0
2023-03-17 09:30:00-04:00,1.0499999523162842,1.0499999523162842,1.0099999904632568,1.0199999809265137,14721,0.0,0.0
2023-03-17 10:30:00-04:00,1.0199999809265137,1.0499999523162842,1.0199999809265137,1.0300999879837036,32072,0.0,0.0
2023-03-17 12:30:00-04:00,1.0299999713897705,1.0399999618530273,1.0299999713897705,1.0379999876022339,6251,0.0,0.0
2023-03-17 13:30:00-04:00,1.0299999713897705,1.0299999713897705,1.0199999809265137,1.0199999809265137,36270,0.0,0.0
2023-03-17 14:30:00-04:00,1.0199999809265137,1.0266000032424927,1.0099999904632568,1.0211000442504883,12481,0.0,0.0
2023-03-17 15:30:00-04:00,1.024999976158142,1.0298999547958374,0.9800000190734863,1.0,141772,0.0,0.0
2023-03-20 09:30:00-04:00,1.0,1.0199999809265137,0.9700000286102295,0.9700000286102295,151523,0.0,0.0
2023-03-20 10:30:00-04:00,0.9700999855995178,0.9860000014305115,0.9599999785423279,0.9824000000953674,52529,0.0,0.0
2023-03-20 11:30:00-04:00,0.98580002784729,0.98580002784729,0.9741659760475159,0.9797000288963318,8616,0.0,0.0
2023-03-20 12:30:00-04:00,0.9700000286102295,0.9879000186920166,0.9700000286102295,0.9879000186920166,39668,0.0,0.0
2023-03-20 13:30:00-04:00,0.9800000190734863,0.9858989715576172,0.9800000190734863,0.9800000190734863,43390,0.0,0.0
2023-03-20 14:30:00-04:00,0.9800000190734863,1.0099999904632568,0.9700999855995178,0.9760000109672546,40287,0.0,0.0
2023-03-20 15:30:00-04:00,0.9760000109672546,1.0099999904632568,0.9692000150680542,0.972100019454956,32911,0.0,0.0
2023-03-21 09:30:00-04:00,0.9900000095367432,1.000100016593933,0.9800000190734863,0.996999979019165,32138,0.0,0.0
2023-03-21 10:30:00-04:00,1.0099999904632568,1.0199999809265137,0.9970999956130981,1.0099999904632568,25251,0.0,0.0
2023-03-21 11:30:00-04:00,1.0099999904632568,1.0199999809265137,1.0,1.0038000345230103,16230,0.0,0.0
2023-03-21 12:30:00-04:00,1.0099999904632568,1.0184999704360962,1.0,1.0099999904632568,10921,0.0,0.0
2023-03-21 13:30:00-04:00,1.0,1.0199999809265137,1.0,1.01010000705719,9921,0.0,0.0
2023-03-21 14:30:00-04:00,1.0149999856948853,1.0299999713897705,1.0099999904632568,1.0299999713897705,36982,0.0,0.0
2023-03-21 15:30:00-04:00,1.0296000242233276,1.0296000242233276,1.0099999904632568,1.0099999904632568,11062,0.0,0.0
2023-03-22 09:30:00-04:00,1.0,1.0099999904632568,1.0,1.0099999904632568,6511,0.0,0.0
2023-03-22 10:30:00-04:00,1.009600043296814,1.0099999904632568,1.0049999952316284,1.0049999952316284,502,0.0,0.0
2023-03-22 11:30:00-04:00,1.0099999904632568,1.0180000066757202,1.0,1.0099999904632568,2686,0.0,0.0
2023-03-22 12:30:00-04:00,1.0099999904632568,1.0099999904632568,1.0,1.0,22519,0.0,0.0
2023-03-22 13:30:00-04:00,1.0099999904632568,1.0144000053405762,1.0099999904632568,1.0132999420166016,1209,0.0,0.0
2023-03-22 14:30:00-04:00,1.0099999904632568,1.0199999809265137,1.0099999904632568,1.0199999809265137,8300,0.0,0.0
2023-03-22 15:30:00-04:00,1.0149999856948853,1.0299999713897705,1.0099999904632568,1.0199999809265137,32537,0.0,0.0
2023-03-23 09:30:00-04:00,1.0199999809265137,1.0299999713897705,1.0199999809265137,1.0299999713897705,37182,0.0,0.0
2023-03-23 10:30:00-04:00,1.0299999713897705,1.0399999618530273,1.0199999809265137,1.0328999757766724,10183,0.0,0.0
2023-03-23 11:30:00-04:00,1.031599998474121,1.0363999605178833,1.0199999809265137,1.024999976158142,12887,0.0,0.0
2023-03-23 12:30:00-04:00,1.024999976158142,1.0299999713897705,1.0199999809265137,1.0231000185012817,19389,0.0,0.0
2023-03-23 13:30:00-04:00,1.0219999551773071,1.0235999822616577,1.0199999809265137,1.0199999809265137,2880,0.0,0.0
2023-03-23 14:30:00-04:00,1.024999976158142,1.0299999713897705,1.0199999809265137,1.024999976158142,9250,0.0,0.0
2023-03-23 15:30:00-04:00,1.0276999473571777,1.0299999713897705,1.0199999809265137,1.0299999713897705,11935,0.0,0.0
2023-03-24 09:30:00-04:00,1.0199999809265137,1.0299999713897705,1.0199999809265137,1.029099941253662,13628,0.0,0.0
2023-03-24 10:30:00-04:00,1.024999976158142,1.0299999713897705,1.0199999809265137,1.0200999975204468,7033,0.0,0.0
2023-03-24 11:30:00-04:00,1.0242999792099,1.027999997138977,1.0199999809265137,1.027999997138977,1942,0.0,0.0
2023-03-24 12:30:00-04:00,1.0199999809265137,1.0199999809265137,1.0,1.0098999738693237,51763,0.0,0.0
2023-03-24 13:30:00-04:00,1.0199999809265137,1.0199999809265137,1.0,1.0199999809265137,2949,0.0,0.0
2023-03-24 14:30:00-04:00,1.01010000705719,1.0198999643325806,1.01010000705719,1.0198999643325806,3175,0.0,0.0
2023-03-24 15:30:00-04:00,1.0110000371932983,1.0199999809265137,1.0099999904632568,1.0099999904632568,3684,0.0,0.0
2023-03-27 09:30:00-04:00,1.0199999809265137,1.0199999809265137,1.0099999904632568,1.0199999809265137,9393,0.0,0.0
2023-03-27 10:30:00-04:00,1.0199999809265137,1.0199999809265137,1.0099999904632568,1.0199999809265137,4947,0.0,0.0
2023-03-27 11:30:00-04:00,1.0199999809265137,1.0299999713897705,1.0199999809265137,1.0299999713897705,1515,0.0,0.0
2023-03-27 12:30:00-04:00,1.011299967765808,1.0290000438690186,1.0104999542236328,1.0290000438690186,4258,0.0,0.0
2023-03-27 13:30:00-04:00,1.01010000705719,1.0199999809265137,1.01010000705719,1.0198999643325806,9694,0.0,0.0
2023-03-27 14:30:00-04:00,1.0125000476837158,1.0125000476837158,1.0125000476837158,1.0125000476837158,697,0.0,0.0
2023-03-27 15:30:00-04:00,1.0290000438690186,1.0299999713897705,1.0099999904632568,1.0099999904632568,3119,0.0,0.0
2023-03-28 09:30:00-04:00,1.0,1.0199999809265137,1.0,1.0149999856948853,27811,0.0,0.0
2023-03-28 10:30:00-04:00,1.0169999599456787,1.0199999809265137,1.010599970817566,1.0199999809265137,4587,0.0,0.0
2023-03-28 11:30:00-04:00,1.0199999809265137,1.0199999809265137,1.0099999904632568,1.0199999809265137,10425,0.0,0.0
2023-03-28 12:30:00-04:00,1.0199999809265137,1.0199999809265137,1.010699987411499,1.0199999809265137,4374,0.0,0.0
2023-03-28 13:30:00-04:00,1.010599970817566,1.0199999809265137,1.0104000568389893,1.0199999809265137,5703,0.0,0.0
2023-03-28 14:30:00-04:00,1.0199999809265137,1.0199999809265137,1.010699987411499,1.0199999809265137,6942,0.0,0.0
2023-03-28 15:30:00-04:00,1.0199999809265137,1.0199999809265137,1.0099999904632568,1.0199999809265137,8539,0.0,0.0
2023-03-29 09:30:00-04:00,1.0,1.0299999713897705,1.0,1.024999976158142,34468,0.0,0.0
2023-03-29 10:30:00-04:00,1.024999976158142,1.0299999713897705,1.0206999778747559,1.020799994468689,2905,0.0,0.0
2023-03-29 11:30:00-04:00,1.0204999446868896,1.0299999713897705,1.0199999809265137,1.0298999547958374,10439,0.0,0.0
2023-03-29 12:30:00-04:00,1.0299999713897705,1.0299999713897705,1.0199999809265137,1.0205999612808228,19069,0.0,0.0
2023-03-29 13:30:00-04:00,1.0199999809265137,1.0499999523162842,1.0199999809265137,1.0499999523162842,19223,0.0,0.0
2023-03-29 14:30:00-04:00,1.0399999618530273,1.0499999523162842,1.0300999879837036,1.0499999523162842,7841,0.0,0.0
2023-03-29 15:30:00-04:00,1.0499000549316406,1.059999942779541,1.0399999618530273,1.059999942779541,30437,0.0,0.0
2023-03-30 09:30:00-04:00,1.0199999809265137,1.059999942779541,1.0199999809265137,1.0508999824523926,96449,0.0,0.0
2023-03-30 10:30:00-04:00,1.0499999523162842,1.0700000524520874,1.0400999784469604,1.059999942779541,30484,0.0,0.0
2023-03-30 11:30:00-04:00,1.0507999658584595,1.0700000524520874,1.0499999523162842,1.059999942779541,9420,0.0,0.0
2023-03-30 12:30:00-04:00,1.0700000524520874,1.0700000524520874,1.0499999523162842,1.0693000555038452,15288,0.0,0.0
2023-03-30 13:30:00-04:00,1.069599986076355,1.0800000429153442,1.0600999593734741,1.0800000429153442,15295,0.0,0.0
2023-03-30 14:30:00-04:00,1.0611000061035156,1.0800000429153442,1.059999942779541,1.0771000385284424,26058,0.0,0.0
2023-03-30 15:30:00-04:00,1.0693000555038452,1.0700000524520874,1.059999942779541,1.0700000524520874,10206,0.0,0.0
2023-03-31 09:30:00-04:00,1.0700000524520874,1.0738999843597412,1.0399999618530273,1.059999942779541,66088,0.0,0.0
2023-03-31 10:30:00-04:00,1.0616999864578247,1.0631999969482422,1.0199999809265137,1.0299999713897705,127284,0.0,0.0
2023-03-31 11:30:00-04:00,1.0499999523162842,1.0499999523162842,1.030400037765503,1.0499999523162842,4164,0.0,0.0
2023-03-31 12:30:00-04:00,1.0499999523162842,1.059999942779541,1.0302000045776367,1.059999942779541,19350,0.0,0.0
2023-03-31 13:30:00-04:00,1.059999942779541,1.059999942779541,1.0399999618530273,1.0499000549316406,13763,0.0,0.0
2023-03-31 14:30:00-04:00,1.0399999618530273,1.059999942779541,1.0399999618530273,1.0449999570846558,27324,0.0,0.0
2023-03-31 15:30:00-04:00,1.0499999523162842,1.0499999523162842,1.0199999809265137,1.0199999809265137,38970,0.0,0.0
2023-04-03 09:30:00-04:00,0.9639999866485596,1.0299999713897705,0.954200029373169,1.0199999809265137,240048,0.0,0.0
2023-04-03 10:30:00-04:00,1.0199999809265137,1.0299999713897705,0.988099992275238,1.0098999738693237,20256,0.0,0.0
2023-04-03 11:30:00-04:00,1.0049999952316284,1.0299999713897705,1.0049999952316284,1.0199999809265137,4727,0.0,0.0
2023-04-03 12:30:00-04:00,1.0299999713897705,1.0399999618530273,1.0099999904632568,1.0099999904632568,33219,0.0,0.0
2023-04-03 13:30:00-04:00,1.0199999809265137,1.0299999713897705,1.000100016593933,1.01010000705719,4673,0.0,0.0
2023-04-03 14:30:00-04:00,1.0099999904632568,1.0299999713897705,1.0,1.0099999904632568,17258,0.0,0.0
2023-04-03 15:30:00-04:00,1.0099999904632568,1.0199999809265137,1.0,1.0099999904632568,4590,0.0,0.0
2023-04-04 09:30:00-04:00,1.0099999904632568,1.0399999618530273,1.0,1.0205999612808228,62372,0.0,0.0
2023-04-04 10:30:00-04:00,1.030900001525879,1.0399999618530273,1.0017000436782837,1.0198999643325806,30836,0.0,0.0
2023-04-04 11:30:00-04:00,1.0006999969482422,1.0199999809265137,1.0,1.001099944114685,27577,0.0,0.0
2023-04-04 12:30:00-04:00,1.0176000595092773,1.0199999809265137,1.0019999742507935,1.0199999809265137,3753,0.0,0.0
2023-04-04 13:30:00-04:00,1.0199999809265137,1.0399999618530273,1.0011999607086182,1.0299999713897705,30532,0.0,0.0
2023-04-04 14:30:00-04:00,1.0288000106811523,1.0299999713897705,1.0099999904632568,1.0099999904632568,69655,0.0,0.0
2023-04-04 15:30:00-04:00,1.0299999713897705,1.0299999713897705,1.0099999904632568,1.0299999713897705,12138,0.0,0.0
2023-04-05 09:30:00-04:00,1.0199999809265137,1.0295000076293945,1.0,1.000100016593933,43604,0.0,0.0
2023-04-05 10:30:00-04:00,1.0199999809265137,1.0199999809265137,1.0,1.0199999809265137,3254,0.0,0.0
2023-04-05 11:30:00-04:00,1.0199999809265137,1.0199999809265137,0.9900000095367432,1.0098999738693237,28749,0.0,0.0
2023-04-05 12:30:00-04:00,1.0,1.0099999904632568,0.994799017906189,0.9995999932289124,21521,0.0,0.0
2023-04-05 13:30:00-04:00,0.9976990222930908,0.9998999834060669,0.9950000047683716,0.9998000264167786,7361,0.0,0.0
2023-04-05 14:30:00-04:00,0.9998999834060669,0.9998999834060669,0.9800000190734863,0.9800000190734863,48869,0.0,0.0
2023-04-05 15:30:00-04:00,0.9848999977111816,0.9898999929428101,0.9800000190734863,0.989300012588501,20469,0.0,0.0
2023-04-06 09:30:00-04:00,1.0199999809265137,1.0199999809265137,0.9599999785423279,0.9937999844551086,280824,0.0,0.0
2023-04-06 10:30:00-04:00,0.9800000190734863,0.9859989881515503,0.9800000190734863,0.9800999760627747,3689,0.0,0.0
2023-04-06 11:30:00-04:00,0.9800999760627747,0.9918000102043152,0.9800000190734863,0.991599977016449,2726,0.0,0.0
2023-04-06 12:30:00-04:00,0.972100019454956,1.0048999786376953,0.972100019454956,1.0,13135,0.0,0.0
2023-04-06 13:30:00-04:00,0.9882000088691711,1.0,0.9764999747276306,0.9765999913215637,3137,0.0,0.0
2023-04-06 14:30:00-04:00,0.9850000143051147,0.9980000257492065,0.9769999980926514,0.9769999980926514,5123,0.0,0.0
2023-04-06 15:30:00-04:00,0.9769999980926514,0.9883999824523926,0.9664000272750854,0.9700000286102295,21529,0.0,0.0
2023-04-10 09:30:00-04:00,0.9700000286102295,0.9979000091552734,0.9700000286102295,0.9800000190734863,25835,0.0,0.0
2023-04-10 10:30:00-04:00,0.9800000190734863,0.9980000257492065,0.9703999757766724,0.9980000257492065,15739,0.0,0.0
2023-04-10 11:30:00-04:00,0.9900000095367432,0.9979000091552734,0.9854999780654907,0.9854999780654907,1047,0.0,0.0
2023-04-10 12:30:00-04:00,0.9898999929428101,0.9898999929428101,0.9800000190734863,0.9898999929428101,4133,0.0,0.0
2023-04-10 13:30:00-04:00,0.9883149862289429,0.9898999929428101,0.9800000190734863,0.989799976348877,8583,0.0,0.0
2023-04-10 14:30:00-04:00,0.9800000190734863,0.9800999760627747,0.972599983215332,0.972599983215332,9910,0.0,0.0
2023-04-10 15:30:00-04:00,0.9763000011444092,0.9797999858856201,0.9700999855995178,0.9700999855995178,8644,0.0,0.0
2023-04-11 09:30:00-04:00,0.9815999865531921,0.989799976348877,0.9800000190734863,0.9839000105857849,22604,0.0,0.0
2023-04-11 10:30:00-04:00,0.9800000190734863,0.9965000152587891,0.9700000286102295,0.9707000255584717,91317,0.0,0.0
2023-04-11 11:30:00-04:00,0.9728000164031982,0.9830999970436096,0.9700000286102295,0.9724000096321106,44064,0.0,0.0
2023-04-11 12:30:00-04:00,0.9718999862670898,0.9900000095367432,0.9700000286102295,0.9900000095367432,27468,0.0,0.0
2023-04-11 13:30:00-04:00,0.9850999712944031,0.9850999712944031,0.9702000021934509,0.9702000021934509,14432,0.0,0.0
2023-04-11 14:30:00-04:00,0.9750000238418579,0.9800000190734863,0.970100998878479,0.9799000024795532,12785,0.0,0.0
2023-04-11 15:30:00-04:00,0.9799000024795532,0.9800000190734863,0.9700000286102295,0.9700999855995178,19826,0.0,0.0
2023-04-12 09:30:00-04:00,0.9700000286102295,1.0,0.9700000286102295,0.9901999831199646,34955,0.0,0.0
2023-04-12 10:30:00-04:00,0.989799976348877,0.989799976348877,0.9700009822845459,0.9799489974975586,4198,0.0,0.0
2023-04-12 11:30:00-04:00,0.9898999929428101,0.9898999929428101,0.9700999855995178,0.9739999771118164,19761,0.0,0.0
2023-04-12 12:30:00-04:00,0.9890000224113464,0.9898999929428101,0.9700000286102295,0.9749000072479248,91722,0.0,0.0
2023-04-12 13:30:00-04:00,0.9724500179290771,0.9749000072479248,0.9700000286102295,0.9749000072479248,4400,0.0,0.0
2023-04-12 14:30:00-04:00,0.970100998878479,0.9725000262260437,0.9700000286102295,0.9700000286102295,84816,0.0,0.0
2023-04-12 15:30:00-04:00,0.9700999855995178,0.9837999939918518,0.9700000286102295,0.9749990105628967,5283,0.0,0.0
2023-04-13 09:30:00-04:00,0.9700000286102295,0.989799976348877,0.9700000286102295,0.9890000224113464,27794,0.0,0.0
2023-04-13 10:30:00-04:00,0.9889000058174133,1.0099999904632568,0.9889000058174133,1.0099999904632568,30393,0.0,0.0
2023-04-13 11:30:00-04:00,1.0099999904632568,1.0099999904632568,0.9900000095367432,1.0,38950,0.0,0.0
2023-04-13 12:30:00-04:00,0.9962000250816345,1.0199999809265137,0.9962000250816345,1.0199999809265137,24367,0.0,0.0
2023-04-13 13:30:00-04:00,1.0,1.0199999809265137,1.0,1.017799973487854,5481,0.0,0.0
2023-04-13 14:30:00-04:00,1.0199999809265137,1.0299999713897705,1.0099999904632568,1.0299999713897705,16534,0.0,0.0
2023-04-13 15:30:00-04:00,1.0299999713897705,1.0299999713897705,1.0099999904632568,1.0099999904632568,34123,0.0,0.0
2023-04-14 09:30:00-04:00,1.0,1.0299999713897705,1.0,1.0099999904632568,16385,0.0,0.0
2023-04-14 10:30:00-04:00,1.0299999713897705,1.0299999713897705,1.0099999904632568,1.024999976158142,25248,0.0,0.0
2023-04-14 11:30:00-04:00,1.0199999809265137,1.0267000198364258,1.0099999904632568,1.0199999809265137,3599,0.0,0.0
2023-04-14 12:30:00-04:00,1.014299988746643,1.0299999713897705,1.0099999904632568,1.0125000476837158,8190,0.0,0.0
2023-04-14 13:30:00-04:00,1.0099999904632568,1.0299999713897705,1.0099999904632568,1.013100028038025,9292,0.0,0.0
2023-04-14 14:30:00-04:00,1.0299999713897705,1.0299999713897705,0.9944000244140625,1.0099999904632568,79618,0.0,0.0
2023-04-14 15:30:00-04:00,1.0099999904632568,1.0199999809265137,1.0,1.0099999904632568,29646,0.0,0.0
2023-04-17 09:30:00-04:00,1.0,1.0299999713897705,1.0,1.013100028038025,29391,0.0,0.0
2023-04-17 10:30:00-04:00,1.0099999904632568,1.0199999809265137,1.0099999904632568,1.01010000705719,1770,0.0,0.0
2023-04-17 11:30:00-04:00,1.0128999948501587,1.0199999809265137,1.0099999904632568,1.0199999809265137,3294,0.0,0.0
2023-04-17 12:30:00-04:00,1.0099999904632568,1.0198999643325806,1.0099999904632568,1.0099999904632568,2942,0.0,0.0
2023-04-17 13:30:00-04:00,1.0199999809265137,1.0199999809265137,1.0099999904632568,1.0199999809265137,6211,0.0,0.0
2023-04-17 14:30:00-04:00,1.0199999809265137,1.0199999809265137,1.0099999904632568,1.0189000368118286,14116,0.0,0.0
2023-04-17 15:30:00-04:00,1.0199999809265137,1.0199999809265137,1.0099999904632568,1.0198999643325806,0,0.0,0.0
2023-04-18 09:30:00-04:00,1.0299999713897705,1.0299999713897705,1.0199999809265137,1.0199999809265137,66923,0.0,0.0
2023-04-18 10:30:00-04:00,1.0199999809265137,1.024999976158142,1.0199999809265137,1.024999976158142,6837,0.0,0.0
2023-04-18 11:30:00-04:00,1.0204999446868896,1.0299999713897705,1.0199999809265137,1.0298999547958374,4685,0.0,0.0
2023-04-18 12:30:00-04:00,1.0199999809265137,1.0299999713897705,1.0099999904632568,1.0299999713897705,11914,0.0,0.0
2023-04-18 13:30:00-04:00,1.0199999809265137,1.0299999713897705,1.0199999809265137,1.0199999809265137,9366,0.0,0.0
2023-04-18 14:30:00-04:00,1.0299999713897705,1.0299999713897705,1.0199999809265137,1.0199999809265137,19733,0.0,0.0
2023-04-18 15:30:00-04:00,1.0199999809265137,1.0299999713897705,1.0099999904632568,1.0199999809265137,10049,0.0,0.0
2023-04-19 09:30:00-04:00,1.0299999713897705,1.0299999713897705,1.0099999904632568,1.0099999904632568,48568,0.0,0.0
2023-04-19 10:30:00-04:00,1.0099999904632568,1.0199999809265137,1.0099999904632568,1.0149999856948853,21883,0.0,0.0
2023-04-19 11:30:00-04:00,1.0115000009536743,1.0199999809265137,1.0099999904632568,1.0099999904632568,28076,0.0,0.0
2023-04-19 12:30:00-04:00,1.0149999856948853,1.0196000337600708,1.0099999904632568,1.0099999904632568,10127,0.0,0.0
2023-04-19 13:30:00-04:00,1.0149999856948853,1.0149999856948853,0.9950000047683716,1.007699966430664,24902,0.0,0.0
2023-04-19 14:30:00-04:00,1.002500057220459,1.0099999904632568,0.9951000213623047,1.0012999773025513,10712,0.0,0.0
2023-04-19 15:30:00-04:00,1.0099999904632568,1.0099999904632568,0.9901000261306763,0.9901000261306763,12460,0.0,0.0
2023-04-20 09:30:00-04:00,1.0099999904632568,1.0099999904632568,1.0,1.0,18185,0.0,0.0
2023-04-20 10:30:00-04:00,1.0,1.0099999904632568,0.9950000047683716,0.9950000047683716,17368,0.0,0.0
2023-04-20 11:30:00-04:00,0.9973999857902527,1.0199999809265137,0.9950000047683716,1.0025999546051025,40750,0.0,0.0
2023-04-20 12:30:00-04:00,0.9958000183105469,1.0199999809265137,0.9952999949455261,1.0099999904632568,13135,0.0,0.0
2023-04-20 13:30:00-04:00,1.0149999856948853,1.0199999809265137,1.01010000705719,1.01010000705719,1823,0.0,0.0
2023-04-20 14:30:00-04:00,1.0110000371932983,1.0198999643325806,1.0,1.0003000497817993,10831,0.0,0.0
2023-04-20 15:30:00-04:00,1.0,1.0049999952316284,1.0,1.0,0,0.0,0.0
2023-04-21 09:30:00-04:00,1.0099999904632568,1.0099999904632568,0.9950000047683716,1.0049999952316284,20263,0.0,0.0
2023-04-21 10:30:00-04:00,1.0099999904632568,1.0099999904632568,0.9900000095367432,0.9900000095367432,29016,0.0,0.0
2023-04-21 11:30:00-04:00,0.9901000261306763,0.9998000264167786,0.9900000095367432,0.9900000095367432,14135,0.0,0.0
2023-04-21 12:30:00-04:00,0.9909999966621399,0.9976000189781189,0.9900000095367432,0.9950000047683716,2224,0.0,0.0
2023-04-21 13:30:00-04:00,0.9959930181503296,0.9972000122070312,0.9936000108718872,0.9972000122070312,1600,0.0,0.0
2023-04-21 14:30:00-04:00,0.9900000095367432,0.9970999956130981,0.9900000095367432,0.9965999722480774,2838,0.0,0.0
2023-04-21 15:30:00-04:00,0.9959999918937683,1.0099999904632568,0.9945999979972839,1.0,24254,0.0,0.0
2023-04-24 09:30:00-04:00,1.0,1.0199999809265137,0.9850000143051147,0.996999979019165,73687,0.0,0.0
2023-04-24 10:30:00-04:00,0.9988999962806702,1.0,0.9850000143051147,0.9900000095367432,21690,0.0,0.0
2023-04-24 11:30:00-04:00,0.9949510097503662,0.9998999834060669,0.9750000238418579,0.9858999848365784,111121,0.0,0.0
2023-04-24 12:30:00-04:00,0.9896000027656555,0.9896000027656555,0.9850000143051147,0.9883000254631042,8449,0.0,0.0
2023-04-24 13:30:00-04:00,0.9883000254631042,1.0099999904632568,0.9850000143051147,1.0099999904632568,14626,0.0,0.0
2023-04-24 14:30:00-04:00,1.0099999904632568,1.0149999856948853,1.000100016593933,1.0099999904632568,16966,0.0,0.0
2023-04-24 15:30:00-04:00,1.01010000705719,1.0199999809265137,1.0099999904632568,1.0149999856948853,7666,0.0,0.0
2023-04-25 09:30:00-04:00,1.0199999809265137,1.0199999809265137,0.9900000095367432,0.9951000213623047,18355,0.0,0.0
2023-04-25 10:30:00-04:00,0.9998999834060669,1.0099999904632568,0.9900000095367432,0.9994999766349792,10543,0.0,0.0
2023-04-25 11:30:00-04:00,0.9900000095367432,0.9993000030517578,0.9900000095367432,0.9993000030517578,1335,0.0,0.0
2023-04-25 12:30:00-04:00,1.0,1.0099999904632568,0.9894999861717224,0.9940000176429749,29874,0.0,0.0
2023-04-25 13:30:00-04:00,0.9940000176429749,0.9940000176429749,0.9894999861717224,0.9940000176429749,953,0.0,0.0
2023-04-25 14:30:00-04:00,0.9940000176429749,0.9940000176429749,0.9919999837875366,0.9921000003814697,1029,0.0,0.0
2023-04-25 15:30:00-04:00,0.9900000095367432,0.9940999746322632,0.9900000095367432,0.9900000095367432,0,0.0,0.0
2023-04-26 09:30:00-04:00,0.9926000237464905,0.9998999834060669,0.9901999831199646,0.9997000098228455,16563,0.0,0.0
2023-04-26 10:30:00-04:00,0.9909999966621399,0.9994999766349792,0.9909999966621399,0.9919999837875366,15365,0.0,0.0
2023-04-26 11:30:00-04:00,0.9968000054359436,0.9998999834060669,0.9909999966621399,0.9998999834060669,6487,0.0,0.0
2023-04-26 12:30:00-04:00,1.0,1.0,0.9800000190734863,0.9908999800682068,61579,0.0,0.0
2023-04-26 13:30:00-04:00,0.9894499778747559,0.9908999800682068,0.9800000190734863,0.9908999800682068,15026,0.0,0.0
2023-04-26 14:30:00-04:00,0.9908999800682068,0.9908999800682068,0.9800000190734863,0.9908000230789185,9424,0.0,0.0
2023-04-26 15:30:00-04:00,0.9879000186920166,0.9905999898910522,0.9850000143051147,0.9850000143051147,0,0.0,0.0
2023-04-27 09:30:00-04:00,0.9900000095367432,1.0,0.9818000197410583,0.9900990128517151,13032,0.0,0.0
2023-04-27 10:30:00-04:00,0.9998999834060669,1.0,0.9850000143051147,0.9850000143051147,30529,0.0,0.0
2023-04-27 11:30:00-04:00,0.9925000071525574,1.0,0.9810000061988831,0.9811000227928162,8689,0.0,0.0
2023-04-27 12:30:00-04:00,0.9848999977111816,0.9848999977111816,0.9811000227928162,0.9848999977111816,4830,0.0,0.0
2023-04-27 13:30:00-04:00,0.9848999977111816,0.9849500060081482,0.9710000157356262,0.9749000072479248,110773,0.0,0.0
2023-04-27 14:30:00-04:00,0.9749000072479248,0.9750000238418579,0.9660000205039978,0.9750000238418579,84068,0.0,0.0
2023-04-27 15:30:00-04:00,0.9749000072479248,1.0,0.9749000072479248,1.0,30095,0.0,0.0
2023-04-28 09:30:00-04:00,0.9900000095367432,1.000100016593933,0.9700000286102295,1.000100016593933,53711,0.0,0.0
2023-04-28 10:30:00-04:00,0.9900000095367432,1.0099999904632568,0.9800999760627747,0.9800999760627747,61147,0.0,0.0
2023-04-28 11:30:00-04:00,0.9801999926567078,0.9831500053405762,0.9760000109672546,0.9769499897956848,6753,0.0,0.0
2023-04-28 12:30:00-04:00,0.9769999980926514,1.0,0.9768999814987183,1.0,17473,0.0,0.0
2023-04-28 13:30:00-04:00,0.9950000047683716,1.0199999809265137,0.9950000047683716,1.0099999904632568,68939,0.0,0.0
2023-04-28 14:30:00-04:00,1.0099999904632568,1.0299999713897705,1.0,1.0,86119,0.0,0.0
2023-04-28 15:30:00-04:00,0.9983180165290833,1.0099999904632568,0.9983180165290833,1.0099999904632568,4375,0.0,0.0
2023-05-01 09:30:00-04:00,1.0299999713897705,1.100000023841858,1.0099999904632568,1.034999966621399,189975,0.0,0.0
2023-05-01 10:30:00-04:00,1.0299999713897705,1.0497000217437744,1.0199999809265137,1.0211000442504883,19079,0.0,0.0
2023-05-01 11:30:00-04:00,1.0210000276565552,1.024999976158142,1.0099999904632568,1.0099999904632568,15813,0.0,0.0
2023-05-01 12:30:00-04:00,1.010699987411499,1.0199999809265137,1.010699987411499,1.0199999809265137,3249,0.0,0.0
2023-05-01 13:30:00-04:00,1.0149999856948853,1.0299999713897705,1.0149999856948853,1.0299999713897705,1751,0.0,0.0
2023-05-01 14:30:00-04:00,1.0199999809265137,1.0199999809265137,1.0099999904632568,1.0199999809265137,11925,0.0,0.0
2023-05-01 15:30:00-04:00,1.0099999904632568,1.0299999713897705,1.0099999904632568,1.0299999713897705,3159,0.0,0.0
2023-05-02 09:30:00-04:00,1.0,1.02839994430542,1.0,1.0199999809265137,6534,0.0,0.0
2023-05-02 10:30:00-04:00,1.0199999809265137,1.0199999809265137,1.0099999904632568,1.0099999904632568,6142,0.0,0.0
2023-05-02 11:30:00-04:00,1.0149999856948853,1.0199999809265137,1.0099999904632568,1.0199999809265137,12013,0.0,0.0
2023-05-02 12:30:00-04:00,1.0199999809265137,1.0199999809265137,1.0099999904632568,1.0199999809265137,13722,0.0,0.0
2023-05-02 13:30:00-04:00,1.0199999809265137,1.0199999809265137,0.9950000047683716,0.9973999857902527,39288,0.0,0.0
2023-05-02 14:30:00-04:00,0.9998999834060669,1.0097999572753906,0.98512202501297,0.9940999746322632,49281,0.0,0.0
2023-05-02 15:30:00-04:00,1.002500057220459,1.0199999809265137,0.9810000061988831,0.9811000227928162,0,0.0,0.0
2023-05-03 09:30:00-04:00,0.9900000095367432,1.0,0.983299970626831,0.983299970626831,12156,0.0,0.0
2023-05-03 10:30:00-04:00,1.0,1.0,0.9830999970436096,0.9896000027656555,3232,0.0,0.0
2023-05-03 11:30:00-04:00,0.9832000136375427,0.9926999807357788,0.9832000136375427,0.9854000210762024,5648,0.0,0.0
2023-05-03 12:30:00-04:00,0.9900000095367432,0.9900000095367432,0.982200026512146,0.982200026512146,15293,0.0,0.0
2023-05-03 13:30:00-04:00,0.9878000020980835,0.9922000169754028,0.9864000082015991,0.9922000169754028,28530,0.0,0.0
2023-05-03 14:30:00-04:00,0.9921000003814697,1.0,0.991599977016449,1.0,11055,0.0,0.0
2023-05-03 15:30:00-04:00,1.0,1.0,0.9900000095367432,0.9900000095367432,21656,0.0,0.0
2023-05-04 09:30:00-04:00,0.9829999804496765,1.0,0.9829999804496765,0.989799976348877,22307,0.0,0.0
2023-05-04 10:30:00-04:00,0.989799976348877,0.9998999834060669,0.989799976348877,0.9998999834060669,19990,0.0,0.0
2023-05-04 11:30:00-04:00,0.9998999834060669,1.0,0.9951000213623047,0.9980000257492065,5437,0.0,0.0
2023-05-04 12:30:00-04:00,1.0,1.0,0.9900000095367432,0.9900000095367432,1159,0.0,0.0
2023-05-04 13:30:00-04:00,0.9950000047683716,1.0,0.9922000169754028,0.9998999834060669,11948,0.0,0.0
2023-05-04 14:30:00-04:00,1.0,1.0049999952316284,0.9901999831199646,0.9902999997138977,44460,0.0,0.0
2023-05-04 15:30:00-04:00,0.9901999831199646,0.9921000003814697,0.9901999831199646,0.9921000003814697,0,0.0,0.0
2023-05-05 09:30:00-04:00,0.9900000095367432,1.0168999433517456,0.9900000095367432,1.0,20416,0.0,0.0
2023-05-05 10:30:00-04:00,0.9951000213623047,1.0,0.9901999831199646,1.0,16870,0.0,0.0
2023-05-05 11:30:00-04:00,0.9998999834060669,1.0,0.9998999834060669,0.9998999834060669,14382,0.0,0.0
2023-05-05 12:30:00-04:00,1.0,1.0,0.9955000281333923,0.9980000257492065,11221,0.0,0.0
2023-05-05 13:30:00-04:00,1.0,1.0,0.9998999834060669,1.0,1889,0.0,0.0
2023-05-05 14:30:00-04:00,1.0,1.0,0.9998999834060669,0.9998999834060669,7253,0.0,0.0
2023-05-05 15:30:00-04:00,0.9998999834060669,1.0,0.9990000128746033,1.0,20755,0.0,0.0
2023-05-08 09:30:00-04:00,1.0,1.0,0.9904999732971191,0.9930999875068665,30006,0.0,0.0
2023-05-08 10:30:00-04:00,0.9965999722480774,1.0,0.9930999875068665,0.9997000098228455,3342,0.0,0.0
2023-05-08 11:30:00-04:00,0.9951000213623047,0.9965000152587891,0.9929999709129333,0.9951000213623047,2003,0.0,0.0
2023-05-08 12:30:00-04:00,0.9970999956130981,0.9998999834060669,0.996999979019165,0.9991999864578247,22917,0.0,0.0
2023-05-08 13:30:00-04:00,0.9995499849319458,0.9998000264167786,0.9990000128746033,0.9997990131378174,15753,0.0,0.0
2023-05-08 14:30:00-04:00,0.9991000294685364,0.9998999834060669,0.9990000128746033,0.9991000294685364,4636,0.0,0.0
2023-05-08 15:30:00-04:00,0.9997000098228455,0.9998999834060669,0.9990000128746033,0.9990000128746033,19127,0.0,0.0
2023-05-09 09:30:00-04:00,0.9900000095367432,1.013700008392334,0.9850000143051147,0.9940000176429749,35128,0.0,0.0
2023-05-09 10:30:00-04:00,0.9934999942779541,0.9998000264167786,0.9900000095367432,0.9900000095367432,13140,0.0,0.0
2023-05-09 11:30:00-04:00,0.9900000095367432,0.9994000196456909,0.9900000095367432,0.9900000095367432,7422,0.0,0.0
2023-05-09 12:30:00-04:00,0.9900000095367432,0.9900000095367432,0.9879999756813049,0.9900000095367432,3910,0.0,0.0
2023-05-09 13:30:00-04:00,0.991225004196167,1.0,0.9900000095367432,1.0,6969,0.0,0.0
2023-05-09 14:30:00-04:00,0.9902999997138977,1.0,0.9902999997138977,0.9914000034332275,8709,0.0,0.0
2023-05-09 15:30:00-04:00,0.9915000200271606,1.0099999904632568,0.9915000200271606,0.9952999949455261,17514,0.0,0.0
2023-05-10 09:30:00-04:00,1.0,1.0199999809265137,1.0,1.0149999856948853,22008,0.0,0.0
2023-05-10 10:30:00-04:00,1.0149999856948853,1.0199999809265137,1.0099999904632568,1.0149999856948853,57517,0.0,0.0
2023-05-10 11:30:00-04:00,1.0149999856948853,1.0199999809265137,1.0012999773025513,1.01010000705719,29836,0.0,0.0
2023-05-10 12:30:00-04:00,1.0149999856948853,1.0199999809265137,1.0099999904632568,1.0099999904632568,11249,0.0,0.0
2023-05-10 13:30:00-04:00,1.0149999856948853,1.0192999839782715,1.0099999904632568,1.01010000705719,8166,0.0,0.0
2023-05-10 14:30:00-04:00,1.0149999856948853,1.0199999809265137,1.0099999904632568,1.010599970817566,6631,0.0,0.0
2023-05-10 15:30:00-04:00,1.0188000202178955,1.0199999809265137,1.0099999904632568,1.0099999904632568,5391,0.0,0.0
2023-05-11 09:30:00-04:00,1.0099999904632568,1.0099999904632568,1.0,1.0099999904632568,38221,0.0,0.0
2023-05-11 10:30:00-04:00,1.0049999952316284,1.0099999904632568,1.0,1.0099999904632568,13567,0.0,0.0
2023-05-11 11:30:00-04:00,1.0015000104904175,1.0199999809265137,1.0013999938964844,1.0013999938964844,35902,0.0,0.0
2023-05-11 12:30:00-04:00,1.0170999765396118,1.0199999809265137,1.0098999738693237,1.0099999904632568,26310,0.0,0.0
2023-05-11 13:30:00-04:00,1.0170999765396118,1.0198999643325806,1.0099999904632568,1.0149999856948853,7291,0.0,0.0
2023-05-11 14:30:00-04:00,1.0149999856948853,1.0199999809265137,1.0099999904632568,1.0149999856948853,17477,0.0,0.0
2023-05-11 15:30:00-04:00,1.0149999856948853,1.0199999809265137,1.0099999904632568,1.0149999856948853,5286,0.0,0.0
2023-05-12 09:30:00-04:00,1.0,1.0199999809265137,1.0,1.0099999904632568,28805,0.0,0.0
2023-05-12 10:30:00-04:00,1.01010000705719,1.0199999809265137,1.0099999904632568,1.0199999809265137,14926,0.0,0.0
2023-05-12 11:30:00-04:00,1.01010000705719,1.0199999809265137,1.0099999904632568,1.0104999542236328,20860,0.0,0.0
2023-05-12 12:30:00-04:00,1.0099999904632568,1.0199999809265137,1.0018999576568604,1.0199999809265137,11248,0.0,0.0
2023-05-12 13:30:00-04:00,1.0110000371932983,1.0199999809265137,1.0099999904632568,1.0149999856948853,16481,0.0,0.0
2023-05-12 14:30:00-04:00,1.0184999704360962,1.0199999809265137,1.0,1.0094000101089478,22095,0.0,0.0
2023-05-12 15:30:00-04:00,1.0049999952316284,1.0094000101089478,1.0,1.000100016593933,40207,0.0,0.0
2023-05-15 09:30:00-04:00,0.9800000190734863,0.9951009750366211,0.9800000190734863,0.9900000095367432,91135,0.0,0.0
2023-05-15 10:30:00-04:00,0.9901000261306763,1.0,0.9900000095367432,0.9901999831199646,14883,0.0,0.0
2023-05-15 11:30:00-04:00,0.9951000213623047,1.0016000270843506,0.9901000261306763,1.0016000270843506,36393,0.0,0.0
2023-05-15 12:30:00-04:00,1.0099999904632568,1.0199999809265137,1.001099944114685,1.01010000705719,13747,0.0,0.0
2023-05-15 13:30:00-04:00,1.010699987411499,1.0199999809265137,1.0099999904632568,1.0149999856948853,23233,0.0,0.0
2023-05-15 14:30:00-04:00,1.0099999904632568,1.0199999809265137,1.0099999904632568,1.0099999904632568,6866,0.0,0.0
2023-05-15 15:30:00-04:00,1.0099999904632568,1.0196000337600708,1.0099999904632568,1.0099999904632568,0,0.0,0.0
2023-05-16 09:30:00-04:00,1.0099999904632568,1.0199999809265137,0.9900000095367432,1.0,38570,0.0,0.0
2023-05-16 10:30:00-04:00,1.00600004196167,1.0399999618530273,0.9922999739646912,1.034999966621399,140748,0.0,0.0
2023-05-16 11:30:00-04:00,1.0398999452590942,1.0398999452590942,1.0300999879837036,1.030500054359436,7590,0.0,0.0
2023-05-16 12:30:00-04:00,1.0299999713897705,1.0399999618530273,1.0299999713897705,1.0299999713897705,9203,0.0,0.0
2023-05-16 13:30:00-04:00,1.0384999513626099,1.0399999618530273,1.0199999809265137,1.0199999809265137,12985,0.0,0.0
2023-05-16 14:30:00-04:00,1.0299999713897705,1.059999942779541,1.0299999713897705,1.059999942779541,34179,0.0,0.0
2023-05-16 15:30:00-04:00,1.0599000453948975,1.059999942779541,1.0499999523162842,1.0499999523162842,14396,0.0,0.0
2023-05-17 09:30:00-04:00,1.0499999523162842,1.0499999523162842,1.0299999713897705,1.0399999618530273,22994,0.0,0.0
2023-05-17 10:30:00-04:00,1.0449999570846558,1.0499000549316406,1.0300999879837036,1.0449999570846558,7165,0.0,0.0
2023-05-17 11:30:00-04:00,1.0400999784469604,1.0499999523162842,1.0399999618530273,1.0399999618530273,7273,0.0,0.0
2023-05-17 12:30:00-04:00,1.0399999618530273,1.0497000217437744,1.0399999618530273,1.0399999618530273,3985,0.0,0.0
2023-05-17 13:30:00-04:00,1.0410000085830688,1.0499999523162842,1.0399999618530273,1.0484000444412231,27498,0.0,0.0
2023-05-17 14:30:00-04:00,1.0399999618530273,1.0399999618530273,1.0299999713897705,1.0299999713897705,30282,0.0,0.0
2023-05-17 15:30:00-04:00,1.031000018119812,1.031000018119812,1.0199999809265137,1.0299999713897705,34849,0.0,0.0
2023-05-18 09:30:00-04:00,1.0099999904632568,1.024999976158142,1.0099999904632568,1.0199999809265137,31191,0.0,0.0
2023-05-18 10:30:00-04:00,1.0200999975204468,1.0299999713897705,1.0099999904632568,1.0199999809265137,0,0.0,0.0
2023-05-18 11:30:00-04:00,1.0099999904632568,1.0199999809265137,1.0099999904632568,1.0199999809265137,40938,0.0,0.0
2023-05-18 12:30:00-04:00,1.011299967765808,1.0199999809265137,1.0099999904632568,1.0199999809265137,1703,0.0,0.0
2023-05-18 13:30:00-04:00,1.0099999904632568,1.0299999713897705,1.0099999904632568,1.0299999713897705,58172,0.0,0.0
2023-05-18 14:30:00-04:00,1.0199999809265137,1.0299999713897705,1.0199999809265137,1.0199999809265137,10326,0.0,0.0
2023-05-18 15:30:00-04:00,1.0199999809265137,1.0299999713897705,1.0199999809265137,1.0199999809265137,11485,0.0,0.0
2023-05-19 09:30:00-04:00,1.0199999809265137,1.0299999713897705,1.0199999809265137,1.024999976158142,8236,0.0,0.0
2023-05-19 10:30:00-04:00,1.0099999904632568,1.0283000469207764,1.0099999904632568,1.0099999904632568,20097,0.0,0.0
2023-05-19 11:30:00-04:00,1.0292999744415283,1.0292999744415283,1.0113999843597412,1.0199999809265137,5121,0.0,0.0
2023-05-19 12:30:00-04:00,1.0199999809265137,1.0299999713897705,1.0199999809265137,1.0298999547958374,9349,0.0,0.0
2023-05-19 13:30:00-04:00,1.0299999713897705,1.0299999713897705,1.0299999713897705,1.0299999713897705,594,0.0,0.0
2023-05-19 14:30:00-04:00,1.0099999904632568,1.0299999713897705,1.0099999904632568,1.0299999713897705,8750,0.0,0.0
2023-05-19 15:30:00-04:00,1.0299999713897705,1.0299999713897705,1.0115000009536743,1.0299999713897705,6359,0.0,0.0
2023-05-22 09:30:00-04:00,1.0,1.0199999809265137,0.9909999966621399,1.0099999904632568,104040,0.0,0.0
2023-05-22 10:30:00-04:00,1.0117000341415405,1.0199999809265137,1.0013999938964844,1.0199999809265137,5170,0.0,0.0
2023-05-22 11:30:00-04:00,1.0195000171661377,1.0198999643325806,1.0099999904632568,1.0099999904632568,4916,0.0,0.0
2023-05-22 12:30:00-04:00,1.0104999542236328,1.0149999856948853,1.0099999904632568,1.0149999856948853,9099,0.0,0.0
2023-05-22 13:30:00-04:00,1.0151000022888184,1.0199999809265137,1.0099999904632568,1.0199999809265137,6568,0.0,0.0
2023-05-22 14:30:00-04:00,1.0198999643325806,1.0199999809265137,1.0104999542236328,1.0104999542236328,885,0.0,0.0
2023-05-22 15:30:00-04:00,1.0099999904632568,1.0192999839782715,1.0099999904632568,1.0099999904632568,3839,0.0,0.0
2023-05-23 09:30:00-04:00,1.0099999904632568,1.0199999809265137,0.9900000095367432,1.0099999904632568,355133,0.0,0.0
2023-05-23 10:30:00-04:00,1.0,1.0099999904632568,1.0,1.0017999410629272,33795,0.0,0.0
2023-05-23 11:30:00-04:00,1.000100016593933,1.0099999904632568,1.000100016593933,1.0099999904632568,6486,0.0,0.0
2023-05-23 12:30:00-04:00,1.0,1.0087000131607056,0.9951000213623047,0.9951000213623047,31244,0.0,0.0
2023-05-23 13:30:00-04:00,0.9902999997138977,1.0,0.9902999997138977,0.9993000030517578,10066,0.0,0.0
2023-05-23 14:30:00-04:00,0.9980000257492065,0.9980000257492065,0.9901999831199646,0.9951000213623047,6958,0.0,0.0
2023-05-23 15:30:00-04:00,0.9951000213623047,1.0099999904632568,0.9944999814033508,0.9958999752998352,13782,0.0,0.0
2023-05-24 09:30:00-04:00,0.9927999973297119,1.0,0.9850000143051147,0.9864000082015991,27321,0.0,0.0
2023-05-24 10:30:00-04:00,0.9850000143051147,0.9951000213623047,0.9800000190734863,0.9900000095367432,77473,0.0,0.0
2023-05-24 11:30:00-04:00,0.9998999834060669,0.9998999834060669,0.9900000095367432,0.9900000095367432,1606,0.0,0.0
2023-05-24 12:30:00-04:00,0.9904000163078308,1.0,0.9904000163078308,0.9950000047683716,10691,0.0,0.0
2023-05-24 13:30:00-04:00,0.9950000047683716,0.9950000047683716,0.9902999997138977,0.9902999997138977,1611,0.0,0.0
2023-05-24 14:30:00-04:00,0.9901000261306763,1.0,0.9901000261306763,0.9950000047683716,3014,0.0,0.0
2023-05-24 15:30:00-04:00,0.9904999732971191,0.9940000176429749,0.9904999732971191,0.9922500252723694,3776,0.0,0.0
2023-05-25 09:30:00-04:00,1.0,1.0099999904632568,0.9900000095367432,0.9901999831199646,59181,0.0,0.0
2023-05-25 10:30:00-04:00,0.9900000095367432,0.9900000095367432,0.9800000190734863,0.980139970779419,37657,0.0,0.0
2023-05-25 11:30:00-04:00,0.9807999730110168,0.9994999766349792,0.9800000190734863,0.998199999332428,12028,0.0,0.0
2023-05-25 12:30:00-04:00,0.9998999834060669,1.0,0.9803000092506409,0.9955000281333923,6718,0.0,0.0
2023-05-25 13:30:00-04:00,1.0,1.0,0.9850000143051147,1.0,34363,0.0,0.0
2023-05-25 14:30:00-04:00,0.9872000217437744,1.0,0.9872000217437744,0.9872999787330627,5805,0.0,0.0
2023-05-25 15:30:00-04:00,1.0,1.0,0.9810000061988831,0.9894999861717224,15460,0.0,0.0
2023-05-26 09:30:00-04:00,0.9800000190734863,0.9998999834060669,0.9800000190734863,0.9904959797859192,31368,0.0,0.0
2023-05-26 10:30:00-04:00,0.9811000227928162,0.9988999962806702,0.9800000190734863,0.9809489846229553,78214,0.0,0.0
2023-05-26 11:30:00-04:00,0.9800000190734863,0.9818990230560303,0.9800000190734863,0.9801999926567078,53728,0.0,0.0
2023-05-26 12:30:00-04:00,0.9803990125656128,0.9807000160217285,0.9800000190734863,0.9800000190734863,50004,0.0,0.0
2023-05-26 13:30:00-04:00,0.9805999994277954,0.9879999756813049,0.9800000190734863,0.9879999756813049,24174,0.0,0.0
2023-05-26 14:30:00-04:00,0.9879000186920166,0.9900000095367432,0.9865000247955322,0.9865999817848206,53319,0.0,0.0
2023-05-26 15:30:00-04:00,0.9883999824523926,0.989799976348877,0.9803000092506409,0.9803000092506409,39806,0.0,0.0
2023-05-30 09:30:00-04:00,0.9900000095367432,0.9900000095367432,0.9610999822616577,0.972100019454956,73919,0.0,0.0
2023-05-30 10:30:00-04:00,0.9836000204086304,0.9836000204086304,0.972100019454956,0.9828000068664551,10538,0.0,0.0
2023-05-30 11:30:00-04:00,0.9800000190734863,1.0,0.9750000238418579,1.0,130778,0.0,0.0
2023-05-30 12:30:00-04:00,1.0,1.0099999904632568,0.9905999898910522,1.0009000301361084,17034,0.0,0.0
2023-05-30 13:30:00-04:00,1.0009000301361084,1.0099999904632568,1.0,1.0,11876,0.0,0.0
2023-05-30 14:30:00-04:00,1.0099999904632568,1.0199999809265137,1.0017000436782837,1.0199999809265137,10250,0.0,0.0
2023-05-30 15:30:00-04:00,1.0188000202178955,1.0199999809265137,1.0099999904632568,1.0199999809265137,10977,0.0,0.0
2023-05-31 09:30:00-04:00,1.0099999904632568,1.0199999809265137,1.0,1.0099999904632568,23549,0.0,0.0
2023-05-31 10:30:00-04:00,1.0099999904632568,1.0199999809265137,1.0099999904632568,1.0099999904632568,5817,0.0,0.0
2023-05-31 11:30:00-04:00,1.0199999809265137,1.0199999809265137,1.01010000705719,1.010699987411499,4903,0.0,0.0
2023-05-31 12:30:00-04:00,1.0199999809265137,1.0199999809265137,1.0099999904632568,1.0099999904632568,2467,0.0,0.0
2023-05-31 13:30:00-04:00,1.0199999809265137,1.0199999809265137,1.01010000705719,1.0113999843597412,6457,0.0,0.0
2023-05-31 14:30:00-04:00,1.0199999809265137,1.0199999809265137,1.0149999856948853,1.0199999809265137,23237,0.0,0.0
2023-05-31 15:30:00-04:00,1.0099999904632568,1.0199999809265137,1.0099999904632568,1.0199999809265137,39092,0.0,0.0
2023-06-01 09:30:00-04:00,1.0,1.0160000324249268,0.9957000017166138,1.0097999572753906,23357,0.0,0.0
2023-06-01 10:30:00-04:00,1.0099999904632568,1.0199999809265137,1.0099999904632568,1.0099999904632568,17172,0.0,0.0
2023-06-01 11:30:00-04:00,1.0099999904632568,1.0149999856948853,1.0099999904632568,1.0126999616622925,4208,0.0,0.0
2023-06-01 12:30:00-04:00,1.0099999904632568,1.0199999809265137,1.0,1.0199999809265137,60584,0.0,0.0
2023-06-01 13:30:00-04:00,1.018399953842163,1.0199999809265137,1.01010000705719,1.0149999856948853,11538,0.0,0.0
2023-06-01 14:30:00-04:00,1.011299967765808,1.0199999809265137,1.0099999904632568,1.0149999856948853,23376,0.0,0.0
2023-06-01 15:30:00-04:00,1.0149999856948853,1.0199999809265137,1.0099999904632568,1.0099999904632568,3031,0.0,0.0
2023-06-02 09:30:00-04:00,1.0,1.0199999809265137,1.0,1.0099999904632568,30113,0.0,0.0
2023-06-02 10:30:00-04:00,1.0109000205993652,1.0199999809265137,1.0099999904632568,1.0149999856948853,6111,0.0,0.0
2023-06-02 11:30:00-04:00,1.010699987411499,1.0199999809265137,1.0099999904632568,1.0145000219345093,20100,0.0,0.0
2023-06-02 12:30:00-04:00,1.0189000368118286,1.0199999809265137,1.0099999904632568,1.0099999904632568,5384,0.0,0.0
2023-06-02 13:30:00-04:00,1.0111000537872314,1.0185999870300293,1.0099999904632568,1.0185999870300293,2520,0.0,0.0
2023-06-02 14:30:00-04:00,1.011299967765808,1.0199999809265137,1.0099999904632568,1.0099999904632568,16800,0.0,0.0
2023-06-02 15:30:00-04:00,1.0153000354766846,1.0199999809265137,1.0099999904632568,1.0099999904632568,18161,0.0,0.0
2023-06-05 09:30:00-04:00,1.0199999809265137,1.0199999809265137,0.9763000011444092,0.9860000014305115,369652,0.0,0.0
2023-06-05 10:30:00-04:00,0.9975000023841858,0.9987999796867371,0.9753000140190125,0.9898989796638489,72949,0.0,0.0
2023-06-05 11:30:00-04:00,0.989799976348877,0.9900000095367432,0.9805999994277954,0.987500011920929,91240,0.0,0.0
2023-06-05 12:30:00-04:00,0.9898989796638489,1.0098999738693237,0.989799976348877,1.0,27827,0.0,0.0
2023-06-05 13:30:00-04:00,1.0090999603271484,1.0199999809265137,1.0,1.0049999952316284,28804,0.0,0.0
2023-06-05 14:30:00-04:00,1.0,1.0099999904632568,0.9901000261306763,0.9957000017166138,23254,0.0,0.0
2023-06-05 15:30:00-04:00,0.9968000054359436,1.0195000171661377,0.9968000054359436,1.0099999904632568,20783,0.0,0.0
2023-06-06 09:30:00-04:00,0.9900000095367432,0.9998999834060669,0.9850000143051147,0.9858999848365784,69660,0.0,0.0
2023-06-06 10:30:00-04:00,0.9898999929428101,1.0,0.9869999885559082,0.9901000261306763,12429,0.0,0.0
2023-06-06 11:30:00-04:00,0.9901000261306763,0.9951000213623047,0.9900000095367432,0.9902899861335754,8365,0.0,0.0
2023-06-06 12:30:00-04:00,0.9901999831199646,1.0,0.9850000143051147,1.0,19616,0.0,0.0
2023-06-06 13:30:00-04:00,1.0,1.0099999904632568,0.9900000095367432,0.9900000095367432,4249,0.0,0.0
2023-06-06 14:30:00-04:00,0.9901999831199646,1.0,0.9851999878883362,0.9998999834060669,19420,0.0,0.0
2023-06-06 15:30:00-04:00,1.0,1.0,0.9800000190734863,0.9801999926567078,49581,0.0,0.0
2023-06-07 09:30:00-04:00,1.0,1.0199999809265137,0.9900000095367432,1.0,34642,0.0,0.0
2023-06-07 10:30:00-04:00,1.0,1.0099999904632568,0.9901000261306763,1.0099999904632568,10667,0.0,0.0
2023-06-07 11:30:00-04:00,1.0099999904632568,1.0199999809265137,0.9934999942779541,0.9936000108718872,14220,0.0,0.0
2023-06-07 12:30:00-04:00,0.9936000108718872,0.996999979019165,0.9800000190734863,0.9940000176429749,35128,0.0,0.0
2023-06-07 13:30:00-04:00,0.987500011920929,0.996999979019165,0.9829999804496765,0.9830999970436096,39197,0.0,0.0
2023-06-07 14:30:00-04:00,0.9850999712944031,0.9850999712944031,0.9850999712944031,0.9850999712944031,409,0.0,0.0
2023-06-07 15:30:00-04:00,0.9850999712944031,0.9969000220298767,0.9850999712944031,0.9850999712944031,4888,0.0,0.0
2023-06-08 09:30:00-04:00,0.9807000160217285,0.9998210072517395,0.9807000160217285,0.9998210072517395,9362,0.0,0.0
2023-06-08 10:30:00-04:00,0.9950000047683716,0.9950000047683716,0.9816009998321533,0.9853500127792358,7285,0.0,0.0
2023-06-08 11:30:00-04:00,0.9878000020980835,0.9879990220069885,0.9815999865531921,0.9879990220069885,4080,0.0,0.0
2023-06-08 12:30:00-04:00,0.985031008720398,0.9850999712944031,0.9800000190734863,0.9800000190734863,36734,0.0,0.0
2023-06-08 13:30:00-04:00,0.9800000190734863,0.9800999760627747,0.9800000190734863,0.9800500273704529,8820,0.0,0.0
2023-06-08 14:30:00-04:00,0.9800000190734863,0.9850000143051147,0.9700000286102295,0.9700999855995178,86266,0.0,0.0
2023-06-08 15:30:00-04:00,0.9750000238418579,0.9850000143051147,0.9700000286102295,0.9850000143051147,0,0.0,0.0
2023-06-09 09:30:00-04:00,0.9894999861717224,0.9894999861717224,0.9750999808311462,0.9815000295639038,226673,0.0,0.0
2023-06-09 10:30:00-04:00,0.9820989966392517,0.9840999841690063,0.9789000153541565,0.982200026512146,15007,0.0,0.0
2023-06-09 11:30:00-04:00,0.9830999970436096,0.9987999796867371,0.9801999926567078,0.9818999767303467,25303,0.0,0.0
2023-06-09 12:30:00-04:00,0.9801999926567078,0.9871789813041687,0.9800000190734863,0.9801999926567078,6002,0.0,0.0
2023-06-09 13:30:00-04:00,0.9818040132522583,0.989998996257782,0.9800999760627747,0.980400025844574,1780,0.0,0.0
2023-06-09 14:30:00-04:00,0.980400025844574,0.9900000095367432,0.980400025844574,0.9851999878883362,7644,0.0,0.0
2023-06-09 15:30:00-04:00,0.9807999730110168,0.9827010035514832,0.9800000190734863,0.9800000190734863,8764,0.0,0.0
2023-06-12 09:30:00-04:00,1.0,1.0,0.9700000286102295,0.9850000143051147,23516,0.0,0.0
2023-06-12 10:30:00-04:00,0.9803000092506409,0.9998999834060669,0.9803000092506409,0.9901999831199646,15140,0.0,0.0
2023-06-12 11:30:00-04:00,0.9948989748954773,0.9950000047683716,0.9801999926567078,0.993399977684021,24061,0.0,0.0
2023-06-12 12:30:00-04:00,0.9847999811172485,0.9922969937324524,0.9800000190734863,0.9850000143051147,14693,0.0,0.0
2023-06-12 13:30:00-04:00,0.9900000095367432,0.9900000095367432,0.9710999727249146,0.9800000190734863,62499,0.0,0.0
2023-06-12 14:30:00-04:00,0.9830999970436096,0.9830999970436096,0.9700000286102295,0.9700000286102295,86518,0.0,0.0
2023-06-12 15:30:00-04:00,0.9700000286102295,0.9860000014305115,0.9700000286102295,0.9700000286102295,31603,0.0,0.0
2023-06-13 09:30:00-04:00,0.9710999727249146,0.9900000095367432,0.9700000286102295,0.9750999808311462,51634,0.0,0.0
2023-06-13 10:30:00-04:00,0.9750999808311462,0.9800000190734863,0.9700000286102295,0.9750499725341797,14233,0.0,0.0
2023-06-13 11:30:00-04:00,0.9799990057945251,0.9800000190734863,0.9700999855995178,0.9797000288963318,18534,0.0,0.0
2023-06-13 12:30:00-04:00,0.9793000221252441,0.9793999791145325,0.9700000286102295,0.9700499773025513,22125,0.0,0.0
2023-06-13 13:30:00-04:00,0.9700499773025513,0.9750999808311462,0.9700000286102295,0.9712010025978088,27173,0.0,0.0
2023-06-13 14:30:00-04:00,0.9710999727249146,0.9789999723434448,0.9710000157356262,0.9750999808311462,18983,0.0,0.0
2023-06-13 15:30:00-04:00,0.9789999723434448,0.9789999723434448,0.9710000157356262,0.9710000157356262,22606,0.0,0.0
2023-06-14 09:30:00-04:00,0.9702000021934509,0.9799000024795532,0.9700999855995178,0.9799000024795532,27715,0.0,0.0
2023-06-14 10:30:00-04:00,0.9701099991798401,0.9799000024795532,0.9700999855995178,0.9706000089645386,11035,0.0,0.0
2023-06-14 11:30:00-04:00,0.97079998254776,0.9771999716758728,0.9599999785423279,0.9771999716758728,134183,0.0,0.0
2023-06-14 12:30:00-04:00,0.9770990014076233,0.9771000146865845,0.9605100154876709,0.9688500165939331,20039,0.0,0.0
2023-06-14 13:30:00-04:00,0.9649999737739563,0.9771999716758728,0.9599999785423279,0.9599999785423279,40540,0.0,0.0
2023-06-14 14:30:00-04:00,0.9599999785423279,0.9695990085601807,0.9599999785423279,0.9650999903678894,35538,0.0,0.0
2023-06-14 15:30:00-04:00,0.9650999903678894,0.9710000157356262,0.9649999737739563,0.9649999737739563,13934,0.0,0.0
2023-06-15 09:30:00-04:00,0.9602000117301941,0.9699000120162964,0.9599999785423279,0.9611999988555908,31859,0.0,0.0
2023-06-15 10:30:00-04:00,0.9610000252723694,0.9699000120162964,0.9599999785423279,0.9699000120162964,45187,0.0,0.0
2023-06-15 11:30:00-04:00,0.9611999988555908,0.9697999954223633,0.9599999785423279,0.9646999835968018,13122,0.0,0.0
2023-06-15 12:30:00-04:00,0.9610999822616577,0.9682000279426575,0.9599999785423279,0.9599999785423279,55926,0.0,0.0
2023-06-15 13:30:00-04:00,0.9599999785423279,0.960099995136261,0.9599999785423279,0.960099995136261,72195,0.0,0.0
2023-06-15 14:30:00-04:00,0.9649999737739563,0.9690999984741211,0.9603999853134155,0.9646999835968018,40591,0.0,0.0
2023-06-15 15:30:00-04:00,0.9603999853134155,0.968999981880188,0.9603000283241272,0.9624000191688538,8247,0.0,0.0
2023-06-16 09:30:00-04:00,0.9700000286102295,0.9700000286102295,0.9624999761581421,0.9649999737739563,15657,0.0,0.0
2023-06-16 10:30:00-04:00,0.9649999737739563,0.9699000120162964,0.9603000283241272,0.9639999866485596,15522,0.0,0.0
2023-06-16 11:30:00-04:00,0.9603999853134155,0.9629999995231628,0.9599999785423279,0.9599999785423279,12890,0.0,0.0
2023-06-16 12:30:00-04:00,0.9612489938735962,0.9698989987373352,0.9599999785423279,0.9686999917030334,29478,0.0,0.0
2023-06-16 13:30:00-04:00,0.9686999917030334,0.9686999917030334,0.960099995136261,0.960099995136261,7092,0.0,0.0
2023-06-16 14:30:00-04:00,0.9643999934196472,0.9688000082969666,0.9599999785423279,0.9685999751091003,34395,0.0,0.0
2023-06-16 15:30:00-04:00,0.968500018119812,0.968500018119812,0.9599999785423279,0.9611999988555908,34354,0.0,0.0
2023-06-20 09:30:00-04:00,0.9610999822616577,0.9700000286102295,0.9502999782562256,0.9700000286102295,24412,0.0,0.0
2023-06-20 10:30:00-04:00,0.9605000019073486,0.9697999954223633,0.9605000019073486,0.9697999954223633,5500,0.0,0.0
2023-06-20 11:30:00-04:00,0.9649999737739563,0.9799000024795532,0.960099995136261,0.9700000286102295,24770,0.0,0.0
2023-06-20 12:30:00-04:00,0.9799000024795532,0.9799000024795532,0.9700000286102295,0.9794999957084656,6705,0.0,0.0
2023-06-20 13:30:00-04:00,0.9784590005874634,0.9793990254402161,0.9700000286102295,0.9793990254402161,2748,0.0,0.0
2023-06-20 14:30:00-04:00,0.9745500087738037,0.9789999723434448,0.9710000157356262,0.9710000157356262,5616,0.0,0.0
2023-06-20 15:30:00-04:00,0.9776999950408936,0.9776999950408936,0.9610000252723694,0.9649999737739563,9116,0.0,0.0
2023-06-21 09:30:00-04:00,0.9606000185012817,0.9799000024795532,0.960099995136261,0.9674999713897705,14642,0.0,0.0
2023-06-21 10:30:00-04:00,0.9603000283241272,0.9699000120162964,0.9599000215530396,0.9696999788284302,17888,0.0,0.0
2023-06-21 11:30:00-04:00,0.9697999954223633,0.9697999954223633,0.9599999785423279,0.9646999835968018,20567,0.0,0.0
2023-06-21 12:30:00-04:00,0.9693999886512756,0.9699000120162964,0.9608849883079529,0.9699000120162964,30863,0.0,0.0
2023-06-21 13:30:00-04:00,0.9699000120162964,0.9700000286102295,0.9649490118026733,0.9700000286102295,8445,0.0,0.0
2023-06-21 14:30:00-04:00,0.9700000286102295,0.9700000286102295,0.960099995136261,0.9700000286102295,8101,0.0,0.0
2023-06-21 15:30:00-04:00,0.9700000286102295,0.9700000286102295,0.961201012134552,0.965149998664856,13884,0.0,0.0
2023-06-22 09:30:00-04:00,0.9606999754905701,0.9799000024795532,0.960099995136261,0.9714999794960022,22387,0.0,0.0
2023-06-22 10:30:00-04:00,0.9714999794960022,0.9754999876022339,0.9599999785423279,0.960099995136261,17148,0.0,0.0
2023-06-22 11:30:00-04:00,0.960099995136261,0.9697999954223633,0.9600499868392944,0.9634000062942505,15917,0.0,0.0
2023-06-22 12:30:00-04:00,0.9679999947547913,0.9699000120162964,0.9599999785423279,0.9600949883460999,12154,0.0,0.0
2023-06-22 13:30:00-04:00,0.9695000052452087,0.9697999954223633,0.960099995136261,0.9610000252723694,5797,0.0,0.0
2023-06-22 14:30:00-04:00,0.9693999886512756,0.9693999886512756,0.9501000046730042,0.9597499966621399,24487,0.0,0.0
2023-06-22 15:30:00-04:00,0.9597499966621399,0.9693899750709534,0.949999988079071,0.9552000164985657,11217,0.0,0.0
2023-06-23 09:30:00-04:00,0.958299994468689,0.9648000001907349,0.949999988079071,0.9585959911346436,103633,0.0,0.0
2023-06-23 10:30:00-04:00,0.9608910083770752,0.9610999822616577,0.9509999752044678,0.9598990082740784,22409,0.0,0.0
2023-06-23 11:30:00-04:00,0.9509999752044678,0.9595999717712402,0.9509999752044678,0.9593999981880188,3397,0.0,0.0
2023-06-23 12:30:00-04:00,0.9514319896697998,0.955049991607666,0.9509999752044678,0.9509999752044678,8176,0.0,0.0
2023-06-23 13:30:00-04:00,0.9589999914169312,0.9589999914169312,0.9449999928474426,0.9452000260353088,37770,0.0,0.0
2023-06-23 14:30:00-04:00,0.9563000202178955,0.9598000049591064,0.9526000022888184,0.9561010003089905,15408,0.0,0.0
2023-06-23 15:30:00-04:00,0.9526000022888184,0.9560999870300293,0.9460999965667725,0.9467999935150146,18918,0.0,0.0
2023-06-26 09:30:00-04:00,0.9531000256538391,0.9656999707221985,0.9449999928474426,0.9455490112304688,34555,0.0,0.0
2023-06-26 10:30:00-04:00,0.9449999928474426,0.9495000243186951,0.9449999928474426,0.9451010227203369,9637,0.0,0.0
2023-06-26 11:30:00-04:00,0.9449999928474426,0.9451000094413757,0.9399999976158142,0.9401000142097473,126883,0.0,0.0
2023-06-26 12:30:00-04:00,0.9423499703407288,0.9449999928474426,0.9409999847412109,0.9449999928474426,10316,0.0,0.0
2023-06-26 13:30:00-04:00,0.9449899792671204,0.9449999928474426,0.9430000185966492,0.9449999928474426,12267,0.0,0.0
2023-06-26 14:30:00-04:00,0.9434000253677368,0.9448000192642212,0.9401000142097473,0.9447000026702881,11174,0.0,0.0
2023-06-26 15:30:00-04:00,0.9423499703407288,0.9451000094413757,0.9399999976158142,0.9399999976158142,27715,0.0,0.0
2023-06-27 09:30:00-04:00,0.9399999976158142,0.9599999785423279,0.9399999976158142,0.9449999928474426,8628,0.0,0.0
2023-06-27 10:30:00-04:00,0.9424999952316284,0.9498999714851379,0.9399999976158142,0.9399999976158142,54381,0.0,0.0
2023-06-27 11:30:00-04:00,0.9399999976158142,0.9423999786376953,0.9399999976158142,0.9399999976158142,6492,0.0,0.0
2023-06-27 12:30:00-04:00,0.9417999982833862,0.9422000050544739,0.9399999976158142,0.9401000142097473,5489,0.0,0.0
2023-06-27 13:30:00-04:00,0.9399999976158142,0.9423999786376953,0.9399999976158142,0.9401000142097473,25770,0.0,0.0
2023-06-27 14:30:00-04:00,0.9401000142097473,0.9422000050544739,0.9401000142097473,0.9412000179290771,7293,0.0,0.0
2023-06-27 15:30:00-04:00,0.9401000142097473,0.9424999952316284,0.9399999976158142,0.9399999976158142,10510,0.0,0.0
2023-06-28 09:30:00-04:00,0.9399999976158142,0.949999988079071,0.9399999976158142,0.9401000142097473,16633,0.0,0.0
2023-06-28 10:30:00-04:00,0.9431999921798706,0.9462000131607056,0.9401000142097473,0.9430000185966492,8002,0.0,0.0
2023-06-28 11:30:00-04:00,0.9401999711990356,0.9429000020027161,0.9399999976158142,0.9401000142097473,46023,0.0,0.0
2023-06-28 12:30:00-04:00,0.9401000142097473,0.9401000142097473,0.9350000023841858,0.9350000023841858,79031,0.0,0.0
2023-06-28 13:30:00-04:00,0.9350000023841858,0.9351000189781189,0.9300000071525574,0.9300000071525574,97035,0.0,0.0
2023-06-28 14:30:00-04:00,0.9300000071525574,0.9301000237464905,0.9300000071525574,0.9300000071525574,32036,0.0,0.0
2023-06-28 15:30:00-04:00,0.9301000237464905,0.9301000237464905,0.9300000071525574,0.9301000237464905,31555,0.0,0.0
2023-06-29 09:30:00-04:00,0.9300000071525574,0.9398999810218811,0.9300000071525574,0.9300000071525574,54482,0.0,0.0
2023-06-29 10:30:00-04:00,0.930109977722168,0.9395999908447266,0.9301000237464905,0.9367989897727966,16421,0.0,0.0
2023-06-29 11:30:00-04:00,0.9359999895095825,0.9399999976158142,0.9300000071525574,0.9399999976158142,23865,0.0,0.0
2023-06-29 12:30:00-04:00,0.9349499940872192,0.9395999908447266,0.9300000071525574,0.9394000172615051,7531,0.0,0.0
2023-06-29 13:30:00-04:00,0.939399003982544,0.939399003982544,0.9323999881744385,0.9323999881744385,7967,0.0,0.0
2023-06-29 14:30:00-04:00,0.9316009879112244,0.9348999857902527,0.9316009879112244,0.9330999851226807,2484,0.0,0.0
2023-06-29 15:30:00-04:00,0.9318000078201294,0.9399999976158142,0.9318000078201294,0.9394999742507935,5197,0.0,0.0
2023-06-30 09:30:00-04:00,0.9399999976158142,0.9399999976158142,0.9300000071525574,0.9300000071525574,48180,0.0,0.0
2023-06-30 10:30:00-04:00,0.9301000237464905,0.9377999901771545,0.9200000166893005,0.9200000166893005,244291,0.0,0.0
2023-06-30 11:30:00-04:00,0.9200999736785889,0.9200999736785889,0.9150000214576721,0.9150999784469604,143116,0.0,0.0
2023-06-30 12:30:00-04:00,0.9150999784469604,0.9150999784469604,0.9100000262260437,0.9100990295410156,141772,0.0,0.0
2023-06-30 13:30:00-04:00,0.9100499749183655,0.910099983215332,0.9100000262260437,0.9100000262260437,8532,0.0,0.0
2023-06-30 14:30:00-04:00,0.9100499749183655,0.910099983215332,0.9100000262260437,0.9100000262260437,83562,0.0,0.0
2023-06-30 15:30:00-04:00,0.9100000262260437,0.9150000214576721,0.9100000262260437,0.914900004863739,103132,0.0,0.0
2023-07-03 09:30:00-04:00,0.8999999761581421,0.9100000262260437,0.8999999761581421,0.9093999862670898,196919,0.0,0.0
2023-07-03 10:30:00-04:00,0.90420001745224,0.909600019454956,0.9002000093460083,0.9010999798774719,16852,0.0,0.0
2023-07-03 11:30:00-04:00,0.9010999798774719,0.9010999798774719,0.9009000062942505,0.9009000062942505,25576,0.0,0.0
2023-07-05 09:30:00-04:00,0.9003000259399414,0.9197999835014343,0.9003000259399414,0.9032999873161316,39986,0.0,0.0
2023-07-05 10:30:00-04:00,0.9097999930381775,0.9097999930381775,0.8600000143051147,0.8783479928970337,262308,0.0,0.0
2023-07-05 11:30:00-04:00,0.876999020576477,0.8787000179290771,0.8600000143051147,0.8625490069389343,86011,0.0,0.0
2023-07-05 12:30:00-04:00,0.864799976348877,0.864799976348877,0.8600000143051147,0.8600000143051147,101021,0.0,0.0
2023-07-05 13:30:00-04:00,0.8600000143051147,0.8600999712944031,0.8600000143051147,0.8600000143051147,38670,0.0,0.0
2023-07-05 14:30:00-04:00,0.8600000143051147,0.8600999712944031,0.8600000143051147,0.8600000143051147,49087,0.0,0.0
2023-07-05 15:30:00-04:00,0.8600500226020813,0.8600500226020813,0.8500000238418579,0.8500000238418579,241960,0.0,0.0
2023-07-06 09:30:00-04:00,0.8600000143051147,0.8708999752998352,0.8500000238418579,0.8552489876747131,82198,0.0,0.0
2023-07-06 10:30:00-04:00,0.8511999845504761,0.8578000068664551,0.8511999845504761,0.854449987411499,23904,0.0,0.0
2023-07-06 11:30:00-04:00,0.854449987411499,0.857699990272522,0.8507999777793884,0.853600025177002,41498,0.0,0.0
2023-07-06 12:30:00-04:00,0.8550000190734863,0.857899010181427,0.8500000238418579,0.8500000238418579,73172,0.0,0.0
2023-07-06 13:30:00-04:00,0.8500000238418579,0.8500999808311462,0.8500000238418579,0.8500999808311462,13038,0.0,0.0
2023-07-06 14:30:00-04:00,0.8500999808311462,0.8500999808311462,0.8500000238418579,0.8500999808311462,39820,0.0,0.0
2023-07-06 15:30:00-04:00,0.8500999808311462,0.8597000241279602,0.8500000238418579,0.8501999974250793,7462,0.0,0.0
2023-07-07 09:30:00-04:00,0.8596000075340271,0.869799017906189,0.8500000238418579,0.8500999808311462,168335,0.0,0.0
2023-07-07 10:30:00-04:00,0.8500999808311462,0.8664990067481995,0.8500999808311462,0.8589500188827515,15592,0.0,0.0
2023-07-07 11:30:00-04:00,0.8600000143051147,0.8641999959945679,0.8500999808311462,0.8554999828338623,26946,0.0,0.0
2023-07-07 12:30:00-04:00,0.8500999808311462,0.8529999852180481,0.8500000238418579,0.8500499725341797,26382,0.0,0.0
2023-07-07 13:30:00-04:00,0.8500999808311462,0.8500999808311462,0.8500000238418579,0.8500000238418579,27761,0.0,0.0
2023-07-07 14:30:00-04:00,0.8500999808311462,0.8561999797821045,0.8500000238418579,0.8550000190734863,40222,0.0,0.0
2023-07-07 15:30:00-04:00,0.8600000143051147,0.8608999848365784,0.8500999808311462,0.8500999808311462,57226,0.0,0.0
2023-07-10 09:30:00-04:00,0.8500999808311462,0.8698999881744385,0.8500000238418579,0.8644000291824341,23608,0.0,0.0
2023-07-10 10:30:00-04:00,0.8639000058174133,0.8668000102043152,0.8600000143051147,0.8622499704360962,20904,0.0,0.0
2023-07-10 11:30:00-04:00,0.8622499704360962,0.8680369853973389,0.8600999712944031,0.8600999712944031,7711,0.0,0.0
2023-07-10 12:30:00-04:00,0.8600999712944031,0.8689000010490417,0.8600999712944031,0.8601999878883362,2982,0.0,0.0
2023-07-10 13:30:00-04:00,0.8689000010490417,0.8689000010490417,0.8600000143051147,0.8686990141868591,40091,0.0,0.0
2023-07-10 14:30:00-04:00,0.8600999712944031,0.8687999844551086,0.8600999712944031,0.8650000095367432,45650,0.0,0.0
2023-07-10 15:30:00-04:00,0.8650000095367432,0.869700014591217,0.8600010275840759,0.861877977848053,74577,0.0,0.0
2023-07-11 09:30:00-04:00,0.8550999760627747,0.8999999761581421,0.8550999760627747,0.8920999765396118,96422,0.0,0.0
2023-07-11 10:30:00-04:00,0.8999000191688538,0.8999000191688538,0.8816199898719788,0.8851000070571899,30018,0.0,0.0
2023-07-11 11:30:00-04:00,0.8874989748001099,0.887499988079071,0.8701000213623047,0.8701099753379822,35059,0.0,0.0
2023-07-11 12:30:00-04:00,0.8751000165939331,0.8899000287055969,0.870199978351593,0.8899000287055969,12777,0.0,0.0
2023-07-11 13:30:00-04:00,0.8899000287055969,0.8899000287055969,0.875,0.8849499821662903,5353,0.0,0.0
2023-07-11 14:30:00-04:00,0.8898000121116638,0.8899000287055969,0.870199978351593,0.8708999752998352,9284,0.0,0.0
2023-07-11 15:30:00-04:00,0.8708999752998352,0.8841000199317932,0.8702999949455261,0.8755999803543091,68992,0.0,0.0
2023-07-12 09:30:00-04:00,0.8899999856948853,0.8899999856948853,0.8711000084877014,0.8850060105323792,21027,0.0,0.0
2023-07-12 10:30:00-04:00,0.8899000287055969,0.8899000287055969,0.8803499937057495,0.8849999904632568,10070,0.0,0.0
2023-07-12 11:30:00-04:00,0.886900007724762,0.886900007724762,0.880200982093811,0.8849999904632568,5709,0.0,0.0
2023-07-12 12:30:00-04:00,0.8855999708175659,0.885699987411499,0.8812980055809021,0.885699987411499,3898,0.0,0.0
2023-07-12 13:30:00-04:00,0.8806999921798706,0.885699987411499,0.8806999921798706,0.8851000070571899,10815,0.0,0.0
2023-07-12 14:30:00-04:00,0.8849999904632568,0.8852999806404114,0.8849999904632568,0.8851000070571899,16199,0.0,0.0
2023-07-12 15:30:00-04:00,0.8849999904632568,0.8851000070571899,0.8840000033378601,0.8849999904632568,17935,0.0,0.0
2023-07-13 09:30:00-04:00,0.8889999985694885,0.9122999906539917,0.8889999985694885,0.9081000089645386,126851,0.0,0.0
2023-07-13 10:30:00-04:00,0.9099900126457214,0.9099900126457214,0.8974999785423279,0.8999999761581421,56562,0.0,0.0
2023-07-13 11:30:00-04:00,0.9100000262260437,0.910099983215332,0.9000999927520752,0.910099983215332,15205,0.0,0.0
2023-07-13 12:30:00-04:00,0.9100000262260437,0.910099983215332,0.9000999927520752,0.9002000093460083,15787,0.0,0.0
2023-07-13 13:30:00-04:00,0.9000999927520752,0.9120000004768372,0.8899999856948853,0.9011769890785217,23202,0.0,0.0
2023-07-13 14:30:00-04:00,0.9059000015258789,0.9117000102996826,0.890999972820282,0.9020000100135803,33113,0.0,0.0
2023-07-13 15:30:00-04:00,0.8899999856948853,0.8996999859809875,0.8899999856948853,0.8992999792098999,29506,0.0,0.0
2023-07-14 09:30:00-04:00,0.8984000086784363,0.9120000004768372,0.8902000188827515,0.9010999798774719,31482,0.0,0.0
2023-07-14 10:30:00-04:00,0.9080010056495667,0.9100000262260437,0.8901000022888184,0.8999999761581421,24926,0.0,0.0
2023-07-14 11:30:00-04:00,0.9018999934196472,0.9018999934196472,0.8899999856948853,0.8906000256538391,12878,0.0,0.0
2023-07-14 12:30:00-04:00,0.8901000022888184,0.8901000022888184,0.8800110220909119,0.8831999897956848,22050,0.0,0.0
2023-07-14 13:30:00-04:00,0.8973000049591064,0.8973000049591064,0.8700000047683716,0.8867999911308289,60496,0.0,0.0
2023-07-14 14:30:00-04:00,0.8801000118255615,0.8802000284194946,0.8700000047683716,0.8761000037193298,33862,0.0,0.0
2023-07-14 15:30:00-04:00,0.8704000115394592,0.8799999952316284,0.8700000047683716,0.8790000081062317,57613,0.0,0.0
2023-07-17 09:30:00-04:00,0.8899999856948853,0.9118989706039429,0.875,0.8751000165939331,64584,0.0,0.0
2023-07-17 10:30:00-04:00,0.8751999735832214,0.8776000142097473,0.8701000213623047,0.8751999735832214,65689,0.0,0.0
2023-07-17 11:30:00-04:00,0.8752999901771545,0.8752999901771545,0.8500000238418579,0.8600000143051147,190225,0.0,0.0
2023-07-17 12:30:00-04:00,0.8650000095367432,0.8748000264167786,0.8500000238418579,0.8689690232276917,43453,0.0,0.0
2023-07-17 13:30:00-04:00,0.8600000143051147,0.8698999881744385,0.8600000143051147,0.8679999709129333,21067,0.0,0.0
2023-07-17 14:30:00-04:00,0.8737000226974487,0.8737000226974487,0.8399999737739563,0.85589998960495,186205,0.0,0.0
2023-07-17 15:30:00-04:00,0.8500000238418579,0.8539999723434448,0.8399999737739563,0.8452000021934509,0,0.0,0.0
2023-07-18 09:30:00-04:00,0.843999981880188,0.8825010061264038,0.843999981880188,0.8550000190734863,36000,0.0,0.0
2023-07-18 10:30:00-04:00,0.8500000238418579,0.8500000238418579,0.8399999737739563,0.843999981880188,29572,0.0,0.0
2023-07-18 11:30:00-04:00,0.8468999862670898,0.8489000201225281,0.840399980545044,0.8482000231742859,8261,0.0,0.0
2023-07-18 12:30:00-04:00,0.84170001745224,0.847000002861023,0.8299999833106995,0.833299994468689,55127,0.0,0.0
2023-07-18 13:30:00-04:00,0.833299994468689,0.8333479762077332,0.8201000094413757,0.8303989768028259,175673,0.0,0.0
2023-07-18 14:30:00-04:00,0.8305000066757202,0.8305000066757202,0.8201000094413757,0.8201000094413757,38865,0.0,0.0
2023-07-18 15:30:00-04:00,0.8201900124549866,0.8320000171661377,0.8199999928474426,0.829800009727478,71184,0.0,0.0
2023-07-19 09:30:00-04:00,0.8420000076293945,0.8450000286102295,0.8100000023841858,0.8240000009536743,187822,0.0,0.0
2023-07-19 10:30:00-04:00,0.8240000009536743,0.8450000286102295,0.8101999759674072,0.8199999928474426,85495,0.0,0.0
2023-07-19 11:30:00-04:00,0.8191050291061401,0.8198999762535095,0.8009999990463257,0.807449996471405,107250,0.0,0.0
2023-07-19 12:30:00-04:00,0.8090000152587891,0.8100000023841858,0.800000011920929,0.8001000285148621,243275,0.0,0.0
2023-07-19 13:30:00-04:00,0.800000011920929,0.8001000285148621,0.784500002861023,0.7939000129699707,248349,0.0,0.0
2023-07-19 14:30:00-04:00,0.7971000075340271,0.8100000023841858,0.7900000214576721,0.8079000115394592,75116,0.0,0.0
2023-07-19 15:30:00-04:00,0.8008189797401428,0.8079000115394592,0.7979999780654907,0.8055999875068665,24733,0.0,0.0
2023-07-20 09:30:00-04:00,0.8090000152587891,0.8100000023841858,0.7850000262260437,0.7898989915847778,92916,0.0,0.0
2023-07-20 10:30:00-04:00,0.7894480228424072,0.789900004863739,0.7850000262260437,0.7876999974250793,22530,0.0,0.0
2023-07-20 11:30:00-04:00,0.7889999747276306,0.7897999882698059,0.7850000262260437,0.7897999882698059,45146,0.0,0.0
2023-07-20 12:30:00-04:00,0.7897999882698059,0.7897999882698059,0.7825999855995178,0.7828999757766724,11682,0.0,0.0
2023-07-20 13:30:00-04:00,0.7802010178565979,0.789900004863739,0.7799999713897705,0.7897999882698059,32162,0.0,0.0
2023-07-20 14:30:00-04:00,0.7888000011444092,0.7900000214576721,0.7800999879837036,0.789900004863739,24523,0.0,0.0
2023-07-20 15:30:00-04:00,0.7850000262260437,0.789900004863739,0.7799999713897705,0.7864000201225281,29050,0.0,0.0
2023-07-21 09:30:00-04:00,0.781000018119812,0.800000011920929,0.7799999713897705,0.7965390086174011,70668,0.0,0.0
2023-07-21 10:30:00-04:00,0.7900000214576721,0.800000011920929,0.7599999904632568,0.7888000011444092,421411,0.0,0.0
2023-07-21 11:30:00-04:00,0.7840009927749634,0.792900025844574,0.7599999904632568,0.7895990014076233,66571,0.0,0.0
2023-07-21 12:30:00-04:00,0.7699999809265137,0.789900004863739,0.7599999904632568,0.7599999904632568,79491,0.0,0.0
2023-07-21 13:30:00-04:00,0.7599999904632568,0.7933989763259888,0.7598000168800354,0.7849500179290771,34484,0.0,0.0
2023-07-21 14:30:00-04:00,0.7897989749908447,0.7897989749908447,0.7799000144004822,0.7879999876022339,5248,0.0,0.0
2023-07-21 15:30:00-04:00,0.7799999713897705,0.7919999957084656,0.7799999713897705,0.7918999791145325,45833,0.0,0.0
2023-07-24 09:30:00-04:00,0.7979999780654907,0.7979999780654907,0.7699999809265137,0.7898989915847778,37618,0.0,0.0
2023-07-24 10:30:00-04:00,0.7854999899864197,0.7900000214576721,0.7706999778747559,0.7774999737739563,39668,0.0,0.0
2023-07-24 11:30:00-04:00,0.7787489891052246,0.7814000248908997,0.7749999761581421,0.7814000248908997,16784,0.0,0.0
2023-07-24 12:30:00-04:00,0.7814000248908997,0.7814000248908997,0.7599999904632568,0.7777000069618225,62238,0.0,0.0
2023-07-24 13:30:00-04:00,0.7777000069618225,0.7777000069618225,0.7599999904632568,0.7601000070571899,39662,0.0,0.0
2023-07-24 14:30:00-04:00,0.7699000239372253,0.771399974822998,0.7549999952316284,0.7680000066757202,120919,0.0,0.0
2023-07-24 15:30:00-04:00,0.7680000066757202,0.7680000066757202,0.75,0.7598000168800354,137589,0.0,0.0
2023-07-25 09:30:00-04:00,0.7799999713897705,0.789900004863739,0.7599999904632568,0.7649999856948853,27716,0.0,0.0
2023-07-25 10:30:00-04:00,0.7674000263214111,0.7698990106582642,0.7605999708175659,0.769599974155426,13977,0.0,0.0
2023-07-25 11:30:00-04:00,0.769599974155426,0.769599974155426,0.75,0.7549499869346619,125680,0.0,0.0
2023-07-25 12:30:00-04:00,0.753000020980835,0.7598000168800354,0.75,0.7529500126838684,108174,0.0,0.0
2023-07-25 13:30:00-04:00,0.7548999786376953,0.7572000026702881,0.7540000081062317,0.7540000081062317,7447,0.0,0.0
2023-07-25 14:30:00-04:00,0.7599999904632568,0.7649000287055969,0.7555000185966492,0.7567999958992004,36886,0.0,0.0
2023-07-25 15:30:00-04:00,0.7567999958992004,0.7689999938011169,0.7540000081062317,0.7689999938011169,26909,0.0,0.0
2023-07-26 09:30:00-04:00,0.7541000247001648,0.7548999786376953,0.75,0.7501999735832214,34248,0.0,0.0
2023-07-26 10:30:00-04:00,0.754800021648407,0.7548999786376953,0.75,0.75,24019,0.0,0.0
2023-07-26 11:30:00-04:00,0.7517989873886108,0.7548999786376953,0.7509999871253967,0.7548999786376953,18195,0.0,0.0
2023-07-26 12:30:00-04:00,0.7548999786376953,0.7639999985694885,0.7520999908447266,0.7639999985694885,6536,0.0,0.0
2023-07-26 13:30:00-04:00,0.7523000240325928,0.7639999985694885,0.7522000074386597,0.7537999749183655,7987,0.0,0.0
2023-07-26 14:30:00-04:00,0.7537999749183655,0.7585499882698059,0.7520999908447266,0.7548999786376953,15301,0.0,0.0
2023-07-26 15:30:00-04:00,0.7639999985694885,0.7649999856948853,0.7580000162124634,0.7580000162124634,11697,0.0,0.0
2023-07-27 09:30:00-04:00,0.7609999775886536,0.7778000235557556,0.7599999904632568,0.7778000235557556,15710,0.0,0.0
2023-07-27 10:30:00-04:00,0.7778000235557556,0.7778000235557556,0.7601000070571899,0.7680000066757202,16662,0.0,0.0
2023-07-27 11:30:00-04:00,0.7716299891471863,0.7730000019073486,0.7628999948501587,0.7669990062713623,4237,0.0,0.0
2023-07-27 12:30:00-04:00,0.7609999775886536,0.7759000062942505,0.7609999775886536,0.7759000062942505,32192,0.0,0.0
2023-07-27 13:30:00-04:00,0.7609999775886536,0.7685009837150574,0.7549999952316284,0.7628089785575867,31821,0.0,0.0
2023-07-27 14:30:00-04:00,0.7631000280380249,0.7631000280380249,0.7501000165939331,0.7549999952316284,58824,0.0,0.0
2023-07-27 15:30:00-04:00,0.755050003528595,0.7570000290870667,0.75,0.7501000165939331,122885,0.0,0.0
2023-07-28 09:30:00-04:00,0.75,0.7759000062942505,0.75,0.7592489719390869,110779,0.0,0.0
2023-07-28 10:30:00-04:00,0.7677000164985657,0.7677000164985657,0.7508000135421753,0.7598999738693237,16638,0.0,0.0
2023-07-28 11:30:00-04:00,0.755299985408783,0.7597990036010742,0.7530999779701233,0.7530999779701233,24415,0.0,0.0
2023-07-28 12:30:00-04:00,0.7530999779701233,0.7540000081062317,0.75,0.75,81017,0.0,0.0
2023-07-28 13:30:00-04:00,0.7500500082969666,0.7501000165939331,0.741599977016449,0.7490000128746033,88469,0.0,0.0
2023-07-28 14:30:00-04:00,0.75,0.7501000165939331,0.7450000047683716,0.7450000047683716,69823,0.0,0.0
2023-07-28 15:30:00-04:00,0.7458990216255188,0.7541000247001648,0.741599977016449,0.7541000247001648,49746,0.0,0.0
2023-07-31 09:30:00-04:00,0.7569000124931335,0.7595000267028809,0.7300000190734863,0.7407000064849854,80163,0.0,0.0
2023-07-31 10:30:00-04:00,0.7498990297317505,0.7498999834060669,0.7400000095367432,0.7400010228157043,17522,0.0,0.0
2023-07-31 11:30:00-04:00,0.7498000264167786,0.7498999834060669,0.7400000095367432,0.7448999881744385,20242,0.0,0.0
2023-07-31 12:30:00-04:00,0.7448999881744385,0.7498999834060669,0.7448999881744385,0.7486500144004822,22412,0.0,0.0
2023-07-31 13:30:00-04:00,0.7486000061035156,0.7558990120887756,0.7448999881744385,0.754800021648407,17643,0.0,0.0
2023-07-31 14:30:00-04:00,0.750249981880188,0.7580000162124634,0.7458000183105469,0.7461000084877014,26017,0.0,0.0
2023-07-31 15:30:00-04:00,0.7519999742507935,0.7578999996185303,0.7400000095367432,0.7477999925613403,44435,0.0,0.0
2023-08-01 09:30:00-04:00,0.7400000095367432,0.7498999834060669,0.7394000291824341,0.7401999831199646,86216,0.0,0.0
2023-08-01 10:30:00-04:00,0.7401000261306763,0.7401000261306763,0.7361000180244446,0.739799976348877,21609,0.0,0.0
2023-08-01 11:30:00-04:00,0.739300012588501,0.7400000095367432,0.7379999756813049,0.7398999929428101,34060,0.0,0.0
2023-08-01 12:30:00-04:00,0.7387999892234802,0.7398999929428101,0.7350000143051147,0.7373999953269958,15401,0.0,0.0
2023-08-01 13:30:00-04:00,0.7397000193595886,0.7397000193595886,0.722000002861023,0.7300000190734863,28370,0.0,0.0
2023-08-01 14:30:00-04:00,0.7279000282287598,0.7329999804496765,0.722100019454956,0.7329999804496765,25017,0.0,0.0
2023-08-01 15:30:00-04:00,0.732001006603241,0.7378000020980835,0.7213000059127808,0.7378000020980835,13958,0.0,0.0
2023-08-02 09:30:00-04:00,0.7300000190734863,0.7400000095367432,0.7229999899864197,0.7337999939918518,82977,0.0,0.0
2023-08-02 10:30:00-04:00,0.7350000143051147,0.7404999732971191,0.7229999899864197,0.7329000234603882,75823,0.0,0.0
2023-08-02 11:30:00-04:00,0.7229999899864197,0.7289999723434448,0.722000002861023,0.7231000065803528,23625,0.0,0.0
2023-08-02 12:30:00-04:00,0.7214509844779968,0.7289999723434448,0.7200000286102295,0.7210000157356262,69364,0.0,0.0
2023-08-02 13:30:00-04:00,0.7210000157356262,0.7289000153541565,0.7210000157356262,0.7289000153541565,13135,0.0,0.0
2023-08-02 14:30:00-04:00,0.727400004863739,0.727400004863739,0.7099999785423279,0.7200000286102295,89915,0.0,0.0
2023-08-02 15:30:00-04:00,0.7196000218391418,0.7249000072479248,0.7150999903678894,0.7174000144004822,21433,0.0,0.0
2023-08-03 09:30:00-04:00,0.7400000095367432,0.7498000264167786,0.7300000190734863,0.7376999855041504,46703,0.0,0.0
2023-08-03 10:30:00-04:00,0.7346469759941101,0.739799976348877,0.7328000068664551,0.7359489798545837,6486,0.0,0.0
2023-08-03 11:30:00-04:00,0.7397990226745605,0.7398999929428101,0.7325000166893005,0.7350000143051147,14418,0.0,0.0
2023-08-03 12:30:00-04:00,0.7328000068664551,0.7329000234603882,0.7164009809494019,0.7200000286102295,16958,0.0,0.0
2023-08-03 13:30:00-04:00,0.7200000286102295,0.7300000190734863,0.7099999785423279,0.7299000024795532,93212,0.0,0.0
2023-08-03 14:30:00-04:00,0.7300000190734863,0.7398999929428101,0.7250000238418579,0.7301999926567078,5382,0.0,0.0
2023-08-03 15:30:00-04:00,0.7390000224113464,0.7398999929428101,0.7282000184059143,0.7282999753952026,17338,0.0,0.0
2023-08-04 09:30:00-04:00,0.7300000190734863,0.7398999929428101,0.7099999785423279,0.7102010250091553,42232,0.0,0.0
2023-08-04 10:30:00-04:00,0.7149999737739563,0.7199000120162964,0.7102000117301941,0.7199000120162964,55663,0.0,0.0
2023-08-04 11:30:00-04:00,0.7199000120162964,0.7199000120162964,0.7103999853134155,0.7150999903678894,12960,0.0,0.0
2023-08-04 12:30:00-04:00,0.7150999903678894,0.7347999811172485,0.7145000100135803,0.720100998878479,17422,0.0,0.0
2023-08-04 13:30:00-04:00,0.7299000024795532,0.7299000024795532,0.7200000286102295,0.7224000096321106,22604,0.0,0.0
2023-08-04 14:30:00-04:00,0.7163990139961243,0.7199000120162964,0.7099000215530396,0.7149999737739563,18069,0.0,0.0
2023-08-04 15:30:00-04:00,0.7152000069618225,0.7160000205039978,0.699999988079071,0.7020000219345093,39456,0.0,0.0
2023-08-07 09:30:00-04:00,0.7113999724388123,0.7139000296592712,0.6668999791145325,0.6798999905586243,96095,0.0,0.0
2023-08-07 10:30:00-04:00,0.6779000163078308,0.6779000163078308,0.6600000262260437,0.677299976348877,95642,0.0,0.0
2023-08-07 11:30:00-04:00,0.6733490228652954,0.6771000027656555,0.6699000000953674,0.673799991607666,20979,0.0,0.0
2023-08-07 12:30:00-04:00,0.6700000166893005,0.6776000261306763,0.6639490127563477,0.6729990243911743,157865,0.0,0.0
2023-08-07 13:30:00-04:00,0.6729999780654907,0.6798999905586243,0.6729999780654907,0.6797999739646912,18295,0.0,0.0
2023-08-07 14:30:00-04:00,0.6759999990463257,0.6998000144958496,0.6759999990463257,0.6909999847412109,66003,0.0,0.0
2023-08-07 15:30:00-04:00,0.6998000144958496,0.7120000123977661,0.6898000240325928,0.7099999785423279,12504,0.0,0.0
2023-08-08 09:30:00-04:00,0.718999981880188,0.7200000286102295,0.699999988079071,0.699999988079071,29039,0.0,0.0
2023-08-08 10:30:00-04:00,0.7049999833106995,0.7099999785423279,0.7000010013580322,0.7098000049591064,35380,0.0,0.0
2023-08-08 11:30:00-04:00,0.7098000049591064,0.718999981880188,0.703000009059906,0.7080000042915344,27291,0.0,0.0
2023-08-08 12:30:00-04:00,0.7134990096092224,0.718999981880188,0.7134990096092224,0.718999981880188,7464,0.0,0.0
2023-08-08 13:30:00-04:00,0.7189000248908997,0.7199000120162964,0.7189000248908997,0.7197999954223633,14974,0.0,0.0
2023-08-08 14:30:00-04:00,0.7197999954223633,0.7350000143051147,0.7150999903678894,0.7250009775161743,71846,0.0,0.0
2023-08-08 15:30:00-04:00,0.7299000024795532,0.7347999811172485,0.7210000157356262,0.7210000157356262,14987,0.0,0.0
2023-08-09 09:30:00-04:00,0.7042999863624573,0.7400000095367432,0.7020999789237976,0.7400000095367432,81152,0.0,0.0
2023-08-09 10:30:00-04:00,0.7257000207901001,0.7398999929428101,0.7257000207901001,0.7300000190734863,42625,0.0,0.0
2023-08-09 11:30:00-04:00,0.7300000190734863,0.739799976348877,0.7300000190734863,0.7390000224113464,9571,0.0,0.0
2023-08-09 12:30:00-04:00,0.739799976348877,0.7398999929428101,0.7348999977111816,0.7397000193595886,24155,0.0,0.0
2023-08-09 13:30:00-04:00,0.7396000027656555,0.739799976348877,0.722000002861023,0.7397019863128662,45035,0.0,0.0
2023-08-09 14:30:00-04:00,0.7300999760627747,0.7396990060806274,0.7300999760627747,0.7369999885559082,13337,0.0,0.0
2023-08-09 15:30:00-04:00,0.7372990250587463,0.7400000095367432,0.7300000190734863,0.7319999933242798,28124,0.0,0.0
2023-08-10 09:30:00-04:00,0.7400000095367432,0.7400000095367432,0.699999988079071,0.699999988079071,117526,0.0,0.0
2023-08-10 10:30:00-04:00,0.7001169919967651,0.7096999883651733,0.6899999976158142,0.6899999976158142,50895,0.0,0.0
2023-08-10 11:30:00-04:00,0.6899999976158142,0.7170990109443665,0.6899999976158142,0.7070000171661377,19559,0.0,0.0
2023-08-10 12:30:00-04:00,0.7099999785423279,0.7200000286102295,0.6990000009536743,0.699999988079071,5267,0.0,0.0
2023-08-10 13:30:00-04:00,0.7099999785423279,0.7200000286102295,0.7000100016593933,0.7200000286102295,3505,0.0,0.0
2023-08-10 14:30:00-04:00,0.7200000286102295,0.7200000286102295,0.699999988079071,0.7049999833106995,29355,0.0,0.0
2023-08-10 15:30:00-04:00,0.7200000286102295,0.7398999929428101,0.7149500250816345,0.7398999929428101,25686,0.0,0.0
2023-08-11 09:30:00-04:00,0.7350000143051147,0.7350000143051147,0.7200000286102295,0.7244510054588318,26358,0.0,0.0
2023-08-11 10:30:00-04:00,0.7200000286102295,0.7894999980926514,0.7200000286102295,0.7781000137329102,562140,0.0,0.0
2023-08-11 11:30:00-04:00,0.7506999969482422,0.7638999819755554,0.7401000261306763,0.75,37538,0.0,0.0
2023-08-11 12:30:00-04:00,0.7598999738693237,0.7598999738693237,0.7419999837875366,0.7475000023841858,34525,0.0,0.0
2023-08-11 13:30:00-04:00,0.7459999918937683,0.7498999834060669,0.7400000095367432,0.7475000023841858,9500,0.0,0.0
2023-08-11 14:30:00-04:00,0.7400000095367432,0.75,0.7350000143051147,0.7390000224113464,71521,0.0,0.0
2023-08-11 15:30:00-04:00,0.75,0.7524999976158142,0.7300000190734863,0.7329999804496765,64823,0.0,0.0
2023-08-14 09:30:00-04:00,0.75,0.7698990106582642,0.7300999760627747,0.7414000034332275,48721,0.0,0.0
2023-08-14 10:30:00-04:00,0.7414500117301941,0.75,0.7304999828338623,0.75,20422,0.0,0.0
2023-08-14 11:30:00-04:00,0.7497990131378174,0.75,0.7301009893417358,0.7318000197410583,5372,0.0,0.0
2023-08-14 12:30:00-04:00,0.7329999804496765,0.75,0.7300999760627747,0.744700014591217,11255,0.0,0.0
2023-08-14 13:30:00-04:00,0.75,0.7518500089645386,0.744700014591217,0.7447999715805054,5627,0.0,0.0
2023-08-14 14:30:00-04:00,0.7448009848594666,0.7580000162124634,0.7447999715805054,0.7498999834060669,13954,0.0,0.0
2023-08-14 15:30:00-04:00,0.7498999834060669,0.7509999871253967,0.7400000095367432,0.7400000095367432,7275,0.0,0.0
2023-08-15 09:30:00-04:00,0.7310000061988831,0.75,0.7300000190734863,0.7324010133743286,18730,0.0,0.0
2023-08-15 10:30:00-04:00,0.7301009893417358,0.75,0.7080000042915344,0.7161509990692139,284221,0.0,0.0
2023-08-15 11:30:00-04:00,0.7099999785423279,0.7099999785423279,0.7001000046730042,0.7089999914169312,22677,0.0,0.0
2023-08-15 12:30:00-04:00,0.7099000215530396,0.7099999785423279,0.7049999833106995,0.7074000239372253,8366,0.0,0.0
2023-08-15 13:30:00-04:00,0.7049999833106995,0.7098000049591064,0.7049999833106995,0.7096999883651733,5929,0.0,0.0
2023-08-15 14:30:00-04:00,0.7073500156402588,0.7099999785423279,0.7049999833106995,0.7099000215530396,17816,0.0,0.0
2023-08-15 15:30:00-04:00,0.7091000080108643,0.7348999977111816,0.7091000080108643,0.7347999811172485,15075,0.0,0.0
2023-08-16 09:30:00-04:00,0.7289999723434448,0.75,0.7051010131835938,0.7350000143051147,10997,0.0,0.0
2023-08-16 10:30:00-04:00,0.7100009918212891,0.7398999929428101,0.7100009918212891,0.7264009714126587,2160,0.0,0.0
2023-08-16 11:30:00-04:00,0.7210000157356262,0.7360000014305115,0.7129999995231628,0.7242000102996826,23649,0.0,0.0
2023-08-16 12:30:00-04:00,0.7206000089645386,0.7300000190734863,0.7099999785423279,0.710099995136261,25181,0.0,0.0
2023-08-16 13:30:00-04:00,0.734000027179718,0.734000027179718,0.710099995136261,0.7220500111579895,6693,0.0,0.0
2023-08-16 14:30:00-04:00,0.7199000120162964,0.734000027179718,0.705299973487854,0.7177000045776367,15359,0.0,0.0
2023-08-16 15:30:00-04:00,0.7300000190734863,0.7300000190734863,0.7056999802589417,0.7179999947547913,6273,0.0,0.0
2023-08-17 09:30:00-04:00,0.7067999839782715,0.7080000042915344,0.6901000142097473,0.6998000144958496,48457,0.0,0.0
2023-08-17 10:30:00-04:00,0.6901000142097473,0.699999988079071,0.6901000142097473,0.6978999972343445,31763,0.0,0.0
2023-08-17 11:30:00-04:00,0.691100001335144,0.6916999816894531,0.6801000237464905,0.6909999847412109,26013,0.0,0.0
2023-08-17 12:30:00-04:00,0.6909999847412109,0.699999988079071,0.6801999807357788,0.6998000144958496,100497,0.0,0.0
2023-08-17 13:30:00-04:00,0.6850000023841858,0.6990000009536743,0.6850000023841858,0.6990000009536743,3120,0.0,0.0
2023-08-17 14:30:00-04:00,0.6851009726524353,0.6990000009536743,0.6851009726524353,0.6899999976158142,7437,0.0,0.0
2023-08-17 15:30:00-04:00,0.6901010274887085,0.6988999843597412,0.6901010274887085,0.6987000107765198,0,0.0,0.0
2023-08-18 09:30:00-04:00,0.6820999979972839,0.6998999714851379,0.6811000108718872,0.6998999714851379,59347,0.0,0.0
2023-08-18 10:30:00-04:00,0.6970000267028809,0.6970000267028809,0.6847000122070312,0.6970000267028809,13554,0.0,0.0
2023-08-18 11:30:00-04:00,0.6934999823570251,0.6934999823570251,0.676800012588501,0.6895999908447266,53883,0.0,0.0
2023-08-18 12:30:00-04:00,0.6896989941596985,0.6896989941596985,0.6761999726295471,0.6797999739646912,13548,0.0,0.0
2023-08-18 13:30:00-04:00,0.6751000285148621,0.6797000169754028,0.6751000285148621,0.6793000102043152,9396,0.0,0.0
2023-08-18 14:30:00-04:00,0.6750440001487732,0.6793000102043152,0.6750440001487732,0.6790000200271606,38683,0.0,0.0
2023-08-18 15:30:00-04:00,0.675000011920929,0.6880999803543091,0.675000011920929,0.6850000023841858,13061,0.0,0.0
2023-08-21 09:30:00-04:00,0.6700000166893005,0.699999988079071,0.6700000166893005,0.6751000285148621,23681,0.0,0.0
2023-08-21 10:30:00-04:00,0.6751000285148621,0.699999988079071,0.6751000285148621,0.6998999714851379,25550,0.0,0.0
2023-08-21 11:30:00-04:00,0.6801000237464905,0.6990000009536743,0.6800000071525574,0.6988999843597412,14960,0.0,0.0
2023-08-21 12:30:00-04:00,0.6990000009536743,0.7207499742507935,0.6801000237464905,0.7168999910354614,23673,0.0,0.0
2023-08-21 13:30:00-04:00,0.7070000171661377,0.7099999785423279,0.6901000142097473,0.6998999714851379,9757,0.0,0.0
2023-08-21 14:30:00-04:00,0.6998999714851379,0.7070000171661377,0.6899999976158142,0.6990000009536743,8362,0.0,0.0
2023-08-21 15:30:00-04:00,0.7006499767303467,0.7006499767303467,0.6830000281333923,0.6830000281333923,29705,0.0,0.0
2023-08-22 09:30:00-04:00,0.6827999949455261,0.7142509818077087,0.6800000071525574,0.6800000071525574,77233,0.0,0.0
2023-08-22 10:30:00-04:00,0.6899999976158142,0.6978999972343445,0.6800000071525574,0.6901000142097473,24732,0.0,0.0
2023-08-22 11:30:00-04:00,0.697700023651123,0.697700023651123,0.6901000142097473,0.6949999928474426,3485,0.0,0.0
2023-08-22 12:30:00-04:00,0.6973999738693237,0.6973999738693237,0.6890000104904175,0.6890000104904175,6335,0.0,0.0
2023-08-22 13:30:00-04:00,0.6820999979972839,0.6978989839553833,0.6804999709129333,0.6978989839553833,11692,0.0,0.0
2023-08-22 14:30:00-04:00,0.6864740252494812,0.6978999972343445,0.6801000237464905,0.6801000237464905,7472,0.0,0.0
2023-08-22 15:30:00-04:00,0.6978999972343445,0.6978999972343445,0.6800000071525574,0.684499979019165,9217,0.0,0.0
2023-08-23 09:30:00-04:00,0.6899999976158142,0.7078999876976013,0.6815840005874634,0.6899999976158142,42916,0.0,0.0
2023-08-23 10:30:00-04:00,0.6899999976158142,0.6955000162124634,0.6899999976158142,0.6926500201225281,7906,0.0,0.0
2023-08-23 11:30:00-04:00,0.6948000192642212,0.6948000192642212,0.6899999976158142,0.6906909942626953,5797,0.0,0.0
2023-08-23 12:30:00-04:00,0.6901000142097473,0.6934999823570251,0.6807000041007996,0.6934999823570251,88483,0.0,0.0
2023-08-23 13:30:00-04:00,0.6901000142097473,0.6909999847412109,0.6901000142097473,0.6909999847412109,666,0.0,0.0
2023-08-23 14:30:00-04:00,0.6901000142097473,0.6901000142097473,0.6800000071525574,0.681850016117096,9016,0.0,0.0
2023-08-23 15:30:00-04:00,0.6816999912261963,0.6887999773025513,0.6775000095367432,0.6800000071525574,10489,0.0,0.0
2023-08-24 09:30:00-04:00,0.6969000101089478,0.6969000101089478,0.6801000237464905,0.6879000067710876,20509,0.0,0.0
2023-08-24 10:30:00-04:00,0.6877999901771545,0.6877999901771545,0.6800000071525574,0.682449996471405,16800,0.0,0.0
2023-08-24 11:30:00-04:00,0.6823999881744385,0.6845999956130981,0.6819999814033508,0.6819999814033508,22347,0.0,0.0
2023-08-24 12:30:00-04:00,0.6821010112762451,0.6840000152587891,0.6800000071525574,0.6800000071525574,22908,0.0,0.0
2023-08-24 13:30:00-04:00,0.6844000220298767,0.6844000220298767,0.6820999979972839,0.6840999722480774,2470,0.0,0.0
2023-08-24 14:30:00-04:00,0.6848499774932861,0.6848499774932861,0.6848499774932861,0.6848499774932861,400,0.0,0.0
2023-08-24 15:30:00-04:00,0.6850000023841858,0.6898999810218811,0.6850000023841858,0.6874499917030334,2160,0.0,0.0
2023-08-25 09:30:00-04:00,0.6899999976158142,0.6949489712715149,0.6899999976158142,0.6899999976158142,29914,0.0,0.0
2023-08-25 10:30:00-04:00,0.6945000290870667,0.6945000290870667,0.6899999976158142,0.6901000142097473,5786,0.0,0.0
2023-08-25 11:30:00-04:00,0.6901000142097473,0.694100022315979,0.6899999976158142,0.690500020980835,11203,0.0,0.0
2023-08-25 12:30:00-04:00,0.6902490258216858,0.6998999714851379,0.6901000142097473,0.6998999714851379,12349,0.0,0.0
2023-08-25 13:30:00-04:00,0.6998000144958496,0.6998999714851379,0.6899999976158142,0.6998999714851379,5474,0.0,0.0
2023-08-25 14:30:00-04:00,0.6949509978294373,0.6998999714851379,0.6949509978294373,0.6951000094413757,8559,0.0,0.0
2023-08-25 15:30:00-04:00,0.6974999904632568,0.6998999714851379,0.6899999976158142,0.6997990012168884,7777,0.0,0.0
2023-08-28 09:30:00-04:00,0.7099999785423279,0.7128000259399414,0.6965489983558655,0.7001000046730042,44343,0.0,0.0
2023-08-28 10:30:00-04:00,0.7014510035514832,0.7014510035514832,0.6949999928474426,0.6998000144958496,11542,0.0,0.0
2023-08-28 11:30:00-04:00,0.6949999928474426,0.703000009059906,0.6949999928474426,0.6949999928474426,10553,0.0,0.0
2023-08-28 12:30:00-04:00,0.6951000094413757,0.703000009059906,0.6951000094413757,0.703000009059906,2760,0.0,0.0
2023-08-28 13:30:00-04:00,0.703000009059906,0.7049000263214111,0.6990000009536743,0.7049000263214111,12134,0.0,0.0
2023-08-28 14:30:00-04:00,0.7049999833106995,0.7049999833106995,0.6991000175476074,0.6991000175476074,1848,0.0,0.0
2023-08-28 15:30:00-04:00,0.7049999833106995,0.7049999833106995,0.7006999850273132,0.7006999850273132,14686,0.0,0.0
2023-08-29 09:30:00-04:00,0.7008000016212463,0.7127000093460083,0.7001010179519653,0.7127000093460083,4484,0.0,0.0
2023-08-29 10:30:00-04:00,0.7113999724388123,0.7128000259399414,0.6990010142326355,0.7099000215530396,26932,0.0,0.0
2023-08-29 11:30:00-04:00,0.6990000009536743,0.7098000049591064,0.6990000009536743,0.7098000049591064,7596,0.0,0.0
2023-08-29 12:30:00-04:00,0.7048010230064392,0.7048010230064392,0.7001000046730042,0.7013999819755554,9519,0.0,0.0
2023-08-29 13:30:00-04:00,0.7024009823799133,0.704800009727478,0.699999988079071,0.699999988079071,4113,0.0,0.0
2023-08-29 14:30:00-04:00,0.699999988079071,0.7058619856834412,0.6919999718666077,0.6940000057220459,26518,0.0,0.0
2023-08-29 15:30:00-04:00,0.6920999884605408,0.6940000057220459,0.6919999718666077,0.6923999786376953,0,0.0,0.0
2023-08-30 09:30:00-04:00,0.6899999976158142,0.6948999762535095,0.6890000104904175,0.690500020980835,195841,0.0,0.0
2023-08-30 10:30:00-04:00,0.6901000142097473,0.6909999847412109,0.6899999976158142,0.6909999847412109,30020,0.0,0.0
2023-08-30 11:30:00-04:00,0.6909999847412109,0.7099999785423279,0.6905999779701233,0.7089999914169312,8067,0.0,0.0
2023-08-30 12:30:00-04:00,0.7036970257759094,0.7099000215530396,0.7002000212669373,0.7089999914169312,20390,0.0,0.0
2023-08-30 13:30:00-04:00,0.7099000215530396,0.7099000215530396,0.7002000212669373,0.7002000212669373,14574,0.0,0.0
2023-08-30 14:30:00-04:00,0.7002000212669373,0.7099000215530396,0.699999988079071,0.7098000049591064,11360,0.0,0.0
2023-08-30 15:30:00-04:00,0.7099000215530396,0.7099000215530396,0.7005000114440918,0.7099000215530396,29239,0.0,0.0
2023-08-31 09:30:00-04:00,0.699999988079071,0.699999988079071,0.6901000142097473,0.6950500011444092,15627,0.0,0.0
2023-08-31 10:30:00-04:00,0.6901000142097473,0.6998990178108215,0.6901000142097473,0.6952000260353088,10527,0.0,0.0
2023-08-31 11:30:00-04:00,0.696399986743927,0.699999988079071,0.6899999976158142,0.6901000142097473,12704,0.0,0.0
2023-08-31 12:30:00-04:00,0.6919000148773193,0.6949999928474426,0.6899999976158142,0.6923999786376953,3028,0.0,0.0
2023-08-31 13:30:00-04:00,0.692799985408783,0.6992999911308289,0.692799985408783,0.6930000185966492,1161,0.0,0.0
2023-08-31 14:30:00-04:00,0.6931009888648987,0.6931009888648987,0.6899999976158142,0.6929000020027161,13340,0.0,0.0
2023-08-31 15:30:00-04:00,0.6919500231742859,0.6929000020027161,0.6899999976158142,0.6927000284194946,9725,0.0,0.0
2023-09-01 09:30:00-04:00,0.6899999976158142,0.6996999979019165,0.6841999888420105,0.6977999806404114,19651,0.0,0.0
2023-09-01 10:30:00-04:00,0.6978499889373779,0.699999988079071,0.6899999976158142,0.6899999976158142,31540,0.0,0.0
2023-09-01 11:30:00-04:00,0.6949999928474426,0.6998999714851379,0.6700000166893005,0.6704999804496765,140400,0.0,0.0
2023-09-01 12:30:00-04:00,0.6990000009536743,0.6990000009536743,0.6865000128746033,0.6899999976158142,22928,0.0,0.0
2023-09-01 13:30:00-04:00,0.6898000240325928,0.6970000267028809,0.6865000128746033,0.6970000267028809,16704,0.0,0.0
2023-09-01 14:30:00-04:00,0.6916999816894531,0.6968989968299866,0.6800000071525574,0.6968989968299866,21030,0.0,0.0
2023-09-01 15:30:00-04:00,0.6850000023841858,0.6949999928474426,0.675000011920929,0.6898999810218811,35304,0.0,0.0
2023-09-05 09:30:00-04:00,0.6890000104904175,0.699999988079071,0.6499999761581421,0.6834999918937683,386949,0.0,0.0
2023-09-05 10:30:00-04:00,0.6890000104904175,0.695900022983551,0.6500999927520752,0.656499981880188,9725,0.0,0.0
2023-09-05 11:30:00-04:00,0.6938999891281128,0.6938999891281128,0.656499981880188,0.6700000166893005,23008,0.0,0.0
2023-09-05 12:30:00-04:00,0.6700000166893005,0.6899999976158142,0.660099983215332,0.6865000128746033,12272,0.0,0.0
2023-09-05 13:30:00-04:00,0.6865000128746033,0.6865000128746033,0.6600000262260437,0.6858999729156494,2841,0.0,0.0
2023-09-05 14:30:00-04:00,0.6606000065803528,0.6858999729156494,0.6606000065803528,0.6679999828338623,4572,0.0,0.0
2023-09-05 15:30:00-04:00,0.6769999861717224,0.6776000261306763,0.6600000262260437,0.6672000288963318,27781,0.0,0.0
2023-09-06 09:30:00-04:00,0.6600000262260437,0.6639000177383423,0.6399999856948853,0.6401000022888184,53050,0.0,0.0
2023-09-06 10:30:00-04:00,0.6508989930152893,0.6508989930152893,0.6299999952316284,0.6348999738693237,48548,0.0,0.0
2023-09-06 11:30:00-04:00,0.6348999738693237,0.6349999904632568,0.6299999952316284,0.6299999952316284,5233,0.0,0.0
2023-09-06 12:30:00-04:00,0.6352999806404114,0.6355000138282776,0.6304000020027161,0.6355000138282776,21820,0.0,0.0
2023-09-06 13:30:00-04:00,0.6311010122299194,0.6340000033378601,0.6240000128746033,0.6299999952316284,111578,0.0,0.0
2023-09-06 14:30:00-04:00,0.6299999952316284,0.6364989876747131,0.6299999952316284,0.6299999952316284,8177,0.0,0.0
2023-09-06 15:30:00-04:00,0.6301000118255615,0.6348999738693237,0.6299999952316284,0.6299999952316284,29578,0.0,0.0
2023-09-07 09:30:00-04:00,0.6299999952316284,0.6380000114440918,0.6299999952316284,0.6378999948501587,100827,0.0,0.0
2023-09-07 10:30:00-04:00,0.6299999952316284,0.6377999782562256,0.6299999952316284,0.6301000118255615,4060,0.0,0.0
2023-09-07 11:30:00-04:00,0.6378999948501587,0.6378999948501587,0.6150000095367432,0.6172000169754028,298602,0.0,0.0
2023-09-07 12:30:00-04:00,0.6187000274658203,0.6209999918937683,0.6004999876022339,0.6107929944992065,153383,0.0,0.0
2023-09-07 13:30:00-04:00,0.6154999732971191,0.6209999918937683,0.6100000143051147,0.6100000143051147,18961,0.0,0.0
2023-09-07 14:30:00-04:00,0.6205000281333923,0.6205000281333923,0.6100000143051147,0.6110000014305115,4820,0.0,0.0
2023-09-07 15:30:00-04:00,0.6150000095367432,0.6150000095367432,0.6000000238418579,0.6082000136375427,39062,0.0,0.0
2023-09-08 09:30:00-04:00,0.6225000023841858,0.6299999952316284,0.6000000238418579,0.6050000190734863,46470,0.0,0.0
2023-09-08 10:30:00-04:00,0.6072999835014343,0.6075000166893005,0.5989999771118164,0.5989999771118164,68326,0.0,0.0
2023-09-08 11:30:00-04:00,0.6018999814987183,0.6031000018119812,0.5799999833106995,0.5838000178337097,84374,0.0,0.0
2023-09-08 12:30:00-04:00,0.5824999809265137,0.5849000215530396,0.5630999803543091,0.579800009727478,102230,0.0,0.0
2023-09-08 13:30:00-04:00,0.5795999765396118,0.5809999704360962,0.5727999806404114,0.5748000144958496,40132,0.0,0.0
2023-09-08 14:30:00-04:00,0.5748999714851379,0.5809000134468079,0.5740000009536743,0.5806999802589417,47956,0.0,0.0
2023-09-08 15:30:00-04:00,0.5803989768028259,0.5878999829292297,0.5799999833106995,0.5849999785423279,35182,0.0,0.0
2023-09-11 09:30:00-04:00,0.5400000214576721,0.5699999928474426,0.527999997138977,0.527999997138977,190240,0.0,0.0
2023-09-11 10:30:00-04:00,0.5223000049591064,0.5579000115394592,0.5120000243186951,0.5569999814033508,226542,0.0,0.0
2023-09-11 11:30:00-04:00,0.5582000017166138,0.5669999718666077,0.5569999814033508,0.5570999979972839,10369,0.0,0.0
2023-09-11 12:30:00-04:00,0.5586349964141846,0.5669999718666077,0.5468000173568726,0.5669999718666077,24725,0.0,0.0
2023-09-11 13:30:00-04:00,0.5580999851226807,0.5669999718666077,0.5508670210838318,0.5566999912261963,10363,0.0,0.0
2023-09-11 14:30:00-04:00,0.5490000247955322,0.5627989768981934,0.5415999889373779,0.5432999730110168,37826,0.0,0.0
2023-09-11 15:30:00-04:00,0.5471500158309937,0.555899977684021,0.54339998960495,0.5436000227928162,7612,0.0,0.0
2023-09-12 09:30:00-04:00,0.5350000262260437,0.539900004863739,0.5350000262260437,0.539900004863739,20472,0.0,0.0
2023-09-12 10:30:00-04:00,0.539900004863739,0.5400000214576721,0.5350000262260437,0.5400000214576721,40251,0.0,0.0
2023-09-12 11:30:00-04:00,0.5399010181427002,0.5479000210762024,0.5350000262260437,0.5353000164031982,16072,0.0,0.0
2023-09-12 12:30:00-04:00,0.5396999716758728,0.5396999716758728,0.5396999716758728,0.5396999716758728,2189,0.0,0.0
2023-09-12 13:30:00-04:00,0.5397999882698059,0.5548999905586243,0.5397999882698059,0.5475509762763977,6461,0.0,0.0
2023-09-12 14:30:00-04:00,0.5550000071525574,0.5550000071525574,0.541100025177002,0.5547990202903748,9875,0.0,0.0
2023-09-12 15:30:00-04:00,0.5529000163078308,0.5529000163078308,0.5350000262260437,0.5485000014305115,8531,0.0,0.0
2023-09-13 09:30:00-04:00,0.546999990940094,0.5572999715805054,0.546999990940094,0.5486000180244446,6202,0.0,0.0
2023-09-13 10:30:00-04:00,0.5486000180244446,0.5532000064849854,0.5400000214576721,0.5475999712944031,32641,0.0,0.0
2023-09-13 11:30:00-04:00,0.5461000204086304,0.5498999953269958,0.5299999713897705,0.5299999713897705,216416,0.0,0.0
2023-09-13 12:30:00-04:00,0.5299999713897705,0.5400000214576721,0.5210999846458435,0.5343000292778015,49489,0.0,0.0
2023-09-13 13:30:00-04:00,0.5339999794960022,0.5343999862670898,0.5327000021934509,0.5343000292778015,11020,0.0,0.0
2023-09-13 14:30:00-04:00,0.5310999751091003,0.535099983215332,0.5099999904632568,0.5199000239372253,121075,0.0,0.0
2023-09-13 15:30:00-04:00,0.5151010155677795,0.5199999809265137,0.5101000070571899,0.5101000070571899,21953,0.0,0.0
2023-09-14 09:30:00-04:00,0.5113999843597412,0.5195000171661377,0.5099999904632568,0.515500009059906,54962,0.0,0.0
2023-09-14 10:30:00-04:00,0.5192000269889832,0.5199999809265137,0.5149999856948853,0.5174999833106995,7623,0.0,0.0
2023-09-14 11:30:00-04:00,0.5149999856948853,0.5199999809265137,0.5120999813079834,0.5120999813079834,20934,0.0,0.0
2023-09-14 12:30:00-04:00,0.5120999813079834,0.5199999809265137,0.5120999813079834,0.5120999813079834,11125,0.0,0.0
2023-09-14 13:30:00-04:00,0.5120999813079834,0.5199999809265137,0.5120000243186951,0.5159000158309937,26234,0.0,0.0
2023-09-14 14:30:00-04:00,0.5134999752044678,0.5198000073432922,0.5134999752044678,0.5151000022888184,6852,0.0,0.0
2023-09-14 15:30:00-04:00,0.5151000022888184,0.5180000066757202,0.51419997215271,0.51419997215271,10357,0.0,0.0
2023-09-15 09:30:00-04:00,0.5120000243186951,0.5189509987831116,0.5099999904632568,0.5099999904632568,50709,0.0,0.0
2023-09-15 10:30:00-04:00,0.5099999904632568,0.513700008392334,0.5099999904632568,0.5134999752044678,5074,0.0,0.0
2023-09-15 11:30:00-04:00,0.5134999752044678,0.5178999900817871,0.5117999911308289,0.5120000243186951,17288,0.0,0.0
2023-09-15 12:30:00-04:00,0.5099999904632568,0.5138999819755554,0.5099999904632568,0.511900007724762,7115,0.0,0.0
2023-09-15 13:30:00-04:00,0.5135999917984009,0.513700008392334,0.5099999904632568,0.5128999948501587,1861,0.0,0.0
2023-09-15 14:30:00-04:00,0.5099999904632568,0.513700008392334,0.5099999904632568,0.5135999917984009,2846,0.0,0.0
2023-09-15 15:30:00-04:00,0.513700008392334,0.513700008392334,0.5099999904632568,0.5118499994277954,43405,0.0,0.0
2023-09-18 09:30:00-04:00,0.5120000243186951,0.513700008392334,0.5099999904632568,0.5099999904632568,55189,0.0,0.0
2023-09-18 10:30:00-04:00,0.5099999904632568,0.5134000182151794,0.5099999904632568,0.5130000114440918,10061,0.0,0.0
2023-09-18 11:30:00-04:00,0.5116000175476074,0.5138000249862671,0.5116000175476074,0.5131000280380249,32857,0.0,0.0
2023-09-18 12:30:00-04:00,0.5135999917984009,0.513700008392334,0.5135999917984009,0.513700008392334,1506,0.0,0.0
2023-09-18 13:30:00-04:00,0.513700008392334,0.513700008392334,0.4699000120162964,0.4887999892234802,289520,0.0,0.0
2023-09-18 14:30:00-04:00,0.48889899253845215,0.48889899253845215,0.47999998927116394,0.4887999892234802,103566,0.0,0.0
2023-09-18 15:30:00-04:00,0.48100000619888306,0.48890000581741333,0.4699999988079071,0.47510001063346863,52717,0.0,0.0
2023-09-19 09:30:00-04:00,0.4749999940395355,0.4787999987602234,0.4699999988079071,0.4699999988079071,114862,0.0,0.0
2023-09-19 10:30:00-04:00,0.47029998898506165,0.4779999852180481,0.47029998898506165,0.4708009958267212,17311,0.0,0.0
2023-09-19 11:30:00-04:00,0.4788990020751953,0.4788999855518341,0.4699999988079071,0.4700999855995178,19193,0.0,0.0
2023-09-19 12:30:00-04:00,0.47049999237060547,0.4781990051269531,0.47049999237060547,0.4749000072479248,3887,0.0,0.0
2023-09-19 13:30:00-04:00,0.4749000072479248,0.4788999855518341,0.4699999988079071,0.4775199890136719,4643,0.0,0.0
2023-09-19 14:30:00-04:00,0.4788999855518341,0.4788999855518341,0.4699999988079071,0.4788999855518341,15594,0.0,0.0
2023-09-19 15:30:00-04:00,0.4788999855518341,0.4788999855518341,0.4699999988079071,0.4699999988079071,9421,0.0,0.0
2023-09-20 09:30:00-04:00,0.4699999988079071,0.4830000102519989,0.4650000035762787,0.4724999964237213,17410,0.0,0.0
2023-09-20 10:30:00-04:00,0.4749999940395355,0.47999998927116394,0.4699999988079071,0.4700999855995178,38337,0.0,0.0
2023-09-20 11:30:00-04:00,0.4699999988079071,0.4728350043296814,0.4699999988079071,0.4700700044631958,27459,0.0,0.0
2023-09-20 12:30:00-04:00,0.4699999988079071,0.4700999855995178,0.46000000834465027,0.46000000834465027,39509,0.0,0.0
2023-09-20 13:30:00-04:00,0.46825000643730164,0.476500004529953,0.4499000012874603,0.4650000035762787,38996,0.0,0.0
2023-09-20 14:30:00-04:00,0.4740000069141388,0.4740000069141388,0.4650000035762787,0.4650000035762787,6136,0.0,0.0
2023-09-20 15:30:00-04:00,0.45500001311302185,0.45500001311302185,0.44999998807907104,0.45489999651908875,15382,0.0,0.0
2023-09-21 09:30:00-04:00,0.47679999470710754,0.5,0.44999998807907104,0.46000000834465027,60582,0.0,0.0
2023-09-21 10:30:00-04:00,0.45980000495910645,0.4650000035762787,0.44999998807907104,0.4519999921321869,43754,0.0,0.0
2023-09-21 11:30:00-04:00,0.4584999978542328,0.4650000035762787,0.453000009059906,0.4560000002384186,9288,0.0,0.0
2023-09-21 12:30:00-04:00,0.4524010121822357,0.46000000834465027,0.4524010121822357,0.45989900827407837,5735,0.0,0.0
2023-09-21 13:30:00-04:00,0.45931100845336914,0.45989999175071716,0.45625001192092896,0.4562999904155731,5577,0.0,0.0
2023-09-21 14:30:00-04:00,0.45980000495910645,0.45980000495910645,0.44999998807907104,0.45614999532699585,54481,0.0,0.0
2023-09-21 15:30:00-04:00,0.45249998569488525,0.4551999866962433,0.44999998807907104,0.45010000467300415,4076,0.0,0.0
2023-09-22 09:30:00-04:00,0.46000000834465027,0.4629000127315521,0.46000000834465027,0.46050000190734863,132892,0.0,0.0
2023-09-22 10:30:00-04:00,0.46309998631477356,0.46320000290870667,0.46000000834465027,0.4607999920845032,39896,0.0,0.0
2023-09-22 11:30:00-04:00,0.4603999853134155,0.4659000039100647,0.46000000834465027,0.4659000039100647,7272,0.0,0.0
2023-09-22 12:30:00-04:00,0.4659000039100647,0.4659000039100647,0.460099995136261,0.4657999873161316,4313,0.0,0.0
2023-09-22 13:30:00-04:00,0.4629000127315521,0.4659000039100647,0.46000000834465027,0.4659000039100647,29889,0.0,0.0
2023-09-22 14:30:00-04:00,0.4657999873161316,0.4698989987373352,0.4657000005245209,0.4698989987373352,7942,0.0,0.0
2023-09-22 15:30:00-04:00,0.4697999954223633,0.4697999954223633,0.460099995136261,0.46869999170303345,23025,0.0,0.0
2023-09-25 09:30:00-04:00,0.4790000021457672,0.47988998889923096,0.4699999988079071,0.4706000089645386,19423,0.0,0.0
2023-09-25 10:30:00-04:00,0.4797999858856201,0.4797999858856201,0.4702000021934509,0.47450000047683716,5326,0.0,0.0
2023-09-25 11:30:00-04:00,0.4702000021934509,0.4749000072479248,0.4699999988079071,0.4700999855995178,30945,0.0,0.0
2023-09-25 12:30:00-04:00,0.4702000021934509,0.4702000021934509,0.4699999988079071,0.4699999988079071,24580,0.0,0.0
2023-09-25 13:30:00-04:00,0.47600001096725464,0.4760499894618988,0.4699999988079071,0.4699999988079071,14107,0.0,0.0
2023-09-25 14:30:00-04:00,0.4749490022659302,0.4799000024795532,0.4699999988079071,0.47589999437332153,5374,0.0,0.0
2023-09-25 15:30:00-04:00,0.4778999984264374,0.4796000123023987,0.4683000147342682,0.47099998593330383,28814,0.0,0.0
2023-09-26 09:30:00-04:00,0.47999998927116394,0.4819999933242798,0.4699999988079071,0.4779999852180481,10688,0.0,0.0
2023-09-26 10:30:00-04:00,0.4779999852180481,0.4799000024795532,0.4699999988079071,0.4699999988079071,14932,0.0,0.0
2023-09-26 11:30:00-04:00,0.4699999988079071,0.4749000072479248,0.4699999988079071,0.4724999964237213,6368,0.0,0.0
2023-09-26 12:30:00-04:00,0.47200000286102295,0.4724999964237213,0.4699999988079071,0.4712490141391754,18216,0.0,0.0
2023-09-26 13:30:00-04:00,0.47119998931884766,0.4724999964237213,0.47119998931884766,0.47119998931884766,1186,0.0,0.0
2023-09-26 14:30:00-04:00,0.4724999964237213,0.4724999964237213,0.4699999988079071,0.47130000591278076,6425,0.0,0.0
2023-09-26 15:30:00-04:00,0.4712499976158142,0.4724999964237213,0.4699999988079071,0.47119998931884766,31405,0.0,0.0
2023-09-27 09:30:00-04:00,0.47099998593330383,0.48500001430511475,0.4699999988079071,0.4699999988079071,10536,0.0,0.0
2023-09-27 10:30:00-04:00,0.47209998965263367,0.4779999852180481,0.47200000286102295,0.4779999852180481,5074,0.0,0.0
2023-09-27 11:30:00-04:00,0.4763000011444092,0.4763000011444092,0.4699999988079071,0.4699999988079071,25892,0.0,0.0
2023-09-27 12:30:00-04:00,0.474700003862381,0.474700003862381,0.4722000062465668,0.4724999964237213,2080,0.0,0.0
2023-09-27 13:30:00-04:00,0.4721989929676056,0.4749999940395355,0.4699999988079071,0.4702000021934509,2236,0.0,0.0
2023-09-27 14:30:00-04:00,0.4731000065803528,0.4749000072479248,0.4699999988079071,0.4699999988079071,24412,0.0,0.0
2023-09-27 15:30:00-04:00,0.4749000072479248,0.4749000072479248,0.46000000834465027,0.46000000834465027,12730,0.0,0.0
2023-09-28 09:30:00-04:00,0.49000000953674316,0.49000000953674316,0.46000000834465027,0.46000000834465027,15257,0.0,0.0
2023-09-28 10:30:00-04:00,0.46369999647140503,0.4699000120162964,0.46359899640083313,0.4699000120162964,12544,0.0,0.0
2023-09-28 11:30:00-04:00,0.4697999954223633,0.4779999852180481,0.4697999954223633,0.47119998931884766,32296,0.0,0.0
2023-09-28 12:30:00-04:00,0.47119998931884766,0.4797999858856201,0.47119998931884766,0.4754999876022339,4546,0.0,0.0
2023-09-28 13:30:00-04:00,0.4799000024795532,0.47999998927116394,0.47530001401901245,0.47530001401901245,2676,0.0,0.0
2023-09-28 14:30:00-04:00,0.4799000024795532,0.47999998927116394,0.47110000252723694,0.47110000252723694,4027,0.0,0.0
2023-09-28 15:30:00-04:00,0.47530001401901245,0.4797999858856201,0.4699999988079071,0.4797999858856201,4485,0.0,0.0
2023-09-29 09:30:00-04:00,0.4699999988079071,0.4775499999523163,0.4699999988079071,0.47099998593330383,10733,0.0,0.0
2023-09-29 10:30:00-04:00,0.4830000102519989,0.48410001397132874,0.47303101420402527,0.47825101017951965,3516,0.0,0.0
2023-09-29 11:30:00-04:00,0.4724999964237213,0.48399999737739563,0.47099998593330383,0.48399999737739563,32083,0.0,0.0
2023-09-29 12:30:00-04:00,0.47200000286102295,0.47200000286102295,0.46000099182128906,0.4699999988079071,24964,0.0,0.0
2023-09-29 13:30:00-04:00,0.4699999988079071,0.4700999855995178,0.46000000834465027,0.4699999988079071,7405,0.0,0.0
2023-09-29 14:30:00-04:00,0.4819999933242798,0.4830000102519989,0.4699999988079071,0.476500004529953,29051,0.0,0.0
2023-09-29 15:30:00-04:00,0.47189998626708984,0.47189998626708984,0.46000000834465027,0.4666000008583069,12156,0.0,0.0
2023-10-02 09:30:00-04:00,0.46000000834465027,0.4616999924182892,0.46000000834465027,0.460999995470047,21370,0.0,0.0
2023-10-02 10:30:00-04:00,0.460999995470047,0.46219998598098755,0.45820000767707825,0.4620000123977661,25259,0.0,0.0
2023-10-02 11:30:00-04:00,0.46209999918937683,0.46219998598098755,0.46000000834465027,0.46219998598098755,5091,0.0,0.0
2023-10-02 12:30:00-04:00,0.460999995470047,0.4699999988079071,0.46000000834465027,0.4699999988079071,2963,0.0,0.0
2023-10-02 13:30:00-04:00,0.460999995470047,0.47999998927116394,0.46000000834465027,0.46000000834465027,1235,0.0,0.0
2023-10-02 14:30:00-04:00,0.46000000834465027,0.47999998927116394,0.46000000834465027,0.47989898920059204,2783,0.0,0.0
2023-10-02 15:30:00-04:00,0.460099995136261,0.4790000021457672,0.46000000834465027,0.46000000834465027,6167,0.0,0.0
2023-10-03 09:30:00-04:00,0.46000000834465027,0.48389899730682373,0.46000000834465027,0.46560001373291016,12158,0.0,0.0
2023-10-03 10:30:00-04:00,0.46560001373291016,0.4699000120162964,0.46000000834465027,0.46000000834465027,8342,0.0,0.0
2023-10-03 11:30:00-04:00,0.46000000834465027,0.48389899730682373,0.46000000834465027,0.48350000381469727,7623,0.0,0.0
2023-10-03 12:30:00-04:00,0.4790000021457672,0.47999998927116394,0.46000000834465027,0.46050000190734863,4675,0.0,0.0
2023-10-03 13:30:00-04:00,0.4702500104904175,0.4702500104904175,0.4683000147342682,0.4683000147342682,644,0.0,0.0
2023-10-03 14:30:00-04:00,0.47999998927116394,0.47999998927116394,0.46000000834465027,0.46050000190734863,11117,0.0,0.0
2023-10-03 15:30:00-04:00,0.4699999988079071,0.4699999988079071,0.4650000035762787,0.4650000035762787,4594,0.0,0.0
2023-10-04 09:30:00-04:00,0.4699999988079071,0.47999998927116394,0.460099995136261,0.47999998927116394,43694,0.0,0.0
2023-10-04 10:30:00-04:00,0.47999998927116394,0.47999998927116394,0.46000000834465027,0.4799000024795532,9712,0.0,0.0
2023-10-04 11:30:00-04:00,0.47999998927116394,0.47999998927116394,0.46000000834465027,0.4717000126838684,38396,0.0,0.0
2023-10-04 12:30:00-04:00,0.4717000126838684,0.47999998927116394,0.4715000092983246,0.4715000092983246,3335,0.0,0.0
2023-10-04 13:30:00-04:00,0.4715999960899353,0.4715999960899353,0.46814998984336853,0.47130000591278076,2264,0.0,0.0
2023-10-04 14:30:00-04:00,0.47130000591278076,0.47130000591278076,0.46000000834465027,0.47109898924827576,33180,0.0,0.0
2023-10-04 15:30:00-04:00,0.47099998593330383,0.47130000591278076,0.4656499922275543,0.47130000591278076,521,0.0,0.0
2023-10-05 09:30:00-04:00,0.46000000834465027,0.4790000021457672,0.46000000834465027,0.4790000021457672,27515,0.0,0.0
2023-10-05 10:30:00-04:00,0.4788999855518341,0.4790000021457672,0.460099995136261,0.47699999809265137,16836,0.0,0.0
2023-10-05 11:30:00-04:00,0.47600001096725464,0.47749999165534973,0.46000000834465027,0.477400004863739,32621,0.0,0.0
2023-10-05 12:30:00-04:00,0.477400004863739,0.47749999165534973,0.4602000117301941,0.47749999165534973,7460,0.0,0.0
2023-10-05 13:30:00-04:00,0.47749999165534973,0.47749999165534973,0.46700000762939453,0.4699000120162964,5625,0.0,0.0
2023-10-05 14:30:00-04:00,0.4699000120162964,0.4699999988079071,0.46700000762939453,0.4699000120162964,2204,0.0,0.0
2023-10-05 15:30:00-04:00,0.46700000762939453,0.4699000120162964,0.46000000834465027,0.46000000834465027,8051,0.0,0.0
2023-10-06 09:30:00-04:00,0.46000000834465027,0.4790000021457672,0.46000000834465027,0.460099995136261,19895,0.0,0.0
2023-10-06 10:30:00-04:00,0.46000000834465027,0.4690000116825104,0.46000000834465027,0.4648999869823456,9323,0.0,0.0
2023-10-06 11:30:00-04:00,0.4636000096797943,0.4650000035762787,0.46000000834465027,0.46480000019073486,18757,0.0,0.0
2023-10-06 12:30:00-04:00,0.46480000019073486,0.46480000019073486,0.46480000019073486,0.46480000019073486,1041,0.0,0.0
2023-10-06 13:30:00-04:00,0.460099995136261,0.460099995136261,0.460099995136261,0.460099995136261,184,0.0,0.0
2023-10-06 14:30:00-04:00,0.4690000116825104,0.4745199978351593,0.460099995136261,0.4745199978351593,5973,0.0,0.0
2023-10-06 15:30:00-04:00,0.4690000116825104,0.4699000120162964,0.4625000059604645,0.46369999647140503,3524,0.0,0.0
2023-10-09 09:30:00-04:00,0.4887999892234802,0.4887999892234802,0.4699999988079071,0.4788999855518341,59161,0.0,0.0
2023-10-09 10:30:00-04:00,0.4699999988079071,0.47769901156425476,0.4699999988079071,0.4699999988079071,6562,0.0,0.0
2023-10-09 11:30:00-04:00,0.4727500081062317,0.4754999876022339,0.46549999713897705,0.46549999713897705,12305,0.0,0.0
2023-10-09 12:30:00-04:00,0.46549999713897705,0.47271299362182617,0.46000000834465027,0.460099995136261,14326,0.0,0.0
2023-10-09 13:30:00-04:00,0.4699999988079071,0.475600004196167,0.460099995136261,0.4699999988079071,5944,0.0,0.0
2023-10-09 14:30:00-04:00,0.4656499922275543,0.4656499922275543,0.46299999952316284,0.46299999952316284,5212,0.0,0.0
2023-10-09 15:30:00-04:00,0.46309998631477356,0.47040000557899475,0.4602000117301941,0.46219998598098755,9333,0.0,0.0
2023-10-10 09:30:00-04:00,0.46000000834465027,0.4799000024795532,0.46000000834465027,0.4799000024795532,26754,0.0,0.0
2023-10-10 10:30:00-04:00,0.4699999988079071,0.4699999988079071,0.4602000117301941,0.4607999920845032,12145,0.0,0.0
2023-10-10 11:30:00-04:00,0.4650000035762787,0.47200000286102295,0.46000000834465027,0.4602000117301941,22578,0.0,0.0
2023-10-10 12:30:00-04:00,0.4602999985218048,0.46970000863075256,0.4602999985218048,0.46258801221847534,9706,0.0,0.0
2023-10-10 13:30:00-04:00,0.46869999170303345,0.4693000018596649,0.46000000834465027,0.4693000018596649,15881,0.0,0.0
2023-10-10 14:30:00-04:00,0.46320000290870667,0.46939998865127563,0.4631099998950958,0.4691999852657318,3922,0.0,0.0
2023-10-10 15:30:00-04:00,0.46869999170303345,0.46869999170303345,0.4587000012397766,0.46309998631477356,36579,0.0,0.0
2023-10-11 09:30:00-04:00,0.46000000834465027,0.4699999988079071,0.46000000834465027,0.4650000035762787,5690,0.0,0.0
2023-10-11 10:30:00-04:00,0.4641999900341034,0.4641999900341034,0.46299999952316284,0.4639990031719208,5780,0.0,0.0
2023-10-11 11:30:00-04:00,0.46209999918937683,0.46399998664855957,0.46000000834465027,0.4636000096797943,16403,0.0,0.0
2023-10-11 12:30:00-04:00,0.46369999647140503,0.46369999647140503,0.46000000834465027,0.46000000834465027,24516,0.0,0.0
2023-10-11 13:30:00-04:00,0.46000000834465027,0.4620000123977661,0.46000000834465027,0.4620000123977661,7241,0.0,0.0
2023-10-11 14:30:00-04:00,0.4629000127315521,0.4632999897003174,0.46000000834465027,0.46000000834465027,10859,0.0,0.0
2023-10-11 15:30:00-04:00,0.45820000767707825,0.4632999897003174,0.45820000767707825,0.46000000834465027,29036,0.0,0.0
2023-10-12 09:30:00-04:00,0.4611000120639801,0.47290000319480896,0.4611000120639801,0.4651010036468506,5993,0.0,0.0
2023-10-12 10:30:00-04:00,0.4650000035762787,0.46939998865127563,0.4620000123977661,0.4620000123977661,15447,0.0,0.0
2023-10-12 11:30:00-04:00,0.46494999527931213,0.46494999527931213,0.4602000117301941,0.46219998598098755,15327,0.0,0.0
2023-10-12 12:30:00-04:00,0.4634000062942505,0.4650000035762787,0.46000000834465027,0.46000000834465027,32295,0.0,0.0
2023-10-12 13:30:00-04:00,0.4643000066280365,0.4643000066280365,0.46000000834465027,0.46399998664855957,11930,0.0,0.0
2023-10-12 14:30:00-04:00,0.46389999985694885,0.46389999985694885,0.4595000147819519,0.46000000834465027,25710,0.0,0.0
2023-10-12 15:30:00-04:00,0.46000000834465027,0.4616999924182892,0.46000000834465027,0.46000000834465027,8761,0.0,0.0
2023-10-13 09:30:00-04:00,0.46000000834465027,0.46650001406669617,0.46000000834465027,0.46650001406669617,4494,0.0,0.0
2023-10-13 10:30:00-04:00,0.460099995136261,0.46309998631477356,0.460099995136261,0.46309998631477356,390,0.0,0.0
2023-10-13 11:30:00-04:00,0.46000000834465027,0.4661000072956085,0.46000000834465027,0.4661000072956085,1341,0.0,0.0
2023-10-13 12:30:00-04:00,0.4646509885787964,0.4666000008583069,0.46000000834465027,0.4632999897003174,12679,0.0,0.0
2023-10-13 13:30:00-04:00,0.46000000834465027,0.46639999747276306,0.46000000834465027,0.4661000072956085,14260,0.0,0.0
2023-10-13 14:30:00-04:00,0.4659999907016754,0.4659999907016754,0.46000000834465027,0.46540001034736633,1684,0.0,0.0
2023-10-13 15:30:00-04:00,0.46000000834465027,0.46299999952316284,0.46000000834465027,0.46299999952316284,8989,0.0,0.0
2023-10-16 09:30:00-04:00,0.49399998784065247,0.5400000214576721,0.48010098934173584,0.5289999842643738,393119,0.0,0.0
2023-10-16 10:30:00-04:00,0.5289999842643738,0.6000000238418579,0.5010010004043579,0.5799999833106995,312791,0.0,0.0
2023-10-16 11:30:00-04:00,0.5989999771118164,0.5999000072479248,0.5299999713897705,0.5541999936103821,265782,0.0,0.0
2023-10-16 12:30:00-04:00,0.550000011920929,0.5600000023841858,0.5478000044822693,0.5598999857902527,114413,0.0,0.0
2023-10-16 13:30:00-04:00,0.550000011920929,0.5601000189781189,0.5400000214576721,0.5450000166893005,57578,0.0,0.0
2023-10-16 14:30:00-04:00,0.5432999730110168,0.5600000023841858,0.5400000214576721,0.5598999857902527,32276,0.0,0.0
2023-10-16 15:30:00-04:00,0.5550000071525574,0.5600000023841858,0.5260000228881836,0.5400000214576721,121875,0.0,0.0
2023-10-17 09:30:00-04:00,0.550000011920929,0.550000011920929,0.5049999952316284,0.5145000219345093,109713,0.0,0.0
2023-10-17 10:30:00-04:00,0.5145000219345093,0.515500009059906,0.5,0.5,28767,0.0,0.0
2023-10-17 11:30:00-04:00,0.5,0.5130000114440918,0.48170000314712524,0.4994499981403351,35943,0.0,0.0
2023-10-17 12:30:00-04:00,0.4999989867210388,0.5099999904632568,0.4855009913444519,0.5099999904632568,18292,0.0,0.0
2023-10-17 13:30:00-04:00,0.5099999904632568,0.5099999904632568,0.4749999940395355,0.47810098528862,24848,0.0,0.0
2023-10-17 14:30:00-04:00,0.47999998927116394,0.5,0.4780009984970093,0.5,33650,0.0,0.0
2023-10-17 15:30:00-04:00,0.4986000061035156,0.5095999836921692,0.4790000021457672,0.48100000619888306,12661,0.0,0.0
2023-10-18 09:30:00-04:00,0.4997999966144562,0.5,0.4699999988079071,0.4957999885082245,23616,0.0,0.0
2023-10-18 10:30:00-04:00,0.48500001430511475,0.4950000047683716,0.4749999940395355,0.4749999940395355,4836,0.0,0.0
2023-10-18 11:30:00-04:00,0.48539999127388,0.4949989914894104,0.4749999940395355,0.4797999858856201,32811,0.0,0.0
2023-10-18 12:30:00-04:00,0.4799000024795532,0.48729899525642395,0.4749999940395355,0.483599990606308,18338,0.0,0.0
2023-10-18 13:30:00-04:00,0.4803999960422516,0.48750001192092896,0.4749999940395355,0.48500001430511475,9796,0.0,0.0
2023-10-18 14:30:00-04:00,0.47999998927116394,0.48489901423454285,0.46000000834465027,0.4779999852180481,14621,0.0,0.0
2023-10-18 15:30:00-04:00,0.4749999940395355,0.4749999940395355,0.4715999960899353,0.4715999960899353,3480,0.0,0.0
2023-10-19 09:30:00-04:00,0.48899999260902405,0.48899999260902405,0.4650000035762787,0.4650000035762787,21078,0.0,0.0
2023-10-19 10:30:00-04:00,0.4666999876499176,0.4699000120162964,0.4620000123977661,0.46209999918937683,14185,0.0,0.0
2023-10-19 11:30:00-04:00,0.46665000915527344,0.4684000015258789,0.4620000123977661,0.4620000123977661,12247,0.0,0.0
2023-10-19 12:30:00-04:00,0.4620000123977661,0.4683989882469177,0.4620000123977661,0.4683989882469177,4317,0.0,0.0
2023-10-19 13:30:00-04:00,0.4620000123977661,0.4684000015258789,0.46000000834465027,0.4650000035762787,21521,0.0,0.0
2023-10-19 14:30:00-04:00,0.4641999900341034,0.4691999852657318,0.4641999900341034,0.4683000147342682,11248,0.0,0.0
2023-10-19 15:30:00-04:00,0.4641999900341034,0.4641999900341034,0.46000000834465027,0.46149998903274536,15625,0.0,0.0
2023-10-20 09:30:00-04:00,0.4620000123977661,0.47999998927116394,0.46000000834465027,0.46000000834465027,18652,0.0,0.0
2023-10-20 10:30:00-04:00,0.46000000834465027,0.46949899196624756,0.46000000834465027,0.4647499918937683,8283,0.0,0.0
2023-10-20 11:30:00-04:00,0.46000000834465027,0.46939998865127563,0.46000000834465027,0.46000000834465027,11108,0.0,0.0
2023-10-20 12:30:00-04:00,0.46000000834465027,0.4758000075817108,0.46000000834465027,0.46799999475479126,90874,0.0,0.0
2023-10-20 13:30:00-04:00,0.46799999475479126,0.4756999909877777,0.46000000834465027,0.4740000069141388,3241,0.0,0.0
2023-10-20 14:30:00-04:00,0.46000000834465027,0.4739989936351776,0.46000000834465027,0.46000000834465027,3490,0.0,0.0
2023-10-20 15:30:00-04:00,0.46000000834465027,0.4634000062942505,0.45820000767707825,0.46000000834465027,34339,0.0,0.0
2023-10-23 09:30:00-04:00,0.4625000059604645,0.4634999930858612,0.46000000834465027,0.46000000834465027,13016,0.0,0.0
2023-10-23 10:30:00-04:00,0.46000000834465027,0.46309998631477356,0.44999998807907104,0.45010000467300415,59979,0.0,0.0
2023-10-23 11:30:00-04:00,0.4505000114440918,0.46299999952316284,0.4505000114440918,0.4620000123977661,1710,0.0,0.0
2023-10-23 12:30:00-04:00,0.45010000467300415,0.4620000123977661,0.45010000467300415,0.45010000467300415,2012,0.0,0.0
2023-10-23 13:30:00-04:00,0.4565509855747223,0.46299999952316284,0.44999998807907104,0.44999998807907104,10469,0.0,0.0
2023-10-23 14:30:00-04:00,0.4514000117778778,0.46299898624420166,0.4300000071525574,0.4399000108242035,26998,0.0,0.0
2023-10-23 15:30:00-04:00,0.43505001068115234,0.45339998602867126,0.4350000023841858,0.43880000710487366,13298,0.0,0.0
2023-10-24 09:30:00-04:00,0.4399999976158142,0.4490000009536743,0.41999998688697815,0.4372999966144562,60546,0.0,0.0
2023-10-24 10:30:00-04:00,0.4300000071525574,0.4496990144252777,0.4300000071525574,0.4300999939441681,12885,0.0,0.0
2023-10-24 11:30:00-04:00,0.43299999833106995,0.4339999854564667,0.43299999833106995,0.43299999833106995,4792,0.0,0.0
2023-10-24 12:30:00-04:00,0.43299999833106995,0.43299999833106995,0.42149999737739563,0.4328010082244873,36414,0.0,0.0
2023-10-24 13:30:00-04:00,0.4300000071525574,0.44290000200271606,0.42260000109672546,0.44290000200271606,6030,0.0,0.0
2023-10-24 14:30:00-04:00,0.43279901146888733,0.442999005317688,0.4171999990940094,0.42980000376701355,15894,0.0,0.0
2023-10-24 15:30:00-04:00,0.41510099172592163,0.42899999022483826,0.41499999165534973,0.42899999022483826,0,0.0,0.0
2023-10-25 09:30:00-04:00,0.40450000762939453,0.45890000462532043,0.4000999927520752,0.4429459869861603,72838,0.0,0.0
2023-10-25 10:30:00-04:00,0.447501003742218,0.45899999141693115,0.4400010108947754,0.4400010108947754,19127,0.0,0.0
2023-10-25 11:30:00-04:00,0.45980000495910645,0.4690000116825104,0.4399999976158142,0.4690000116825104,29898,0.0,0.0
2023-10-25 12:30:00-04:00,0.4650000035762787,0.4650000035762787,0.4401009976863861,0.45899999141693115,12410,0.0,0.0
2023-10-25 13:30:00-04:00,0.4599989950656891,0.46000000834465027,0.42500001192092896,0.42500001192092896,14292,0.0,0.0
2023-10-25 14:30:00-04:00,0.42577800154685974,0.42980000376701355,0.4244999885559082,0.4255000054836273,28963,0.0,0.0
2023-10-25 15:30:00-04:00,0.42660000920295715,0.4293999969959259,0.4203000068664551,0.42590001225471497,19380,0.0,0.0
2023-10-26 09:30:00-04:00,0.41999998688697815,0.41999998688697815,0.4099999964237213,0.4099999964237213,46708,0.0,0.0
2023-10-26 10:30:00-04:00,0.4195989966392517,0.4195989966392517,0.4099999964237213,0.41499999165534973,12173,0.0,0.0
2023-10-26 11:30:00-04:00,0.41019999980926514,0.4124999940395355,0.4099999964237213,0.4099999964237213,36800,0.0,0.0
2023-10-26 12:30:00-04:00,0.4108999967575073,0.4115999937057495,0.4099999964237213,0.4099999964237213,3132,0.0,0.0
2023-10-26 13:30:00-04:00,0.4099999964237213,0.41499999165534973,0.4099999964237213,0.41499999165534973,0,0.0,0.0
2023-10-26 14:30:00-04:00,0.414900004863739,0.41990000009536743,0.4099999964237213,0.41990000009536743,144449,0.0,0.0
2023-10-26 15:30:00-04:00,0.4110009968280792,0.41990000009536743,0.4110009968280792,0.41110101342201233,4257,0.0,0.0
2023-10-27 09:30:00-04:00,0.4399999976158142,0.4399999976158142,0.4099999964237213,0.41495099663734436,13467,0.0,0.0
2023-10-27 10:30:00-04:00,0.41495001316070557,0.41990000009536743,0.4099999964237213,0.4189999997615814,25782,0.0,0.0
2023-10-27 11:30:00-04:00,0.41999998688697815,0.4300000071525574,0.4099999964237213,0.42000100016593933,24772,0.0,0.0
2023-10-27 12:30:00-04:00,0.42989999055862427,0.42989999055862427,0.4099999964237213,0.4099999964237213,32636,0.0,0.0
2023-10-27 13:30:00-04:00,0.4147999882698059,0.414900004863739,0.4099999964237213,0.41190001368522644,22182,0.0,0.0
2023-10-27 14:30:00-04:00,0.4124999940395355,0.41440001130104065,0.4083999991416931,0.41440001130104065,44149,0.0,0.0
2023-10-27 15:30:00-04:00,0.41440001130104065,0.4223000109195709,0.4099999964237213,0.41620001196861267,25170,0.0,0.0
2023-10-30 09:30:00-04:00,0.4300000071525574,0.4300000071525574,0.41499999165534973,0.4175499975681305,5244,0.0,0.0
2023-10-30 10:30:00-04:00,0.41760000586509705,0.41999998688697815,0.4099999964237213,0.41359999775886536,4837,0.0,0.0
2023-10-30 11:30:00-04:00,0.4104999899864197,0.4147000014781952,0.4104999899864197,0.41440001130104065,13581,0.0,0.0
2023-10-30 12:30:00-04:00,0.41359999775886536,0.4147000014781952,0.4120999872684479,0.41464999318122864,5218,0.0,0.0
2023-10-30 13:30:00-04:00,0.4147000014781952,0.41999998688697815,0.4106000065803528,0.41999998688697815,13605,0.0,0.0
2023-10-30 14:30:00-04:00,0.41999998688697815,0.41999998688697815,0.4099999964237213,0.41990000009536743,18546,0.0,0.0
2023-10-30 15:30:00-04:00,0.41495001316070557,0.4198000133037567,0.4099999964237213,0.4099999964237213,4443,0.0,0.0
2023-10-31 09:30:00-04:00,0.4099999964237213,0.41990000009536743,0.4099999964237213,0.41200000047683716,25494,0.0,0.0
2023-10-31 10:30:00-04:00,0.4146000146865845,0.41510099172592163,0.4146000146865845,0.41510099172592163,3862,0.0,0.0
2023-10-31 11:30:00-04:00,0.41519999504089355,0.4189999997615814,0.41499999165534973,0.41519999504089355,5369,0.0,0.0
2023-10-31 12:30:00-04:00,0.41200000047683716,0.42989999055862427,0.41200000047683716,0.41999998688697815,20248,0.0,0.0
2023-10-31 13:30:00-04:00,0.41200000047683716,0.41850000619888306,0.4099999964237213,0.41200000047683716,22608,0.0,0.0
2023-10-31 14:30:00-04:00,0.41100001335144043,0.4300000071525574,0.41100001335144043,0.4300000071525574,2303,0.0,0.0
2023-10-31 15:30:00-04:00,0.4300000071525574,0.4300000071525574,0.41950100660324097,0.41999998688697815,2182,0.0,0.0
2023-11-01 09:30:00-04:00,0.44999998807907104,0.44999998807907104,0.4124000072479248,0.4275999963283539,73559,0.0,0.0
2023-11-01 10:30:00-04:00,0.42500001192092896,0.4449000060558319,0.421999990940094,0.421999990940094,82954,0.0,0.0
2023-11-01 11:30:00-04:00,0.4309999942779541,0.4399999976158142,0.421999990940094,0.421999990940094,15003,0.0,0.0
2023-11-01 12:30:00-04:00,0.42979899048805237,0.42989999055862427,0.41359999775886536,0.41359999775886536,14236,0.0,0.0
2023-11-01 13:30:00-04:00,0.41359999775886536,0.4293000102043152,0.41359999775886536,0.41979900002479553,92342,0.0,0.0
2023-11-01 14:30:00-04:00,0.41510000824928284,0.4196000099182129,0.4099999964237213,0.4101000130176544,30781,0.0,0.0
2023-11-01 15:30:00-04:00,0.4099999964237213,0.4194999933242798,0.4099999964237213,0.41940000653266907,73595,0.0,0.0
2023-11-02 09:30:00-04:00,0.4399999976158142,0.4399999976158142,0.4099999964237213,0.41499999165534973,59911,0.0,0.0
2023-11-02 10:30:00-04:00,0.43658900260925293,0.43658900260925293,0.4099999964237213,0.4138999879360199,97888,0.0,0.0
2023-11-02 11:30:00-04:00,0.4138999879360199,0.41670000553131104,0.3955000042915344,0.3955000042915344,15516,0.0,0.0
2023-11-02 12:30:00-04:00,0.3955000042915344,0.39989998936653137,0.38999998569488525,0.3974500000476837,84783,0.0,0.0
2023-11-02 13:30:00-04:00,0.397599995136261,0.39989998936653137,0.38499999046325684,0.3869999945163727,52995,0.0,0.0
2023-11-02 14:30:00-04:00,0.38999998569488525,0.4000000059604645,0.3869999945163727,0.3949500024318695,66238,0.0,0.0
2023-11-02 15:30:00-04:00,0.39489999413490295,0.4000000059604645,0.38999998569488525,0.38999998569488525,9470,0.0,0.0
2023-11-03 09:30:00-04:00,0.3930000066757202,0.41999998688697815,0.3930000066757202,0.4022989869117737,28541,0.0,0.0
2023-11-03 10:30:00-04:00,0.39959999918937683,0.4050000011920929,0.38999998569488525,0.4000000059604645,39491,0.0,0.0
2023-11-03 11:30:00-04:00,0.39989998936653137,0.40779900550842285,0.39989998936653137,0.40779900550842285,3383,0.0,0.0
2023-11-03 12:30:00-04:00,0.40560001134872437,0.4099999964237213,0.40560001134872437,0.4099999964237213,15909,0.0,0.0
2023-11-03 13:30:00-04:00,0.4075999855995178,0.4088999927043915,0.38999998569488525,0.4072999954223633,17201,0.0,0.0
2023-11-03 14:30:00-04:00,0.38510000705718994,0.4050000011920929,0.3700000047683716,0.3880999982357025,112114,0.0,0.0
2023-11-03 15:30:00-04:00,0.4050000011920929,0.4050000011920929,0.3880999982357025,0.3880999982357025,12975,0.0,0.0
2023-11-06 09:30:00-05:00,0.3894999921321869,0.4099000096321106,0.38499999046325684,0.38769999146461487,22211,0.0,0.0
2023-11-06 10:30:00-05:00,0.38499999046325684,0.39989998936653137,0.3700000047683716,0.3799999952316284,33055,0.0,0.0
2023-11-06 11:30:00-05:00,0.38245001435279846,0.3898000121116638,0.3700000047683716,0.3898000121116638,13738,0.0,0.0
2023-11-06 12:30:00-05:00,0.3700000047683716,0.3799000084400177,0.3499999940395355,0.3698990046977997,53766,0.0,0.0
2023-11-06 13:30:00-05:00,0.35760000348091125,0.3700000047683716,0.35760000348091125,0.36059999465942383,8368,0.0,0.0
2023-11-06 14:30:00-05:00,0.36959999799728394,0.36959999799728394,0.3610000014305115,0.3610000014305115,17956,0.0,0.0
2023-11-06 15:30:00-05:00,0.36899998784065247,0.3691999912261963,0.35010001063346863,0.35100001096725464,9953,0.0,0.0
2023-11-07 09:30:00-05:00,0.36000001430511475,0.37929999828338623,0.3499999940395355,0.3499999940395355,83433,0.0,0.0
2023-11-07 10:30:00-05:00,0.35199999809265137,0.3700000047683716,0.35199999809265137,0.36980000138282776,65265,0.0,0.0
2023-11-07 11:30:00-05:00,0.3749000132083893,0.385699987411499,0.37400001287460327,0.375,63158,0.0,0.0
2023-11-07 12:30:00-05:00,0.375,0.375,0.36000001430511475,0.36500000953674316,28244,0.0,0.0
2023-11-07 13:30:00-05:00,0.3675000071525574,0.3675000071525574,0.35499998927116394,0.36000001430511475,70327,0.0,0.0
2023-11-07 14:30:00-05:00,0.3594000041484833,0.367000013589859,0.3499999940395355,0.35010001063346863,46038,0.0,0.0
2023-11-07 15:30:00-05:00,0.3553999960422516,0.3619999885559082,0.3499999940395355,0.35019999742507935,36995,0.0,0.0
2023-11-08 09:30:00-05:00,0.36500000953674316,0.36719998717308044,0.35440000891685486,0.3628000020980835,29707,0.0,0.0
2023-11-08 10:30:00-05:00,0.36000001430511475,0.3626999855041504,0.35370001196861267,0.35510000586509705,13848,0.0,0.0
2023-11-08 11:30:00-05:00,0.35919898748397827,0.35919898748397827,0.3499999940395355,0.3564999997615814,34022,0.0,0.0
2023-11-08 12:30:00-05:00,0.3578999936580658,0.35989999771118164,0.35510000586509705,0.35989999771118164,17178,0.0,0.0
2023-11-08 13:30:00-05:00,0.35989999771118164,0.35989999771118164,0.3598000109195709,0.35989999771118164,6812,0.0,0.0
2023-11-08 14:30:00-05:00,0.3598000109195709,0.36000001430511475,0.33000001311302185,0.3499999940395355,183141,0.0,0.0
2023-11-08 15:30:00-05:00,0.3499999940395355,0.35679998993873596,0.3449999988079071,0.3531000018119812,63260,0.0,0.0
2023-11-09 09:30:00-05:00,0.35679998993873596,0.37450000643730164,0.2800000011920929,0.3619000017642975,195924,0.0,0.0
2023-11-09 10:30:00-05:00,0.36000001430511475,0.3618989884853363,0.3499999940395355,0.35749998688697815,26733,0.0,0.0
2023-11-09 11:30:00-05:00,0.35749998688697815,0.3598000109195709,0.3499999940395355,0.35010001063346863,37320,0.0,0.0
2023-11-09 12:30:00-05:00,0.35010001063346863,0.3596000075340271,0.3490000069141388,0.3497999906539917,13632,0.0,0.0
2023-11-09 13:30:00-05:00,0.3497999906539917,0.35010001063346863,0.3449999988079071,0.3450999855995178,50070,0.0,0.0
2023-11-09 14:30:00-05:00,0.3450999855995178,0.3506999909877777,0.33000001311302185,0.3506999909877777,25754,0.0,0.0
2023-11-09 15:30:00-05:00,0.3531000018119812,0.3564999997615814,0.3199999928474426,0.3237990140914917,60075,0.0,0.0
2023-11-10 09:30:00-05:00,0.33000001311302185,0.3580999970436096,0.33000001311302185,0.3409999907016754,63326,0.0,0.0
2023-11-10 10:30:00-05:00,0.3440000116825104,0.3499999940395355,0.3400000035762787,0.3499999940395355,21233,0.0,0.0
2023-11-10 11:30:00-05:00,0.3497999906539917,0.3499999940395355,0.3449000120162964,0.3497999906539917,14420,0.0,0.0
2023-11-10 12:30:00-05:00,0.3499000072479248,0.3499999940395355,0.32019999623298645,0.33160001039505005,43748,0.0,0.0
2023-11-10 13:30:00-05:00,0.3499000072479248,0.3499999940395355,0.3384999930858612,0.3398999869823456,40387,0.0,0.0
2023-11-10 14:30:00-05:00,0.33000001311302185,0.3400000035762787,0.32499998807907104,0.33899998664855957,29140,0.0,0.0
2023-11-10 15:30:00-05:00,0.3400000035762787,0.3400000035762787,0.32510000467300415,0.32510000467300415,8437,0.0,0.0
2023-11-13 09:30:00-05:00,0.3050000071525574,0.32510000467300415,0.3050000071525574,0.32339999079704285,122114,0.0,0.0
2023-11-13 10:30:00-05:00,0.32030001282691956,0.32499998807907104,0.32030001282691956,0.32359999418258667,10891,0.0,0.0
2023-11-13 11:30:00-05:00,0.32350000739097595,0.3249000012874603,0.3221000134944916,0.32420000433921814,15594,0.0,0.0
2023-11-13 12:30:00-05:00,0.32420000433921814,0.32440000772476196,0.30000001192092896,0.32440000772476196,23177,0.0,0.0
2023-11-13 13:30:00-05:00,0.32339999079704285,0.32499998807907104,0.3201009929180145,0.32499998807907104,27947,0.0,0.0
2023-11-13 14:30:00-05:00,0.32405000925064087,0.4000000059604645,0.3230000138282776,0.3499999940395355,270452,0.0,0.0
2023-11-13 15:30:00-05:00,0.335999995470047,0.3490999937057495,0.33000001311302185,0.34389999508857727,127461,0.0,0.0
2023-11-14 09:30:00-05:00,0.3327000141143799,0.34790000319480896,0.3327000141143799,0.3448989987373352,38514,0.0,0.0
2023-11-14 10:30:00-05:00,0.33807000517845154,0.35269999504089355,0.33799999952316284,0.35269999504089355,36059,0.0,0.0
2023-11-14 11:30:00-05:00,0.35600000619888306,0.3698999881744385,0.335999995470047,0.335999995470047,113912,0.0,0.0
2023-11-14 12:30:00-05:00,0.3370000123977661,0.3490000069141388,0.33500000834465027,0.3490000069141388,50745,0.0,0.0
2023-11-14 13:30:00-05:00,0.34200000762939453,0.34509900212287903,0.3400999903678894,0.3400999903678894,21857,0.0,0.0
2023-11-14 14:30:00-05:00,0.3400999903678894,0.3411000072956085,0.33000001311302185,0.3310000002384186,69679,0.0,0.0
2023-11-14 15:30:00-05:00,0.33009999990463257,0.34610000252723694,0.33009999990463257,0.3424000144004822,143658,0.0,0.0
2023-11-15 09:30:00-05:00,0.3499999940395355,0.35999900102615356,0.3401010036468506,0.3499999940395355,22137,0.0,0.0
2023-11-15 10:30:00-05:00,0.3499999940395355,0.35499998927116394,0.3409999907016754,0.3449999988079071,164383,0.0,0.0
2023-11-15 11:30:00-05:00,0.3450999855995178,0.35499998927116394,0.34200000762939453,0.3490000069141388,9302,0.0,0.0
2023-11-15 12:30:00-05:00,0.3490000069141388,0.35499998927116394,0.3400999903678894,0.349700003862381,23405,0.0,0.0
2023-11-15 13:30:00-05:00,0.3495999872684479,0.349700003862381,0.3402999937534332,0.34049999713897705,27123,0.0,0.0
2023-11-15 14:30:00-05:00,0.3495999872684479,0.3496989905834198,0.3400000035762787,0.3449000120162964,44241,0.0,0.0
2023-11-15 15:30:00-05:00,0.3449000120162964,0.35100001096725464,0.3400000035762787,0.3400000035762787,217316,0.0,0.0
2023-11-16 09:30:00-05:00,0.3400000035762787,0.35499998927116394,0.3400000035762787,0.34290000796318054,30014,0.0,0.0
2023-11-16 10:30:00-05:00,0.3447999954223633,0.3447999954223633,0.3409999907016754,0.3409999907016754,9743,0.0,0.0
2023-11-16 11:30:00-05:00,0.34279999136924744,0.3440000116825104,0.3400000035762787,0.3400000035762787,16187,0.0,0.0
2023-11-16 12:30:00-05:00,0.3400000035762787,0.3402000069618225,0.33265000581741333,0.3327000141143799,53342,0.0,0.0
2023-11-16 13:30:00-05:00,0.333950012922287,0.3472999930381775,0.333950012922287,0.34557199478149414,12543,0.0,0.0
2023-11-16 14:30:00-05:00,0.3456000089645386,0.34700000286102295,0.335099995136261,0.335099995136261,64386,0.0,0.0
2023-11-16 15:30:00-05:00,0.34104999899864197,0.3481999933719635,0.3199999928474426,0.33539000153541565,71988,0.0,0.0
2023-11-17 09:30:00-05:00,0.3499999940395355,0.3499999940395355,0.33500000834465027,0.33500000834465027,69221,0.0,0.0
2023-11-17 10:30:00-05:00,0.3490000069141388,0.3499999940395355,0.3199999928474426,0.33000001311302185,26050,0.0,0.0
2023-11-17 11:30:00-05:00,0.33000001311302185,0.3398999869823456,0.32710000872612,0.33959999680519104,13034,0.0,0.0
2023-11-17 12:30:00-05:00,0.3372499942779541,0.34310001134872437,0.33000001311302185,0.335099995136261,27629,0.0,0.0
2023-11-17 13:30:00-05:00,0.3310000002384186,0.3499999940395355,0.3310000002384186,0.3490000069141388,12342,0.0,0.0
2023-11-17 14:30:00-05:00,0.33500000834465027,0.3564000129699707,0.33500000834465027,0.3499999940395355,129941,0.0,0.0
2023-11-17 15:30:00-05:00,0.3499999940395355,0.35100001096725464,0.3357999920845032,0.3357999920845032,11567,0.0,0.0
2023-11-20 09:30:00-05:00,0.3499999940395355,0.3610000014305115,0.3499999940395355,0.3538999855518341,83766,0.0,0.0
2023-11-20 10:30:00-05:00,0.35739898681640625,0.35739898681640625,0.34299999475479126,0.3465999960899353,37721,0.0,0.0
2023-11-20 11:30:00-05:00,0.3467000126838684,0.35370001196861267,0.3467000126838684,0.3499999940395355,21123,0.0,0.0
2023-11-20 12:30:00-05:00,0.3499999940395355,0.35010001063346863,0.34299999475479126,0.3490000069141388,17361,0.0,0.0
2023-11-20 13:30:00-05:00,0.345100998878479,0.3499999940395355,0.3433000147342682,0.3433000147342682,15285,0.0,0.0
2023-11-20 14:30:00-05:00,0.34700000286102295,0.3499999940395355,0.32499998807907104,0.33633801341056824,78420,0.0,0.0
2023-11-20 15:30:00-05:00,0.3499999940395355,0.3499999940395355,0.33649998903274536,0.3400999903678894,22921,0.0,0.0
2023-11-21 09:30:00-05:00,0.3479999899864197,0.3479999899864197,0.33000001311302185,0.3398999869823456,30037,0.0,0.0
2023-11-21 10:30:00-05:00,0.3398999869823456,0.3400000035762787,0.33500000834465027,0.335099995136261,17122,0.0,0.0
2023-11-21 11:30:00-05:00,0.33500000834465027,0.3400000035762787,0.33000001311302185,0.33000001311302185,21919,0.0,0.0
2023-11-21 12:30:00-05:00,0.3287000060081482,0.33980000019073486,0.32850000262260437,0.33000001311302185,15632,0.0,0.0
2023-11-21 13:30:00-05:00,0.33980000019073486,0.33980199694633484,0.3310999870300293,0.33970001339912415,2103,0.0,0.0
2023-11-21 14:30:00-05:00,0.3357999920845032,0.33994999527931213,0.3264000117778778,0.33994901180267334,49792,0.0,0.0
2023-11-21 15:30:00-05:00,0.3398999869823456,0.3411000072956085,0.33500000834465027,0.33880001306533813,14276,0.0,0.0
2023-11-22 09:30:00-05:00,0.33880001306533813,0.33880001306533813,0.33009999990463257,0.33880001306533813,13027,0.0,0.0
2023-11-22 10:30:00-05:00,0.3312009871006012,0.3346000015735626,0.33009999990463257,0.33009999990463257,16506,0.0,0.0
2023-11-22 11:30:00-05:00,0.33009999990463257,0.3409000039100647,0.33009999990463257,0.335099995136261,33707,0.0,0.0
2023-11-22 12:30:00-05:00,0.335099995136261,0.3409000039100647,0.33000001311302185,0.33000001311302185,15146,0.0,0.0
2023-11-22 13:30:00-05:00,0.33000001311302185,0.33899998664855957,0.33000001311302185,0.33009999990463257,15306,0.0,0.0
2023-11-22 14:30:00-05:00,0.33480000495910645,0.3393999934196472,0.33480000495910645,0.335099995136261,6969,0.0,0.0
2023-11-22 15:30:00-05:00,0.335099995136261,0.3393999934196472,0.33000001311302185,0.3319000005722046,24089,0.0,0.0
2023-11-24 09:30:00-05:00,0.33000001311302185,0.3400000035762787,0.33000001311302185,0.33170101046562195,34696,0.0,0.0
2023-11-24 10:30:00-05:00,0.3400000035762787,0.349700003862381,0.33149999380111694,0.3449999988079071,35583,0.0,0.0
2023-11-24 11:30:00-05:00,0.3449999988079071,0.35499998927116394,0.34279999136924744,0.35499998927116394,61328,0.0,0.0
2023-11-27 09:30:00-05:00,0.3499999940395355,0.36399999260902405,0.3499999940395355,0.36035001277923584,70560,0.0,0.0
2023-11-27 10:30:00-05:00,0.36390000581741333,0.36399999260902405,0.3506999909877777,0.36399999260902405,36107,0.0,0.0
2023-11-27 11:30:00-05:00,0.36250001192092896,0.36390000581741333,0.36000001430511475,0.36000001430511475,14230,0.0,0.0
2023-11-27 12:30:00-05:00,0.3593989908695221,0.36390000581741333,0.3593989908695221,0.36390000581741333,12189,0.0,0.0
2023-11-27 13:30:00-05:00,0.36390000581741333,0.36390000581741333,0.3499999940395355,0.3619999885559082,31117,0.0,0.0
2023-11-27 14:30:00-05:00,0.3610000014305115,0.3619999885559082,0.353300005197525,0.3610999882221222,8200,0.0,0.0
2023-11-27 15:30:00-05:00,0.3630000054836273,0.36500000953674316,0.33000001311302185,0.35600000619888306,41305,0.0,0.0
2023-11-28 09:30:00-05:00,0.35040000081062317,0.36000001430511475,0.3400000035762787,0.34501001238822937,5732,0.0,0.0
2023-11-28 10:30:00-05:00,0.3564999997615814,0.35989901423454285,0.3481749892234802,0.3499999940395355,32913,0.0,0.0
2023-11-28 11:30:00-05:00,0.3581849932670593,0.36000001430511475,0.3449999988079071,0.3550499975681305,39950,0.0,0.0
2023-11-28 12:30:00-05:00,0.35010001063346863,0.3547999858856201,0.3449999988079071,0.3449999988079071,1803,0.0,0.0
2023-11-28 13:30:00-05:00,0.3499000072479248,0.34999901056289673,0.32510000467300415,0.3479999899864197,53684,0.0,0.0
2023-11-28 14:30:00-05:00,0.33809998631477356,0.3499999940395355,0.33809998631477356,0.3447999954223633,14091,0.0,0.0
2023-11-28 15:30:00-05:00,0.3402000069618225,0.3499999940395355,0.33820000290870667,0.3499999940395355,0,0.0,0.0
2023-11-29 09:30:00-05:00,0.3499999940395355,0.36000001430511475,0.3400000035762787,0.35519999265670776,69345,0.0,0.0
2023-11-29 10:30:00-05:00,0.36000001430511475,0.36000001430511475,0.3501009941101074,0.35510000586509705,21029,0.0,0.0
2023-11-29 11:30:00-05:00,0.35510000586509705,0.35749998688697815,0.35199999809265137,0.35499998927116394,11957,0.0,0.0
2023-11-29 12:30:00-05:00,0.35100001096725464,0.3555000126361847,0.33500000834465027,0.3555000126361847,66034,0.0,0.0
2023-11-29 13:30:00-05:00,0.3549000024795532,0.3549000024795532,0.3449999988079071,0.3499000072479248,21200,0.0,0.0
2023-11-29 14:30:00-05:00,0.3499000072479248,0.3537999987602234,0.3450999855995178,0.3474999964237213,4329,0.0,0.0
2023-11-29 15:30:00-05:00,0.345100998878479,0.36000001430511475,0.345100998878479,0.35440000891685486,104929,0.0,0.0
2023-11-30 09:30:00-05:00,0.3402999937534332,0.36000001430511475,0.3402999937534332,0.35499998927116394,53602,0.0,0.0
2023-11-30 10:30:00-05:00,0.3476560115814209,0.36000001430511475,0.3476560115814209,0.35030001401901245,40039,0.0,0.0
2023-11-30 11:30:00-05:00,0.3503499925136566,0.3503499925136566,0.3456999957561493,0.3499999940395355,29176,0.0,0.0
2023-11-30 12:30:00-05:00,0.3525499999523163,0.35499998927116394,0.35019999742507935,0.3549000024795532,13468,0.0,0.0
2023-11-30 13:30:00-05:00,0.3527500033378601,0.35499998927116394,0.3504999876022339,0.3525499999523163,18441,0.0,0.0
2023-11-30 14:30:00-05:00,0.35100001096725464,0.35499998927116394,0.35030001401901245,0.35499998927116394,2708,0.0,0.0
2023-11-30 15:30:00-05:00,0.35100001096725464,0.35499998927116394,0.3465000092983246,0.34700000286102295,28857,0.0,0.0
2023-12-01 09:30:00-05:00,0.3488999903202057,0.3499999940395355,0.34130001068115234,0.34564998745918274,63505,0.0,0.0
2023-12-01 10:30:00-05:00,0.3499000072479248,0.3499999940395355,0.34290000796318054,0.3498989939689636,23030,0.0,0.0
2023-12-01 11:30:00-05:00,0.34755000472068787,0.35679998993873596,0.34529998898506165,0.35679998993873596,11555,0.0,0.0
2023-12-01 12:30:00-05:00,0.35739898681640625,0.35749998688697815,0.3499999940395355,0.3549000024795532,22994,0.0,0.0
2023-12-01 13:30:00-05:00,0.3499999940395355,0.35670000314712524,0.34619998931884766,0.3560999929904938,19820,0.0,0.0
2023-12-01 14:30:00-05:00,0.3562000095844269,0.3579989969730377,0.35120001435279846,0.3513000011444092,17494,0.0,0.0
2023-12-01 15:30:00-05:00,0.35510000586509705,0.3580000102519989,0.3499000072479248,0.3540000021457672,47279,0.0,0.0
2023-12-04 09:30:00-05:00,0.36000001430511475,0.3799000084400177,0.3499999940395355,0.374099999666214,261174,0.0,0.0
2023-12-04 10:30:00-05:00,0.3756999969482422,0.37619900703430176,0.36491701006889343,0.3677000105381012,51741,0.0,0.0
2023-12-04 11:30:00-05:00,0.36769899725914,0.3774999976158142,0.3605000078678131,0.3774999976158142,82293,0.0,0.0
2023-12-04 12:30:00-05:00,0.3754499852657318,0.3797000050544739,0.3734999895095825,0.3797000050544739,147240,0.0,0.0
2023-12-04 13:30:00-05:00,0.3790000081062317,0.38999998569488525,0.3736000061035156,0.38420000672340393,262503,0.0,0.0
2023-12-04 14:30:00-05:00,0.38420000672340393,0.3878999948501587,0.3605000078678131,0.36910000443458557,50085,0.0,0.0
2023-12-04 15:30:00-05:00,0.37439998984336853,0.37950000166893005,0.36000001430511475,0.36000001430511475,82495,0.0,0.0
2023-12-05 09:30:00-05:00,0.3700000047683716,0.3709999918937683,0.3534500002861023,0.35830000042915344,29914,0.0,0.0
2023-12-05 10:30:00-05:00,0.3580009937286377,0.36500000953674316,0.35109999775886536,0.35179999470710754,14979,0.0,0.0
2023-12-05 11:30:00-05:00,0.35199999809265137,0.36500000953674316,0.3499999940395355,0.352400004863739,28470,0.0,0.0
2023-12-05 12:30:00-05:00,0.36489900946617126,0.36489900946617126,0.35510000586509705,0.36010000109672546,12481,0.0,0.0
2023-12-05 13:30:00-05:00,0.3601999878883362,0.36390000581741333,0.3499999940395355,0.35010001063346863,23492,0.0,0.0
2023-12-05 14:30:00-05:00,0.35705000162124634,0.36399999260902405,0.3479999899864197,0.34950000047683716,13583,0.0,0.0
2023-12-05 15:30:00-05:00,0.3499000072479248,0.3499999940395355,0.3499000072479248,0.3499999940395355,10002,0.0,0.0
2023-12-06 09:30:00-05:00,0.3580000102519989,0.3580490052700043,0.3400000035762787,0.3452500104904175,59375,0.0,0.0
2023-12-06 10:30:00-05:00,0.3499999940395355,0.35499998927116394,0.3465000092983246,0.35010001063346863,26351,0.0,0.0
2023-12-06 11:30:00-05:00,0.35499998927116394,0.35499998927116394,0.3449999988079071,0.34678900241851807,26599,0.0,0.0
2023-12-06 12:30:00-05:00,0.3450999855995178,0.3499999940395355,0.3449999988079071,0.34529998898506165,8276,0.0,0.0
2023-12-06 13:30:00-05:00,0.34529998898506165,0.3499999940395355,0.3452000021934509,0.3499999940395355,5389,0.0,0.0
2023-12-06 14:30:00-05:00,0.3476000130176544,0.3499999940395355,0.34200000762939453,0.34200000762939453,5995,0.0,0.0
2023-12-06 15:30:00-05:00,0.34299999475479126,0.35269999504089355,0.3375000059604645,0.3474999964237213,22381,0.0,0.0
2023-12-07 09:30:00-05:00,0.3700000047683716,0.3700000047683716,0.3149999976158142,0.32499998807907104,5496406,0.0,0.0
2023-12-07 10:30:00-05:00,0.32499998807907104,0.3393999934196472,0.31665000319480896,0.32170000672340393,508999,0.0,0.0
2023-12-07 11:30:00-05:00,0.32170000672340393,0.3343999981880188,0.3199999928474426,0.3296999931335449,180283,0.0,0.0
2023-12-07 12:30:00-05:00,0.3199999928474426,0.32109999656677246,0.3149999976158142,0.3199999928474426,122646,0.0,0.0
2023-12-07 13:30:00-05:00,0.32100000977516174,0.33000001311302185,0.31700000166893005,0.3298499882221222,64336,0.0,0.0
2023-12-07 14:30:00-05:00,0.329800009727478,0.32989999651908875,0.31700000166893005,0.32010000944137573,150054,0.0,0.0
2023-12-07 15:30:00-05:00,0.32440000772476196,0.3269999921321869,0.30869999527931213,0.3190000057220459,222650,0.0,0.0
2023-12-08 09:30:00-05:00,0.3199999928474426,0.32600000500679016,0.3199999928474426,0.32030001282691956,807487,0.0,0.0
2023-12-08 10:30:00-05:00,0.32019999623298645,0.321399986743927,0.27000001072883606,0.30000001192092896,3603005,0.0,0.0
2023-12-08 11:30:00-05:00,0.3082999885082245,0.30869999527931213,0.2987000048160553,0.3050000071525574,43421,0.0,0.0
2023-12-08 12:30:00-05:00,0.3050000071525574,0.30869999527931213,0.30250000953674316,0.30559998750686646,51909,0.0,0.0
2023-12-08 13:30:00-05:00,0.3050000071525574,0.3063499927520752,0.29510098695755005,0.30000001192092896,111745,0.0,0.0
2023-12-08 14:30:00-05:00,0.29789999127388,0.3003999888896942,0.29010000824928284,0.29010000824928284,191982,0.0,0.0
2023-12-08 15:30:00-05:00,0.29829999804496765,0.2985999882221222,0.28700000047683716,0.28999999165534973,169334,0.0,0.0
2023-12-11 09:30:00-05:00,0.30090001225471497,0.30090001225471497,0.28575399518013,0.2874999940395355,194155,0.0,0.0
2023-12-11 10:30:00-05:00,0.287200003862381,0.28999999165534973,0.28700000047683716,0.28999799489974976,65016,0.0,0.0
2023-12-11 11:30:00-05:00,0.289900004863739,0.29649999737739563,0.2874999940395355,0.296099990606308,66213,0.0,0.0
2023-12-11 12:30:00-05:00,0.2964000105857849,0.29750001430511475,0.296099990606308,0.297434002161026,15734,0.0,0.0
2023-12-11 13:30:00-05:00,0.2973000109195709,0.31949999928474426,0.2973000109195709,0.3190000057220459,461817,0.0,0.0
2023-12-11 14:30:00-05:00,0.3190999925136566,0.3370000123977661,0.3190000057220459,0.336899995803833,637401,0.0,0.0
2023-12-11 15:30:00-05:00,0.3368000090122223,0.33899998664855957,0.3250010013580322,0.33239999413490295,148224,0.0,0.0
2023-12-12 09:30:00-05:00,0.33250001072883606,0.3330000042915344,0.3100000023841858,0.31949999928474426,97637,0.0,0.0
2023-12-12 10:30:00-05:00,0.31949999928474426,0.319599986076355,0.30000001192092896,0.30709999799728394,127575,0.0,0.0
2023-12-12 11:30:00-05:00,0.30640000104904175,0.3100000023841858,0.3037880063056946,0.3084999918937683,49165,0.0,0.0
2023-12-12 12:30:00-05:00,0.3086000084877014,0.3102000057697296,0.3084999918937683,0.3089999854564667,14123,0.0,0.0
2023-12-12 13:30:00-05:00,0.31029999256134033,0.31450000405311584,0.3089999854564667,0.31060001254081726,14672,0.0,0.0
2023-12-12 14:30:00-05:00,0.31150001287460327,0.3125999867916107,0.31130000948905945,0.31255000829696655,10992,0.0,0.0
2023-12-12 15:30:00-05:00,0.3125,0.3125999867916107,0.3084999918937683,0.3084999918937683,25089,0.0,0.0
2023-12-13 09:30:00-05:00,0.3100000023841858,0.3197999894618988,0.3068999946117401,0.3158999979496002,97818,0.0,0.0
2023-12-13 10:30:00-05:00,0.3160000145435333,0.31679999828338623,0.3100999891757965,0.3158999979496002,6560,0.0,0.0
2023-12-13 11:30:00-05:00,0.31299999356269836,0.3160000145435333,0.3100999891757965,0.3149999976158142,18535,0.0,0.0
2023-12-13 12:30:00-05:00,0.31540000438690186,0.3154999911785126,0.3118000030517578,0.31200000643730164,5847,0.0,0.0
2023-12-13 13:30:00-05:00,0.3109999895095825,0.3179999887943268,0.3100999891757965,0.3142000138759613,28473,0.0,0.0
2023-12-13 14:30:00-05:00,0.3149999976158142,0.3199999928474426,0.3107999861240387,0.3197000026702881,78570,0.0,0.0
2023-12-13 15:30:00-05:00,0.3199000060558319,0.3199000060558319,0.31450000405311584,0.3149000108242035,26481,0.0,0.0
2023-12-14 09:30:00-05:00,0.3206999897956848,0.3206999897956848,0.31049999594688416,0.31209999322891235,56961,0.0,0.0
2023-12-14 10:30:00-05:00,0.31209999322891235,0.3151000142097473,0.31209999322891235,0.31209999322891235,51111,0.0,0.0
2023-12-14 11:30:00-05:00,0.313400000333786,0.314300000667572,0.31209999322891235,0.31299999356269836,24280,0.0,0.0
2023-12-14 12:30:00-05:00,0.31209999322891235,0.3140000104904175,0.31209999322891235,0.31290000677108765,26861,0.0,0.0
2023-12-14 13:30:00-05:00,0.3129499852657318,0.3151000142097473,0.3125,0.3149999976158142,34158,0.0,0.0
2023-12-14 14:30:00-05:00,0.3149999976158142,0.3199999928474426,0.3149999976158142,0.3199999928474426,58424,0.0,0.0
2023-12-14 15:30:00-05:00,0.3190999925136566,0.3199999928474426,0.3188000023365021,0.3199000060558319,23903,0.0,0.0
2023-12-15 09:30:00-05:00,0.30000001192092896,0.3215000033378601,0.30000001192092896,0.3215000033378601,81669,0.0,0.0
2023-12-15 10:30:00-05:00,0.3215000033378601,0.32749998569488525,0.31769999861717224,0.3199999928474426,190692,0.0,0.0
2023-12-15 11:30:00-05:00,0.31949999928474426,0.3271999955177307,0.31850001215934753,0.322501003742218,44362,0.0,0.0
2023-12-15 12:30:00-05:00,0.32374998927116394,0.33250001072883606,0.32249999046325684,0.33239999413490295,84314,0.0,0.0
2023-12-15 13:30:00-05:00,0.33250001072883606,0.33489999175071716,0.3310000002384186,0.33230000734329224,31072,0.0,0.0
2023-12-15 14:30:00-05:00,0.334199994802475,0.3569999933242798,0.3337000012397766,0.35589998960494995,350488,0.0,0.0
2023-12-15 15:30:00-05:00,0.3559499979019165,0.3569999933242798,0.34929999709129333,0.35499998927116394,105235,0.0,0.0
2023-12-18 09:30:00-05:00,0.35850000381469727,0.36000001430511475,0.34700000286102295,0.3513999879360199,165920,0.0,0.0
2023-12-18 10:30:00-05:00,0.3529999852180481,0.36000001430511475,0.3529999852180481,0.3546999990940094,259087,0.0,0.0
2023-12-18 11:30:00-05:00,0.3546999990940094,0.3598000109195709,0.3546999990940094,0.3575510084629059,31734,0.0,0.0
2023-12-18 12:30:00-05:00,0.3571000099182129,0.3579989969730377,0.3499999940395355,0.3517000079154968,57227,0.0,0.0
2023-12-18 13:30:00-05:00,0.3527500033378601,0.3549500107765198,0.3527500033378601,0.3528999984264374,3999,0.0,0.0
2023-12-18 14:30:00-05:00,0.3528999984264374,0.3569999933242798,0.3528999984264374,0.3528999984264374,13262,0.0,0.0
2023-12-18 15:30:00-05:00,0.3528999984264374,0.3540000021457672,0.3479999899864197,0.3490000069141388,25260,0.0,0.0
2023-12-19 09:30:00-05:00,0.3474000096321106,0.3540000021457672,0.33009999990463257,0.3449999988079071,79829,0.0,0.0
2023-12-19 10:30:00-05:00,0.3499999940395355,0.3499999940395355,0.3402000069618225,0.34299999475479126,21445,0.0,0.0
2023-12-19 11:30:00-05:00,0.3409999907016754,0.3434000015258789,0.3255000114440918,0.34299999475479126,115991,0.0,0.0
2023-12-19 12:30:00-05:00,0.34299999475479126,0.34299999475479126,0.3416000008583069,0.34299999475479126,20830,0.0,0.0
2023-12-19 13:30:00-05:00,0.34299999475479126,0.3490000069141388,0.34299999475479126,0.3488999903202057,18069,0.0,0.0
2023-12-19 14:30:00-05:00,0.3488999903202057,0.3499999940395355,0.3488999903202057,0.3488999903202057,19343,0.0,0.0
2023-12-19 15:30:00-05:00,0.3488999903202057,0.3490000069141388,0.3488999903202057,0.3490000069141388,20050,0.0,0.0
2023-12-20 09:30:00-05:00,0.3127000033855438,0.33980000019073486,0.3127000033855438,0.3283439874649048,889663,0.0,0.0
2023-12-20 10:30:00-05:00,0.3296999931335449,0.329800009727478,0.3246000111103058,0.329800009727478,58887,0.0,0.0
2023-12-20 11:30:00-05:00,0.329800009727478,0.329800009727478,0.32499998807907104,0.328000009059906,30584,0.0,0.0
2023-12-20 12:30:00-05:00,0.328900009393692,0.329800009727478,0.32749998569488525,0.3275499939918518,19552,0.0,0.0
2023-12-20 13:30:00-05:00,0.327800989151001,0.32989999651908875,0.32499998807907104,0.32749998569488525,27980,0.0,0.0
2023-12-20 14:30:00-05:00,0.3287000060081482,0.33000001311302185,0.32519999146461487,0.329800009727478,39893,0.0,0.0
2023-12-20 15:30:00-05:00,0.32989999651908875,0.33000001311302185,0.3199999928474426,0.3199999928474426,102109,0.0,0.0
2023-12-21 09:30:00-05:00,0.32690000534057617,0.3400000035762787,0.3201009929180145,0.334989994764328,65983,0.0,0.0
2023-12-21 10:30:00-05:00,0.32100000977516174,0.33500000834465027,0.32030001282691956,0.32109999656677246,44188,0.0,0.0
2023-12-21 11:30:00-05:00,0.32989999651908875,0.32989999651908875,0.3199999928474426,0.32499998807907104,44335,0.0,0.0
2023-12-21 12:30:00-05:00,0.3176000118255615,0.3223010003566742,0.3100999891757965,0.3223010003566742,10768,0.0,0.0
2023-12-21 13:30:00-05:00,0.319599986076355,0.32499998807907104,0.3160000145435333,0.3200249969959259,13701,0.0,0.0
2023-12-21 14:30:00-05:00,0.3230000138282776,0.3230000138282776,0.3082999885082245,0.31200000643730164,266993,0.0,0.0
2023-12-21 15:30:00-05:00,0.3192000091075897,0.31949999928474426,0.3075000047683716,0.31929999589920044,100324,0.0,0.0
2023-12-22 09:30:00-05:00,0.3009999990463257,0.31520000100135803,0.3009999990463257,0.31520000100135803,119418,0.0,0.0
2023-12-22 10:30:00-05:00,0.31520000100135803,0.33000001311302185,0.3100000023841858,0.3299899995326996,24675,0.0,0.0
2023-12-22 11:30:00-05:00,0.33000001311302185,0.33899998664855957,0.32260000705718994,0.3370000123977661,56649,0.0,0.0
2023-12-22 12:30:00-05:00,0.3379000127315521,0.3379000127315521,0.3303000032901764,0.3305000066757202,16371,0.0,0.0
2023-12-22 13:30:00-05:00,0.33375000953674316,0.3370000123977661,0.3305000066757202,0.33320000767707825,19105,0.0,0.0
2023-12-22 14:30:00-05:00,0.33320000767707825,0.3513000011444092,0.33090001344680786,0.3490000069141388,99043,0.0,0.0
2023-12-22 15:30:00-05:00,0.3490000069141388,0.3490000069141388,0.32510000467300415,0.33000001311302185,54791,0.0,0.0
2023-12-26 09:30:00-05:00,0.3499999940395355,0.36000001430511475,0.3400000035762787,0.3411000072956085,572028,0.0,0.0
2023-12-26 10:30:00-05:00,0.34119999408721924,0.35249999165534973,0.34119999408721924,0.35019999742507935,86419,0.0,0.0
2023-12-26 11:30:00-05:00,0.352400004863739,0.352400004863739,0.3452000021934509,0.3452000021934509,64641,0.0,0.0
2023-12-26 12:30:00-05:00,0.3450999855995178,0.351500004529953,0.3450999855995178,0.3506999909877777,14432,0.0,0.0
2023-12-26 13:30:00-05:00,0.35010001063346863,0.35030001401901245,0.3450999855995178,0.3452000021934509,21676,0.0,0.0
2023-12-26 14:30:00-05:00,0.3499999940395355,0.3499999940395355,0.3400999903678894,0.3449999988079071,39884,0.0,0.0
2023-12-26 15:30:00-05:00,0.34419599175453186,0.3474999964237213,0.3409999907016754,0.3474999964237213,23146,0.0,0.0
2023-12-27 09:30:00-05:00,0.3499999940395355,0.3549000024795532,0.3400999903678894,0.34709998965263367,70589,0.0,0.0
2023-12-27 10:30:00-05:00,0.3450999855995178,0.3452000021934509,0.3400000035762787,0.3433000147342682,39644,0.0,0.0
2023-12-27 11:30:00-05:00,0.3449999988079071,0.3449999988079071,0.33500000834465027,0.3400000035762787,66116,0.0,0.0
2023-12-27 12:30:00-05:00,0.3400999903678894,0.3449999988079071,0.3400999903678894,0.3449000120162964,20162,0.0,0.0
2023-12-27 13:30:00-05:00,0.3434000015258789,0.3449000120162964,0.3400999903678894,0.3409999907016754,15500,0.0,0.0
2023-12-27 14:30:00-05:00,0.3402000069618225,0.3434000015258789,0.33500000834465027,0.3357999920845032,107105,0.0,0.0
2023-12-27 15:30:00-05:00,0.3375000059604645,0.33970001339912415,0.3353999853134155,0.3353999853134155,53044,0.0,0.0
2023-12-28 09:30:00-05:00,0.33820000290870667,0.3400000035762787,0.32010000944137573,0.32899999618530273,259775,0.0,0.0
2023-12-28 10:30:00-05:00,0.3262999951839447,0.3305000066757202,0.32260000705718994,0.3260999917984009,89510,0.0,0.0
2023-12-28 11:30:00-05:00,0.328000009059906,0.33340001106262207,0.32510000467300415,0.3319000005722046,73248,0.0,0.0
2023-12-28 12:30:00-05:00,0.3303000032901764,0.3319000005722046,0.32499998807907104,0.32600000500679016,79262,0.0,0.0
2023-12-28 13:30:00-05:00,0.32589998841285706,0.3303000032901764,0.32519999146461487,0.3299500048160553,32301,0.0,0.0
2023-12-28 14:30:00-05:00,0.3296999931335449,0.33309999108314514,0.32899999618530273,0.32899999618530273,53997,0.0,0.0
2023-12-28 15:30:00-05:00,0.32899999618530273,0.33309999108314514,0.32350000739097595,0.32350000739097595,93141,0.0,0.0
2023-12-29 09:30:00-05:00,0.3199999928474426,0.32749998569488525,0.3151000142097473,0.32054901123046875,196790,0.0,0.0
2023-12-29 10:30:00-05:00,0.3199999928474426,0.32589998841285706,0.3100000023841858,0.3199999928474426,89512,0.0,0.0
2023-12-29 11:30:00-05:00,0.3100000023841858,0.3269999921321869,0.3100000023841858,0.3100000023841858,89373,0.0,0.0
2023-12-29 12:30:00-05:00,0.31150001287460327,0.3269999921321869,0.3050000071525574,0.3269999921321869,100550,0.0,0.0
2023-12-29 13:30:00-05:00,0.3149999976158142,0.3199999928474426,0.3095000088214874,0.31200000643730164,45784,0.0,0.0
2023-12-29 14:30:00-05:00,0.31200000643730164,0.3199999928474426,0.3061000108718872,0.3075999915599823,35178,0.0,0.0
2023-12-29 15:30:00-05:00,0.3070000112056732,0.31529998779296875,0.30000001192092896,0.31529998779296875,214879,0.0,0.0
2024-01-02 09:30:00-05:00,0.3100000023841858,0.3199999928474426,0.3012000024318695,0.3142000138759613,402252,0.0,0.0
2024-01-02 10:30:00-05:00,0.3179999887943268,0.3190999925136566,0.3050000071525574,0.3100999891757965,43983,0.0,0.0
2024-01-02 11:30:00-05:00,0.3189989924430847,0.3190000057220459,0.3149999976158142,0.3176000118255615,14924,0.0,0.0
2024-01-02 12:30:00-05:00,0.3181000053882599,0.3181000053882599,0.3100999891757965,0.314300000667572,6166,0.0,0.0
2024-01-02 13:30:00-05:00,0.31220000982284546,0.3335990011692047,0.3109999895095825,0.3237000107765198,91495,0.0,0.0
2024-01-02 14:30:00-05:00,0.32199999690055847,0.3269999921321869,0.3217509984970093,0.3237999975681305,6464,0.0,0.0
2024-01-02 15:30:00-05:00,0.3237000107765198,0.32899999618530273,0.3199999928474426,0.328900009393692,0,0.0,0.0
2024-01-03 09:30:00-05:00,0.3208000063896179,0.3208000063896179,0.3100000023841858,0.3124000132083893,34899,0.0,0.0
2024-01-03 10:30:00-05:00,0.3142000138759613,0.3197000026702881,0.3100000023841858,0.31200000643730164,24229,0.0,0.0
2024-01-03 11:30:00-05:00,0.3138999938964844,0.3138999938964844,0.3100000023841858,0.3100999891757965,14429,0.0,0.0
2024-01-03 12:30:00-05:00,0.31380000710487366,0.3140000104904175,0.3084999918937683,0.3125999867916107,23427,0.0,0.0
2024-01-03 13:30:00-05:00,0.31025001406669617,0.3199000060558319,0.3091999888420105,0.3199000060558319,18079,0.0,0.0
2024-01-03 14:30:00-05:00,0.31755000352859497,0.3199000060558319,0.31520000100135803,0.3197999894618988,17479,0.0,0.0
2024-01-03 15:30:00-05:00,0.3199000060558319,0.3203999996185303,0.31700000166893005,0.3199999928474426,14365,0.0,0.0
2024-01-04 09:30:00-05:00,0.3199999928474426,0.33500000834465027,0.3151000142097473,0.3334999978542328,259554,0.0,0.0
2024-01-04 10:30:00-05:00,0.33500000834465027,0.3479999899864197,0.3319999873638153,0.34599998593330383,428628,0.0,0.0
2024-01-04 11:30:00-05:00,0.34049999713897705,0.3499999940395355,0.3294000029563904,0.33020099997520447,98389,0.0,0.0
2024-01-04 12:30:00-05:00,0.3400000035762787,0.34049999713897705,0.33009999990463257,0.34049999713897705,43773,0.0,0.0
2024-01-04 13:30:00-05:00,0.34049999713897705,0.3490000069141388,0.3314000070095062,0.34310001134872437,97517,0.0,0.0
2024-01-04 14:30:00-05:00,0.3479999899864197,0.3504999876022339,0.3400000035762787,0.3479999899864197,93903,0.0,0.0
2024-01-04 15:30:00-05:00,0.34310001134872437,0.35350000858306885,0.34310001134872437,0.35120001435279846,77673,0.0,0.0
2024-01-05 09:30:00-05:00,0.35499998927116394,0.36000001430511475,0.3499999940395355,0.35010001063346863,409248,0.0,0.0
2024-01-05 10:30:00-05:00,0.35499998927116394,0.35749998688697815,0.35100001096725464,0.3573000133037567,31858,0.0,0.0
2024-01-05 11:30:00-05:00,0.3573000133037567,0.36000001430511475,0.35600000619888306,0.3587369918823242,112152,0.0,0.0
2024-01-05 12:30:00-05:00,0.359499990940094,0.36000001430511475,0.35899999737739563,0.359499990940094,75900,0.0,0.0
2024-01-05 13:30:00-05:00,0.36000001430511475,0.36000001430511475,0.35899999737739563,0.36000001430511475,75067,0.0,0.0
2024-01-05 14:30:00-05:00,0.36000001430511475,0.3605000078678131,0.35899999737739563,0.35989999771118164,64755,0.0,0.0
2024-01-05 15:30:00-05:00,0.35989999771118164,0.36000001430511475,0.3580999970436096,0.35989999771118164,71832,0.0,0.0
2024-01-08 09:30:00-05:00,0.3499999940395355,0.36500000953674316,0.3499999940395355,0.35804998874664307,100001,0.0,0.0
2024-01-08 10:30:00-05:00,0.35804998874664307,0.3580999970436096,0.34849900007247925,0.3499999940395355,151298,0.0,0.0
2024-01-08 11:30:00-05:00,0.3479999899864197,0.35499998927116394,0.3449999988079071,0.3449999988079071,9811,0.0,0.0
2024-01-08 12:30:00-05:00,0.3474000096321106,0.3499999940395355,0.3450999855995178,0.3499999940395355,14357,0.0,0.0
2024-01-08 13:30:00-05:00,0.3499999940395355,0.3564999997615814,0.3477509915828705,0.35499998927116394,53954,0.0,0.0
2024-01-08 14:30:00-05:00,0.35499998927116394,0.3564000129699707,0.3499999940395355,0.35589998960494995,54965,0.0,0.0
2024-01-08 15:30:00-05:00,0.3555999994277954,0.3564000129699707,0.34880000352859497,0.3564000129699707,21103,0.0,0.0
2024-01-09 09:30:00-05:00,0.36000001430511475,0.3619999885559082,0.34880000352859497,0.3612000048160553,10395,0.0,0.0
2024-01-09 10:30:00-05:00,0.35749998688697815,0.3612000048160553,0.3499000072479248,0.35510000586509705,87299,0.0,0.0
2024-01-09 11:30:00-05:00,0.3605000078678131,0.3610000014305115,0.35019999742507935,0.35100001096725464,143209,0.0,0.0
2024-01-09 12:30:00-05:00,0.35100001096725464,0.3553999960422516,0.35040000081062317,0.35530000925064087,11140,0.0,0.0
2024-01-09 13:30:00-05:00,0.3528499901294708,0.3564999997615814,0.35040000081062317,0.3564999997615814,55355,0.0,0.0
2024-01-09 14:30:00-05:00,0.36000001430511475,0.3644999861717224,0.3555999994277954,0.3644999861717224,127526,0.0,0.0
2024-01-09 15:30:00-05:00,0.3573000133037567,0.3695000112056732,0.3573000133037567,0.3677999973297119,19912,0.0,0.0
2024-01-10 09:30:00-05:00,0.36800000071525574,0.36800000071525574,0.36000001430511475,0.3601999878883362,60609,0.0,0.0
2024-01-10 10:30:00-05:00,0.36059999465942383,0.36550000309944153,0.36000001430511475,0.36550000309944153,49166,0.0,0.0
2024-01-10 11:30:00-05:00,0.36550000309944153,0.3684000074863434,0.3621000051498413,0.36695000529289246,42726,0.0,0.0
2024-01-10 12:30:00-05:00,0.36649999022483826,0.3698999881744385,0.36500000953674316,0.3698999881744385,34163,0.0,0.0
2024-01-10 13:30:00-05:00,0.3650999963283539,0.37575000524520874,0.3650999963283539,0.3755500018596649,176060,0.0,0.0
2024-01-10 14:30:00-05:00,0.3756999969482422,0.3799999952316284,0.37380000948905945,0.3790000081062317,64473,0.0,0.0
2024-01-10 15:30:00-05:00,0.3799999952316284,0.3799999952316284,0.3720000088214874,0.3720000088214874,106699,0.0,0.0
2024-01-11 09:30:00-05:00,0.3790000081062317,0.3790000081062317,0.36000001430511475,0.36400100588798523,154266,0.0,0.0
2024-01-11 10:30:00-05:00,0.36410099267959595,0.36410099267959595,0.35269999504089355,0.35269999504089355,59369,0.0,0.0
2024-01-11 11:30:00-05:00,0.35109999775886536,0.3619999885559082,0.35109999775886536,0.3587999939918518,28511,0.0,0.0
2024-01-11 12:30:00-05:00,0.36250001192092896,0.3700000047683716,0.36160001158714294,0.36160001158714294,7767,0.0,0.0
2024-01-11 13:30:00-05:00,0.36160001158714294,0.3698999881744385,0.36160001158714294,0.367000013589859,6079,0.0,0.0
2024-01-11 14:30:00-05:00,0.367000013589859,0.3700000047683716,0.3610000014305115,0.36250001192092896,38901,0.0,0.0
2024-01-11 15:30:00-05:00,0.3610000014305115,0.362199991941452,0.3540000021457672,0.3540000021457672,16943,0.0,0.0
2024-01-12 09:30:00-05:00,0.3504999876022339,0.35989999771118164,0.3504999876022339,0.3598000109195709,15631,0.0,0.0
2024-01-12 10:30:00-05:00,0.35510000586509705,0.35989999771118164,0.35510000586509705,0.35989999771118164,8929,0.0,0.0
2024-01-12 11:30:00-05:00,0.35910001397132874,0.35910001397132874,0.35600000619888306,0.35600000619888306,14210,0.0,0.0
2024-01-12 12:30:00-05:00,0.35989999771118164,0.35989999771118164,0.35600000619888306,0.3585500121116638,13865,0.0,0.0
2024-01-12 13:30:00-05:00,0.359499990940094,0.36500000953674316,0.35750100016593933,0.36489999294281006,17890,0.0,0.0
2024-01-12 14:30:00-05:00,0.36500000953674316,0.36739999055862427,0.3646000027656555,0.36489999294281006,15112,0.0,0.0
2024-01-12 15:30:00-05:00,0.36480000615119934,0.36500000953674316,0.35499998927116394,0.3635999858379364,11820,0.0,0.0
2024-01-16 09:30:00-05:00,0.36000001430511475,0.36000001430511475,0.35499998927116394,0.3574489951133728,67290,0.0,0.0
2024-01-16 10:30:00-05:00,0.3582000136375427,0.35899999737739563,0.35269999504089355,0.35580000281333923,19685,0.0,0.0
2024-01-16 11:30:00-05:00,0.35271599888801575,0.3528999984264374,0.3156999945640564,0.33355000615119934,225679,0.0,0.0
2024-01-16 12:30:00-05:00,0.3370000123977661,0.33709999918937683,0.33000001311302185,0.33559998869895935,39496,0.0,0.0
2024-01-16 13:30:00-05:00,0.3352999985218048,0.33550000190734863,0.32600000500679016,0.3280999958515167,51951,0.0,0.0
2024-01-16 14:30:00-05:00,0.3262999951839447,0.3293989896774292,0.32100000977516174,0.3221000134944916,21677,0.0,0.0
2024-01-16 15:30:00-05:00,0.3221000134944916,0.3296000063419342,0.32100000977516174,0.3262999951839447,80271,0.0,0.0
2024-01-17 09:30:00-05:00,0.3230000138282776,0.32499998807907104,0.32100000977516174,0.3240000009536743,45043,0.0,0.0
2024-01-17 10:30:00-05:00,0.32409998774528503,0.33000001311302185,0.3199999928474426,0.32409998774528503,29085,0.0,0.0
2024-01-17 11:30:00-05:00,0.32989999651908875,0.32989999651908875,0.3240000009536743,0.32710000872612,0,0.0,0.0
2024-01-17 12:30:00-05:00,0.3240000009536743,0.3240000009536743,0.3109999895095825,0.3111000061035156,111467,0.0,0.0
2024-01-17 13:30:00-05:00,0.31119999289512634,0.3172999918460846,0.3111000061035156,0.31540000438690186,33474,0.0,0.0
2024-01-17 14:30:00-05:00,0.3149999976158142,0.31790000200271606,0.31200000643730164,0.31790000200271606,55680,0.0,0.0
2024-01-17 15:30:00-05:00,0.3181999921798706,0.3199999928474426,0.31700000166893005,0.31700000166893005,13365,0.0,0.0
2024-01-18 09:30:00-05:00,0.3260999917984009,0.32749998569488525,0.3109999895095825,0.3109999895095825,70821,0.0,0.0
2024-01-18 10:30:00-05:00,0.3199999928474426,0.3247010111808777,0.3190000057220459,0.3190000057220459,9582,0.0,0.0
2024-01-18 11:30:00-05:00,0.31200000643730164,0.3156999945640564,0.3012000024318695,0.30160099267959595,47775,0.0,0.0
2024-01-18 12:30:00-05:00,0.31459999084472656,0.31459999084472656,0.30149999260902405,0.3019999861717224,33392,0.0,0.0
2024-01-18 13:30:00-05:00,0.30160000920295715,0.3018989861011505,0.30149999260902405,0.30160000920295715,18928,0.0,0.0
2024-01-18 14:30:00-05:00,0.3015500009059906,0.3061000108718872,0.30149999260902405,0.3059990108013153,52657,0.0,0.0
2024-01-18 15:30:00-05:00,0.3019999861717224,0.3059999942779541,0.3019999861717224,0.30559998750686646,0,0.0,0.0
2024-01-19 09:30:00-05:00,0.33570000529289246,0.33570000529289246,0.3100000023841858,0.3172000050544739,20491,0.0,0.0
2024-01-19 10:30:00-05:00,0.31450000405311584,0.3197999894618988,0.3100000023841858,0.3147999942302704,6226,0.0,0.0
2024-01-19 11:30:00-05:00,0.3133000135421753,0.31850001215934753,0.30559998750686646,0.30570000410079956,39019,0.0,0.0
2024-01-19 12:30:00-05:00,0.3109999895095825,0.3125999867916107,0.3057999908924103,0.3125999867916107,12956,0.0,0.0
2024-01-19 13:30:00-05:00,0.3075000047683716,0.319599986076355,0.3070000112056732,0.319599986076355,18412,0.0,0.0
2024-01-19 14:30:00-05:00,0.3132990002632141,0.319599986076355,0.3057999908924103,0.3059999942779541,36833,0.0,0.0
2024-01-19 15:30:00-05:00,0.3190000057220459,0.31940001249313354,0.3059999942779541,0.30649998784065247,2968,0.0,0.0
2024-01-22 09:30:00-05:00,0.3100000023841858,0.3199000060558319,0.3100000023841858,0.3114989995956421,32864,0.0,0.0
2024-01-22 10:30:00-05:00,0.3102000057697296,0.310808002948761,0.3100999891757965,0.3102000057697296,9932,0.0,0.0
2024-01-22 11:30:00-05:00,0.3102000057697296,0.319599986076355,0.3100000023841858,0.3100000023841858,35764,0.0,0.0
2024-01-22 12:30:00-05:00,0.3147999942302704,0.31940001249313354,0.3100000023841858,0.31459999084472656,23693,0.0,0.0
2024-01-22 13:30:00-05:00,0.3109999895095825,0.3190000057220459,0.3100000023841858,0.31779998540878296,27085,0.0,0.0
2024-01-22 14:30:00-05:00,0.31779998540878296,0.31779998540878296,0.31049999594688416,0.3158000111579895,18928,0.0,0.0
2024-01-22 15:30:00-05:00,0.3163999915122986,0.31769999861717224,0.31119999289512634,0.31119999289512634,33054,0.0,0.0
2024-01-23 09:30:00-05:00,0.31049999594688416,0.3255999982357025,0.31029999256134033,0.3109999895095825,19630,0.0,0.0
2024-01-23 10:30:00-05:00,0.3102000057697296,0.32269999384880066,0.3102000057697296,0.32249999046325684,3895,0.0,0.0
2024-01-23 11:30:00-05:00,0.3224000036716461,0.3224000036716461,0.3149999976158142,0.3151000142097473,14261,0.0,0.0
2024-01-23 12:30:00-05:00,0.3151000142097473,0.3151000142097473,0.3149999976158142,0.3149999976158142,11596,0.0,0.0
2024-01-23 13:30:00-05:00,0.3151000142097473,0.31690001487731934,0.3149999976158142,0.31690001487731934,15438,0.0,0.0
2024-01-23 14:30:00-05:00,0.3158999979496002,0.31700000166893005,0.3149999976158142,0.3158000111579895,21769,0.0,0.0
2024-01-23 15:30:00-05:00,0.3158999979496002,0.3199999928474426,0.3156999945640564,0.3156999945640564,16292,0.0,0.0
2024-01-24 09:30:00-05:00,0.3100000023841858,0.3199999928474426,0.3100000023841858,0.3194989860057831,47660,0.0,0.0
2024-01-24 10:30:00-05:00,0.31387999653816223,0.31929999589920044,0.3100000023841858,0.3100999891757965,102372,0.0,0.0
2024-01-24 11:30:00-05:00,0.3100000023841858,0.3127000033855438,0.3100000023841858,0.3127000033855438,53118,0.0,0.0
2024-01-24 12:30:00-05:00,0.31304898858070374,0.3149999976158142,0.31029999256134033,0.31139999628067017,47473,0.0,0.0
2024-01-24 13:30:00-05:00,0.31139999628067017,0.3172000050544739,0.31139999628067017,0.3149999976158142,1609,0.0,0.0
2024-01-24 14:30:00-05:00,0.3149999976158142,0.31790000200271606,0.3149999976158142,0.3172000050544739,21537,0.0,0.0
2024-01-24 15:30:00-05:00,0.319599986076355,0.319599986076355,0.31610000133514404,0.31610000133514404,2594,0.0,0.0
2024-01-25 09:30:00-05:00,0.3400000035762787,0.3400000035762787,0.31200000643730164,0.33000001311302185,43570,0.0,0.0
2024-01-25 10:30:00-05:00,0.32499998807907104,0.328900009393692,0.31360000371932983,0.31619998812675476,10680,0.0,0.0
2024-01-25 11:30:00-05:00,0.3156000077724457,0.32019999623298645,0.3156000077724457,0.32019999623298645,17615,0.0,0.0
2024-01-25 12:30:00-05:00,0.3231000006198883,0.3231000006198883,0.3154999911785126,0.3208000063896179,9092,0.0,0.0
2024-01-25 13:30:00-05:00,0.32199999690055847,0.3278000056743622,0.3160000145435333,0.3278000056743622,142840,0.0,0.0
2024-01-25 14:30:00-05:00,0.3278999924659729,0.33000001311302185,0.32280001044273376,0.33000001311302185,58329,0.0,0.0
2024-01-25 15:30:00-05:00,0.33149999380111694,0.33899998664855957,0.3280999958515167,0.337799996137619,13167,0.0,0.0
2024-01-26 09:30:00-05:00,0.3400000035762787,0.3400000035762787,0.33009999990463257,0.33009999990463257,20557,0.0,0.0
2024-01-26 10:30:00-05:00,0.33009999990463257,0.3398999869823456,0.33009999990463257,0.33059999346733093,17586,0.0,0.0
2024-01-26 11:30:00-05:00,0.33079999685287476,0.3449999988079071,0.33079999685287476,0.3449999988079071,45990,0.0,0.0
2024-01-26 12:30:00-05:00,0.3449999988079071,0.3555999994277954,0.3443000018596649,0.3540000021457672,47068,0.0,0.0
2024-01-26 13:30:00-05:00,0.3549000024795532,0.3549000024795532,0.3495999872684479,0.3497999906539917,16667,0.0,0.0
2024-01-26 14:30:00-05:00,0.3540000021457672,0.36000001430511475,0.3499999940395355,0.35249999165534973,108311,0.0,0.0
2024-01-26 15:30:00-05:00,0.350849986076355,0.359499990940094,0.35019999742507935,0.35499998927116394,37235,0.0,0.0
2024-01-29 09:30:00-05:00,0.36000001430511475,0.36000001430511475,0.3280999958515167,0.3407999873161316,175420,0.0,0.0
2024-01-29 10:30:00-05:00,0.34040001034736633,0.34700000286102295,0.3292999863624573,0.33000001311302185,35694,0.0,0.0
2024-01-29 11:30:00-05:00,0.3333500027656555,0.34599998593330383,0.33000001311302185,0.3330000042915344,17832,0.0,0.0
2024-01-29 12:30:00-05:00,0.3330000042915344,0.3398999869823456,0.3330000042915344,0.3398999869823456,4052,0.0,0.0
2024-01-29 13:30:00-05:00,0.33899998664855957,0.33980000019073486,0.33000001311302185,0.33000001311302185,13269,0.0,0.0
2024-01-29 14:30:00-05:00,0.3324500024318695,0.33399999141693115,0.3199999928474426,0.32030001282691956,108941,0.0,0.0
2024-01-29 15:30:00-05:00,0.3199999928474426,0.3262999951839447,0.3199999928474426,0.32100000977516174,64503,0.0,0.0
2024-01-30 09:30:00-05:00,0.3479999899864197,0.3479999899864197,0.3125,0.329800009727478,113690,0.0,0.0
2024-01-30 10:30:00-05:00,0.3248499929904938,0.33550000190734863,0.32100000977516174,0.33479899168014526,65545,0.0,0.0
2024-01-30 11:30:00-05:00,0.33009999990463257,0.34369999170303345,0.33000001311302185,0.33000001311302185,65471,0.0,0.0
2024-01-30 12:30:00-05:00,0.3319999873638153,0.33889999985694885,0.32839998602867126,0.32840099930763245,31068,0.0,0.0
2024-01-30 13:30:00-05:00,0.33000001311302185,0.3314000070095062,0.32019999623298645,0.32249999046325684,23401,0.0,0.0
2024-01-30 14:30:00-05:00,0.32510000467300415,0.33000001311302185,0.32030099630355835,0.3212999999523163,5797,0.0,0.0
2024-01-30 15:30:00-05:00,0.32519999146461487,0.3312000036239624,0.32199999690055847,0.3287000060081482,9076,0.0,0.0
2024-01-31 09:30:00-05:00,0.3215999901294708,0.3400000035762787,0.3215999901294708,0.33959999680519104,113656,0.0,0.0
2024-01-31 10:30:00-05:00,0.34929999709129333,0.34929999709129333,0.33000001311302185,0.34389999508857727,28458,0.0,0.0
2024-01-31 11:30:00-05:00,0.34389999508857727,0.3456999957561493,0.33640000224113464,0.3449999988079071,27274,0.0,0.0
2024-01-31 12:30:00-05:00,0.3361000120639801,0.3456999957561493,0.3361000120639801,0.3449999988079071,9446,0.0,0.0
2024-01-31 13:30:00-05:00,0.3409000039100647,0.3449000120162964,0.335999995470047,0.335999995470047,20821,0.0,0.0
2024-01-31 14:30:00-05:00,0.335999995470047,0.34470000863075256,0.33000001311302185,0.33000001311302185,21209,0.0,0.0
2024-01-31 15:30:00-05:00,0.33000001311302185,0.34439998865127563,0.32499998807907104,0.32499998807907104,11230,0.0,0.0
2024-02-01 09:30:00-05:00,0.3449999988079071,0.3497999906539917,0.32519999146461487,0.33500000834465027,32806,0.0,0.0
2024-02-01 10:30:00-05:00,0.33500000834465027,0.33970001339912415,0.32120001316070557,0.3215000033378601,70883,0.0,0.0
2024-02-01 11:30:00-05:00,0.3215000033378601,0.33180001378059387,0.3212999999523163,0.33160001039505005,39847,0.0,0.0
2024-02-01 12:30:00-05:00,0.33160001039505005,0.3400000035762787,0.3312999904155731,0.33629998564720154,26203,0.0,0.0
2024-02-01 13:30:00-05:00,0.3355500102043152,0.3499999940395355,0.33550000190734863,0.3400000035762787,9675,0.0,0.0
2024-02-01 14:30:00-05:00,0.3379000127315521,0.3465999960899353,0.337799996137619,0.3400999903678894,39243,0.0,0.0
2024-02-01 15:30:00-05:00,0.3400999903678894,0.3434999883174896,0.33000001311302185,0.3310999870300293,19729,0.0,0.0
2024-02-02 09:30:00-05:00,0.3499999940395355,0.3589000105857849,0.3452000021934509,0.3476000130176544,103663,0.0,0.0
2024-02-02 10:30:00-05:00,0.3499000072479248,0.3499000072479248,0.3452000021934509,0.3497990071773529,5980,0.0,0.0
2024-02-02 11:30:00-05:00,0.3450999855995178,0.3499000072479248,0.3450999855995178,0.3497999906539917,6944,0.0,0.0
2024-02-02 12:30:00-05:00,0.3450999855995178,0.3497999906539917,0.3310000002384186,0.3310000002384186,27439,0.0,0.0
2024-02-02 13:30:00-05:00,0.3310000002384186,0.3400000035762787,0.3310000002384186,0.3398999869823456,39901,0.0,0.0
2024-02-02 14:30:00-05:00,0.33550000190734863,0.3398999869823456,0.3310000002384186,0.33730000257492065,25296,0.0,0.0
2024-02-02 15:30:00-05:00,0.3398999869823456,0.3398999869823456,0.3310999870300293,0.33550000190734863,8245,0.0,0.0
2024-02-05 09:30:00-05:00,0.3499999940395355,0.356999009847641,0.3400000035762787,0.3497990071773529,53243,0.0,0.0
2024-02-05 10:30:00-05:00,0.34494999051094055,0.3499000072479248,0.3400000035762787,0.3424000144004822,17376,0.0,0.0
2024-02-05 11:30:00-05:00,0.3447999954223633,0.3449000120162964,0.3400000035762787,0.34000998735427856,20393,0.0,0.0
2024-02-05 12:30:00-05:00,0.3400000035762787,0.3434999883174896,0.3301999866962433,0.3398999869823456,10742,0.0,0.0
2024-02-05 13:30:00-05:00,0.3305000066757202,0.33980000019073486,0.3305000066757202,0.3379000127315521,5389,0.0,0.0
2024-02-05 14:30:00-05:00,0.3310000002384186,0.3449999988079071,0.33079999685287476,0.3321000039577484,33458,0.0,0.0
2024-02-05 15:30:00-05:00,0.3321000039577484,0.33500000834465027,0.33000001311302185,0.33500000834465027,17395,0.0,0.0
2024-02-06 09:30:00-05:00,0.3310000002384186,0.3479999899864197,0.3310000002384186,0.34299999475479126,48761,0.0,0.0
2024-02-06 10:30:00-05:00,0.34299999475479126,0.3449999988079071,0.3425000011920929,0.3449999988079071,20175,0.0,0.0
2024-02-06 11:30:00-05:00,0.3447999954223633,0.3447999954223633,0.3353999853134155,0.3395000100135803,14908,0.0,0.0
2024-02-06 12:30:00-05:00,0.3400999903678894,0.3400999903678894,0.33899998664855957,0.3400999903678894,9846,0.0,0.0
2024-02-06 13:30:00-05:00,0.3402009904384613,0.3449999988079071,0.3328000009059906,0.33640098571777344,41904,0.0,0.0
2024-02-06 14:30:00-05:00,0.3328000009059906,0.3400000035762787,0.3327000141143799,0.3327000141143799,3845,0.0,0.0
2024-02-06 15:30:00-05:00,0.33970001339912415,0.3400000035762787,0.3325999975204468,0.3400000035762787,37872,0.0,0.0
2024-02-07 09:30:00-05:00,0.3449999988079071,0.3449999988079071,0.335099995136261,0.3398999869823456,25241,0.0,0.0
2024-02-07 10:30:00-05:00,0.3375999927520752,0.3398999869823456,0.3250100016593933,0.33000001311302185,157711,0.0,0.0
2024-02-07 11:30:00-05:00,0.33009999990463257,0.3398999869823456,0.33009999990463257,0.33880001306533813,5071,0.0,0.0
2024-02-07 12:30:00-05:00,0.3310999870300293,0.3398999869823456,0.3310000002384186,0.3310000002384186,10894,0.0,0.0
2024-02-07 13:30:00-05:00,0.33070001006126404,0.337799996137619,0.3301999866962433,0.33500000834465027,24988,0.0,0.0
2024-02-07 14:30:00-05:00,0.33009999990463257,0.33489999175071716,0.33009999990463257,0.33009999990463257,39450,0.0,0.0
2024-02-07 15:30:00-05:00,0.3301999866962433,0.3325999975204468,0.33009999990463257,0.3325999975204468,2399,0.0,0.0
2024-02-08 09:30:00-05:00,0.33009999990463257,0.3398999869823456,0.33009999990463257,0.33709999918937683,30316,0.0,0.0
2024-02-08 10:30:00-05:00,0.3400000035762787,0.3488999903202057,0.3346000015735626,0.335999995470047,64642,0.0,0.0
2024-02-08 11:30:00-05:00,0.3391000032424927,0.3449999988079071,0.33309999108314514,0.3449999988079071,39117,0.0,0.0
2024-02-08 12:30:00-05:00,0.3402009904384613,0.3449999988079071,0.3398999869823456,0.3449999988079071,7710,0.0,0.0
2024-02-08 13:30:00-05:00,0.3400999903678894,0.3449999988079071,0.33469998836517334,0.3424000144004822,29416,0.0,0.0
2024-02-08 14:30:00-05:00,0.335099995136261,0.34549999237060547,0.335099995136261,0.34549999237060547,25104,0.0,0.0
2024-02-08 15:30:00-05:00,0.3450999855995178,0.34880000352859497,0.3450999855995178,0.3450999855995178,8740,0.0,0.0
2024-02-09 09:30:00-05:00,0.3449999988079071,0.3488999903202057,0.3400999903678894,0.3488999903202057,53764,0.0,0.0
2024-02-09 10:30:00-05:00,0.34630000591278076,0.3589000105857849,0.34620100259780884,0.3499999940395355,85346,0.0,0.0
2024-02-09 11:30:00-05:00,0.35010001063346863,0.35899999737739563,0.3400000035762787,0.3580000102519989,24161,0.0,0.0
2024-02-09 12:30:00-05:00,0.35019999742507935,0.357899010181427,0.34709998965263367,0.34709998965263367,65414,0.0,0.0
2024-02-09 13:30:00-05:00,0.3498989939689636,0.35199999809265137,0.3476000130176544,0.35199999809265137,8497,0.0,0.0
2024-02-09 14:30:00-05:00,0.35144200921058655,0.35144200921058655,0.3450999855995178,0.34700000286102295,22858,0.0,0.0
2024-02-09 15:30:00-05:00,0.3476000130176544,0.3499999940395355,0.335099995136261,0.3400000035762787,34196,0.0,0.0
2024-02-12 09:30:00-05:00,0.36000001430511475,0.367000013589859,0.35179999470710754,0.35899999737739563,76109,0.0,0.0
2024-02-12 10:30:00-05:00,0.35589998960494995,0.36000001430511475,0.3517000079154968,0.3553999960422516,20931,0.0,0.0
2024-02-12 11:30:00-05:00,0.35260000824928284,0.36489999294281006,0.35249999165534973,0.3531999886035919,35908,0.0,0.0
2024-02-12 12:30:00-05:00,0.353300005197525,0.36500000953674316,0.353300005197525,0.36309999227523804,25562,0.0,0.0
2024-02-12 13:30:00-05:00,0.36500000953674316,0.36500000953674316,0.357699990272522,0.36010000109672546,33682,0.0,0.0
2024-02-12 14:30:00-05:00,0.36070001125335693,0.3659000098705292,0.3580999970436096,0.3659000098705292,13717,0.0,0.0
2024-02-12 15:30:00-05:00,0.36480000615119934,0.36899998784065247,0.3610000014305115,0.3628000020980835,55736,0.0,0.0
2024-02-13 09:30:00-05:00,0.3499999940395355,0.37299999594688416,0.3499999940395355,0.36239999532699585,111340,0.0,0.0
2024-02-13 10:30:00-05:00,0.36239999532699585,0.3686999976634979,0.36000001430511475,0.36740100383758545,30637,0.0,0.0
2024-02-13 11:30:00-05:00,0.362199991941452,0.3686999976634979,0.3614000082015991,0.3621000051498413,25076,0.0,0.0
2024-02-13 12:30:00-05:00,0.3619999885559082,0.36500000953674316,0.35030001401901245,0.36500000953674316,10380,0.0,0.0
2024-02-13 13:30:00-05:00,0.35019999742507935,0.3619999885559082,0.35019999742507935,0.35690000653266907,6458,0.0,0.0
2024-02-13 14:30:00-05:00,0.3610000014305115,0.3619999885559082,0.3531000018119812,0.3531000018119812,16914,0.0,0.0
2024-02-13 15:30:00-05:00,0.35433998703956604,0.3596999943256378,0.35089999437332153,0.35089999437332153,13681,0.0,0.0
2024-02-14 09:30:00-05:00,0.3499999940395355,0.3698999881744385,0.34255000948905945,0.36511000990867615,47485,0.0,0.0
2024-02-14 10:30:00-05:00,0.3652009963989258,0.36820000410079956,0.36000001430511475,0.36489999294281006,11619,0.0,0.0
2024-02-14 11:30:00-05:00,0.3614000082015991,0.367000013589859,0.3610999882221222,0.36111000180244446,36507,0.0,0.0
2024-02-14 12:30:00-05:00,0.367000013589859,0.367000013589859,0.3619999885559082,0.36250001192092896,5108,0.0,0.0
2024-02-14 13:30:00-05:00,0.367000013589859,0.367000013589859,0.36239999532699585,0.36344999074935913,5405,0.0,0.0
2024-02-14 14:30:00-05:00,0.36500000953674316,0.3659000098705292,0.3610999882221222,0.3612000048160553,16491,0.0,0.0
2024-02-14 15:30:00-05:00,0.3612000048160553,0.361299991607666,0.35010001063346863,0.3610000014305115,52300,0.0,0.0
2024-02-15 09:30:00-05:00,0.3610999882221222,0.36410000920295715,0.36000001430511475,0.3612000048160553,36225,0.0,0.0
2024-02-15 10:30:00-05:00,0.36410000920295715,0.367000013589859,0.3544999957084656,0.3544999957084656,58530,0.0,0.0
2024-02-15 11:30:00-05:00,0.3544999957084656,0.3668000102043152,0.3544999957084656,0.36010000109672546,8736,0.0,0.0
2024-02-15 12:30:00-05:00,0.36010000109672546,0.3659999966621399,0.36010000109672546,0.3659000098705292,11398,0.0,0.0
2024-02-15 13:30:00-05:00,0.3605000078678131,0.367000013589859,0.3605000078678131,0.36419999599456787,4355,0.0,0.0
2024-02-15 14:30:00-05:00,0.367000013589859,0.367000013589859,0.3614000082015991,0.3668999969959259,54615,0.0,0.0
2024-02-15 15:30:00-05:00,0.367000013589859,0.367000013589859,0.3668999969959259,0.367000013589859,14392,0.0,0.0
2024-02-16 09:30:00-05:00,0.367000013589859,0.367000013589859,0.36010000109672546,0.36500000953674316,32035,0.0,0.0
2024-02-16 10:30:00-05:00,0.3619000017642975,0.36500000953674316,0.36000001430511475,0.3643999993801117,21578,0.0,0.0
2024-02-16 11:30:00-05:00,0.36500000953674316,0.36500000953674316,0.36399999260902405,0.36500000953674316,14863,0.0,0.0
2024-02-16 12:30:00-05:00,0.3644999861717224,0.36500000953674316,0.3630000054836273,0.3630000054836273,15328,0.0,0.0
2024-02-16 13:30:00-05:00,0.3630000054836273,0.3659999966621399,0.3610000014305115,0.3625999987125397,39870,0.0,0.0
2024-02-16 14:30:00-05:00,0.3625999987125397,0.3637999892234802,0.3499999940395355,0.35600000619888306,108678,0.0,0.0
2024-02-16 15:30:00-05:00,0.35910001397132874,0.36500000953674316,0.35100001096725464,0.361299991607666,6412,0.0,0.0
2024-02-20 09:30:00-05:00,0.36500000953674316,0.36500000953674316,0.36000001430511475,0.36044999957084656,67595,0.0,0.0
2024-02-20 10:30:00-05:00,0.36039999127388,0.36039999127388,0.3540000021457672,0.3544999957084656,19872,0.0,0.0
2024-02-20 11:30:00-05:00,0.3544999957084656,0.35690000653266907,0.33000001311302185,0.3499999940395355,116186,0.0,0.0
2024-02-20 12:30:00-05:00,0.33500000834465027,0.3499000072479248,0.33500000834465027,0.34299999475479126,43350,0.0,0.0
2024-02-20 13:30:00-05:00,0.34200000762939453,0.34880000352859497,0.3400000035762787,0.3458999991416931,15848,0.0,0.0
2024-02-20 14:30:00-05:00,0.3409999907016754,0.3481000065803528,0.3400999903678894,0.3409999907016754,9029,0.0,0.0
2024-02-20 15:30:00-05:00,0.34700000286102295,0.3479999899864197,0.3409999907016754,0.3424000144004822,16405,0.0,0.0
2024-02-21 09:30:00-05:00,0.3490000069141388,0.36500000953674316,0.34200000762939453,0.3553999960422516,31354,0.0,0.0
2024-02-21 10:30:00-05:00,0.3553999960422516,0.36000001430511475,0.3553999960422516,0.35690000653266907,28691,0.0,0.0
2024-02-21 11:30:00-05:00,0.35690000653266907,0.3582000136375427,0.3553999960422516,0.35600000619888306,6750,0.0,0.0
2024-02-21 12:30:00-05:00,0.356550008058548,0.35989999771118164,0.35600000619888306,0.3584499955177307,10884,0.0,0.0
2024-02-21 13:30:00-05:00,0.35910001397132874,0.36000001430511475,0.35910001397132874,0.35989999771118164,13739,0.0,0.0
2024-02-21 14:30:00-05:00,0.35989999771118164,0.3630000054836273,0.35589998960494995,0.35929998755455017,46452,0.0,0.0
2024-02-21 15:30:00-05:00,0.3626999855041504,0.3626999855041504,0.3582000136375427,0.36000001430511475,19123,0.0,0.0
2024-02-22 09:30:00-05:00,0.36500000953674316,0.39899998903274536,0.36090001463890076,0.375,1086311,0.0,0.0
2024-02-22 10:30:00-05:00,0.375,0.38999998569488525,0.3743000030517578,0.3873000144958496,164016,0.0,0.0
2024-02-22 11:30:00-05:00,0.3874000012874603,0.39500001072883606,0.38609999418258667,0.39399999380111694,86041,0.0,0.0
2024-02-22 12:30:00-05:00,0.39500001072883606,0.41489899158477783,0.3903000056743622,0.41040000319480896,158407,0.0,0.0
2024-02-22 13:30:00-05:00,0.41029998660087585,0.4230000078678131,0.4009999930858612,0.41499999165534973,190239,0.0,0.0
2024-02-22 14:30:00-05:00,0.4156999886035919,0.4499000012874603,0.4156999886035919,0.4350000023841858,334455,0.0,0.0
2024-02-22 15:30:00-05:00,0.4350000023841858,0.44999998807907104,0.42775100469589233,0.4399999976158142,170743,0.0,0.0
2024-02-23 09:30:00-05:00,0.44999998807907104,0.5490000247955322,0.44999998807907104,0.5009250044822693,1058762,0.0,0.0
2024-02-23 10:30:00-05:00,0.5005000233650208,0.5189999938011169,0.5,0.5080000162124634,258889,0.0,0.0
2024-02-23 11:30:00-05:00,0.5098999738693237,0.5099999904632568,0.5,0.5098999738693237,85629,0.0,0.0
2024-02-23 12:30:00-05:00,0.5098999738693237,0.550000011920929,0.5080000162124634,0.550000011920929,287025,0.0,0.0
2024-02-23 13:30:00-05:00,0.5498999953269958,0.5789999961853027,0.5285000205039978,0.5579990148544312,519584,0.0,0.0
2024-02-23 14:30:00-05:00,0.5580000281333923,0.5695000290870667,0.48500001430511475,0.5220000147819519,337694,0.0,0.0
2024-02-23 15:30:00-05:00,0.5248000025749207,0.5583000183105469,0.5200999975204468,0.5299999713897705,186496,0.0,0.0
2024-02-26 09:30:00-05:00,0.550000011920929,0.5699999928474426,0.5498999953269958,0.5501009821891785,411209,0.0,0.0
2024-02-26 10:30:00-05:00,0.550000011920929,0.5533000230789185,0.5299999713897705,0.5310999751091003,248244,0.0,0.0
2024-02-26 11:30:00-05:00,0.531499981880188,0.531499981880188,0.4615499973297119,0.47040000557899475,179230,0.0,0.0
2024-02-26 12:30:00-05:00,0.4699999988079071,0.49799999594688416,0.4699999988079071,0.4848000109195709,52517,0.0,0.0
2024-02-26 13:30:00-05:00,0.47999998927116394,0.48010000586509705,0.4650000035762787,0.4749000072479248,40069,0.0,0.0
2024-02-26 14:30:00-05:00,0.46810001134872437,0.47099998593330383,0.4115000069141388,0.4120999872684479,181639,0.0,0.0
2024-02-26 15:30:00-05:00,0.425150990486145,0.43790000677108765,0.4125010073184967,0.4350000023841858,35762,0.0,0.0
2024-02-27 09:30:00-05:00,0.4343999922275543,0.4742000102996826,0.4300999939441681,0.4578999876976013,134039,0.0,0.0
2024-02-27 10:30:00-05:00,0.4578990042209625,0.46650001406669617,0.44684898853302,0.45829999446868896,93828,0.0,0.0
2024-02-27 11:30:00-05:00,0.46000000834465027,0.46720001101493835,0.44999998807907104,0.46720001101493835,136897,0.0,0.0
2024-02-27 12:30:00-05:00,0.45864999294281006,0.4672999978065491,0.4546000063419342,0.4613499939441681,48100,0.0,0.0
2024-02-27 13:30:00-05:00,0.46140000224113464,0.4749999940395355,0.4613899886608124,0.4749999940395355,48714,0.0,0.0
2024-02-27 14:30:00-05:00,0.4749999940395355,0.5189999938011169,0.4749999940395355,0.5098000168800354,103241,0.0,0.0
2024-02-27 15:30:00-05:00,0.5001000165939331,0.5097000002861023,0.5,0.5009999871253967,46018,0.0,0.0
2024-02-28 09:30:00-05:00,0.5,0.5099999904632568,0.47999998927116394,0.5099999904632568,88275,0.0,0.0
2024-02-28 10:30:00-05:00,0.5099999904632568,0.5144000053405762,0.47999998927116394,0.49000099301338196,21002,0.0,0.0
2024-02-28 11:30:00-05:00,0.5098999738693237,0.5098999738693237,0.49000000953674316,0.49390000104904175,72440,0.0,0.0
2024-02-28 12:30:00-05:00,0.5097000002861023,0.5097000002861023,0.49000000953674316,0.5095999836921692,20502,0.0,0.0
2024-02-28 13:30:00-05:00,0.504800021648407,0.5095999836921692,0.5,0.5095000267028809,15392,0.0,0.0
2024-02-28 14:30:00-05:00,0.5,0.5095000267028809,0.49000000953674316,0.5094000101089478,43372,0.0,0.0
2024-02-28 15:30:00-05:00,0.5095000267028809,0.5199999809265137,0.4950000047683716,0.4950999915599823,92269,0.0,0.0
2024-02-29 09:30:00-05:00,0.511900007724762,0.5199999809265137,0.5037999749183655,0.5189999938011169,133682,0.0,0.0
2024-02-29 10:30:00-05:00,0.5192000269889832,0.5450000166893005,0.5185999870300293,0.5425009727478027,252431,0.0,0.0
2024-02-29 11:30:00-05:00,0.5401999950408936,0.5498999953269958,0.5400000214576721,0.5475500226020813,46331,0.0,0.0
2024-02-29 12:30:00-05:00,0.5498999953269958,0.5600000023841858,0.5498999953269958,0.5598999857902527,102688,0.0,0.0
2024-02-29 13:30:00-05:00,0.5600000023841858,0.5849999785423279,0.5550000071525574,0.5669839978218079,190548,0.0,0.0
2024-02-29 14:30:00-05:00,0.5600000023841858,0.574999988079071,0.5600000023841858,0.5625,53917,0.0,0.0
2024-02-29 15:30:00-05:00,0.5636000037193298,0.5740000009536743,0.5601999759674072,0.5687999725341797,44258,0.0,0.0
2024-03-01 09:30:00-05:00,0.5799000263214111,0.5799999833106995,0.574400007724762,0.5799000263214111,108160,0.0,0.0
2024-03-01 10:30:00-05:00,0.5799999833106995,0.5799999833106995,0.550000011920929,0.5548999905586243,163463,0.0,0.0
2024-03-01 11:30:00-05:00,0.5550000071525574,0.5650100111961365,0.5519000291824341,0.5519000291824341,47052,0.0,0.0
2024-03-01 12:30:00-05:00,0.5519999861717224,0.574999988079071,0.5501000285148621,0.5669999718666077,98648,0.0,0.0
2024-03-01 13:30:00-05:00,0.5709999799728394,0.574999988079071,0.5640000104904175,0.5699999928474426,57549,0.0,0.0
2024-03-01 14:30:00-05:00,0.5698000192642212,0.5698000192642212,0.550000011920929,0.5598989725112915,51590,0.0,0.0
2024-03-01 15:30:00-05:00,0.5598000288009644,0.5598999857902527,0.5400000214576721,0.5498999953269958,35299,0.0,0.0
2024-03-04 09:30:00-05:00,0.5498999953269958,0.550000011920929,0.47999998927116394,0.5236999988555908,128141,0.0,0.0
2024-03-04 10:30:00-05:00,0.5299000144004822,0.5699999928474426,0.5299000144004822,0.5687999725341797,97142,0.0,0.0
2024-03-04 11:30:00-05:00,0.5559999942779541,0.5687999725341797,0.5249999761581421,0.5400999784469604,36419,0.0,0.0
2024-03-04 12:30:00-05:00,0.5501000285148621,0.5501000285148621,0.5382000207901001,0.5382000207901001,15510,0.0,0.0
2024-03-04 13:30:00-05:00,0.538100004196167,0.546999990940094,0.5313000082969666,0.5357000231742859,51644,0.0,0.0
2024-03-04 14:30:00-05:00,0.5311999917030334,0.5404999852180481,0.5310999751091003,0.5404999852180481,10141,0.0,0.0
2024-03-04 15:30:00-05:00,0.550000011920929,0.5600000023841858,0.5388000011444092,0.5489000082015991,121466,0.0,0.0
2024-03-05 09:30:00-05:00,0.5625,0.5799999833106995,0.550000011920929,0.550000011920929,263977,0.0,0.0
2024-03-05 10:30:00-05:00,0.5311009883880615,0.550000011920929,0.531000018119812,0.5475000143051147,0,0.0,0.0
2024-03-05 11:30:00-05:00,0.5475000143051147,0.5475000143051147,0.5411999821662903,0.5411999821662903,6214,0.0,0.0
2024-03-05 12:30:00-05:00,0.5400999784469604,0.5450000166893005,0.5400000214576721,0.5425000190734863,3625,0.0,0.0
2024-03-05 13:30:00-05:00,0.5400000214576721,0.5449000000953674,0.5400000214576721,0.5425000190734863,7558,0.0,0.0
2024-03-05 14:30:00-05:00,0.5425000190734863,0.5475000143051147,0.5400999784469604,0.5401999950408936,1695,0.0,0.0
2024-03-05 15:30:00-05:00,0.5400999784469604,0.5633999705314636,0.5400999784469604,0.5548999905586243,140458,0.0,0.0
2024-03-06 09:30:00-05:00,0.5526999831199646,0.5526999831199646,0.531000018119812,0.5401999950408936,56070,0.0,0.0
2024-03-06 10:30:00-05:00,0.5400999784469604,0.5498999953269958,0.5164999961853027,0.5250999927520752,80576,0.0,0.0
2024-03-06 11:30:00-05:00,0.5249999761581421,0.5307999849319458,0.5249999761581421,0.5307999849319458,6479,0.0,0.0
2024-03-06 12:30:00-05:00,0.527899980545044,0.5307999849319458,0.5199999809265137,0.5250999927520752,80518,0.0,0.0
