Datetime,Open,High,Low,Close,Volume,Dividends,Stock Splits
2023-03-06 13:30:00-05:00,0.8999999761581421,0.8999999761581421,0.8730000257492065,0.8744999766349792,0,0.0,0.0
2023-03-06 14:30:00-05:00,0.8889999985694885,0.9129999876022339,0.8840010166168213,0.8999999761581421,5418,0.0,0.0
2023-03-06 15:30:00-05:00,0.9100000262260437,0.9129999876022339,0.8989999890327454,0.8995000123977661,16369,0.0,0.0
2023-03-07 09:30:00-05:00,0.8899999856948853,0.9179999828338623,0.8820000290870667,0.8974000215530396,9585,0.0,0.0
2023-03-07 10:30:00-05:00,0.8974000215530396,0.8980000019073486,0.8734999895095825,0.8734999895095825,19259,0.0,0.0
2023-03-07 11:30:00-05:00,0.8899999856948853,0.9144989848136902,0.8734099864959717,0.9100000262260437,4442,0.0,0.0
2023-03-07 12:30:00-05:00,0.8934999704360962,0.9100000262260437,0.8770999908447266,0.9053000211715698,13094,0.0,0.0
2023-03-07 13:30:00-05:00,0.8730999827384949,0.9100000262260437,0.8730999827384949,0.9100000262260437,7926,0.0,0.0
2023-03-07 14:30:00-05:00,0.9100000262260437,0.9100000262260437,0.8824999928474426,0.9100000262260437,5612,0.0,0.0
2023-03-07 15:30:00-05:00,0.9100000262260437,0.9100000262260437,0.8824999928474426,0.9100000262260437,4102,0.0,0.0
2023-03-08 09:30:00-05:00,0.8901000022888184,0.9100000262260437,0.8899999856948853,0.8999999761581421,6430,0.0,0.0
2023-03-08 10:30:00-05:00,0.8899999856948853,0.8999999761581421,0.8730000257492065,0.8784999847412109,9395,0.0,0.0
2023-03-08 11:30:00-05:00,0.8773000240325928,0.8877999782562256,0.8730000257492065,0.8799999952316284,16110,0.0,0.0
2023-03-08 12:30:00-05:00,0.8799999952316284,0.8997499942779541,0.8725000023841858,0.8831499814987183,2827,0.0,0.0
2023-03-08 13:30:00-05:00,0.8999999761581421,0.8999999761581421,0.8895000219345093,0.8999999761581421,4412,0.0,0.0
2023-03-08 14:30:00-05:00,0.8876000046730042,0.8999999761581421,0.8876000046730042,0.8999999761581421,911,0.0,0.0
2023-03-08 15:30:00-05:00,0.8999999761581421,0.8999999761581421,0.8801000118255615,0.8999999761581421,2690,0.0,0.0
2023-03-09 09:30:00-05:00,0.8999999761581421,0.8999999761581421,0.8995000123977661,0.8999999761581421,8180,0.0,0.0
2023-03-09 10:30:00-05:00,0.8899999856948853,0.9049999713897705,0.8779000043869019,0.9049999713897705,9098,0.0,0.0
2023-03-09 11:30:00-05:00,0.909500002861023,0.909500002861023,0.8759999871253967,0.8899999856948853,1530,0.0,0.0
2023-03-09 12:30:00-05:00,0.8899999856948853,0.8899999856948853,0.8799999952316284,0.8799999952316284,2473,0.0,0.0
2023-03-09 13:30:00-05:00,0.8879989981651306,0.8899999856948853,0.8610000014305115,0.8610000014305115,23300,0.0,0.0
2023-03-09 14:30:00-05:00,0.8899999856948853,0.8899999856948853,0.8798999786376953,0.8799999952316284,3022,0.0,0.0
2023-03-09 15:30:00-05:00,0.8999999761581421,0.8999999761581421,0.8700000047683716,0.8835999965667725,7342,0.0,0.0
2023-03-10 09:30:00-05:00,0.9075999855995178,0.9075999855995178,0.8500000238418579,0.8511000275611877,21373,0.0,0.0
2023-03-10 10:30:00-05:00,0.8521000146865845,0.8799999952316284,0.8521000146865845,0.8700000047683716,1864,0.0,0.0
2023-03-10 11:30:00-05:00,0.8521000146865845,0.8700000047683716,0.8100000023841858,0.824999988079071,35309,0.0,0.0
2023-03-10 12:30:00-05:00,0.824999988079071,0.8399999737739563,0.7699999809265137,0.7799999713897705,184118,0.0,0.0
2023-03-10 13:30:00-05:00,0.7799999713897705,0.7878000140190125,0.75,0.7799999713897705,65980,0.0,0.0
2023-03-10 14:30:00-05:00,0.7900000214576721,0.8180000185966492,0.7900000214576721,0.8076000213623047,21094,0.0,0.0
2023-03-10 15:30:00-05:00,0.807699978351593,0.8100000023841858,0.8050000071525574,0.8050000071525574,8772,0.0,0.0
2023-03-13 09:30:00-04:00,0.800000011920929,0.8300999999046326,0.7750999927520752,0.8201000094413757,39344,0.0,0.0
2023-03-13 10:30:00-04:00,0.8201000094413757,0.8219000101089478,0.7799999713897705,0.7888000011444092,29913,0.0,0.0
2023-03-13 11:30:00-04:00,0.7888000011444092,0.8180000185966492,0.7888000011444092,0.7901999950408936,33815,0.0,0.0
2023-03-13 12:30:00-04:00,0.7901999950408936,0.8179000020027161,0.7799999713897705,0.7799999713897705,47103,0.0,0.0
2023-03-13 13:30:00-04:00,0.7799999713897705,0.8159999847412109,0.7699999809265137,0.7699999809265137,28335,0.0,0.0
2023-03-13 14:30:00-04:00,0.7699999809265137,0.7958999872207642,0.7649999856948853,0.7702000141143799,21402,0.0,0.0
2023-03-13 15:30:00-04:00,0.7702000141143799,0.7896999716758728,0.7560999989509583,0.7560999989509583,25990,0.0,0.0
2023-03-14 09:30:00-04:00,0.8100000023841858,0.8199999928474426,0.7875000238418579,0.8180000185966492,42124,0.0,0.0
2023-03-14 10:30:00-04:00,0.8320000171661377,0.8500000238418579,0.8007000088691711,0.8500000238418579,57513,0.0,0.0
2023-03-14 11:30:00-04:00,0.8500000238418579,0.8500000238418579,0.8156999945640564,0.8439000248908997,25440,0.0,0.0
2023-03-14 12:30:00-04:00,0.8295000195503235,0.8500000238418579,0.8295000195503235,0.8500000238418579,14110,0.0,0.0
2023-03-14 13:30:00-04:00,0.8500000238418579,0.8549000024795532,0.8399999737739563,0.8500000238418579,20783,0.0,0.0
2023-03-14 14:30:00-04:00,0.8500000238418579,0.8669999837875366,0.8270000219345093,0.8464999794960022,80958,0.0,0.0
2023-03-14 15:30:00-04:00,0.8367000222206116,0.8508999943733215,0.8271009922027588,0.8508999943733215,14067,0.0,0.0
2023-03-15 09:30:00-04:00,0.8822000026702881,0.8989999890327454,0.8374000191688538,0.8402010202407837,76821,0.0,0.0
2023-03-15 10:30:00-04:00,0.8402000069618225,0.8402000069618225,0.7900000214576721,0.824999988079071,42718,0.0,0.0
2023-03-15 11:30:00-04:00,0.8199999928474426,0.8500000238418579,0.800000011920929,0.8500000238418579,2059,0.0,0.0
2023-03-15 12:30:00-04:00,0.8500000238418579,0.8500000238418579,0.800000011920929,0.8500000238418579,10168,0.0,0.0
2023-03-15 13:30:00-04:00,0.8019999861717224,0.8500000238418579,0.800000011920929,0.8400999903678894,9148,0.0,0.0
2023-03-15 14:30:00-04:00,0.822700023651123,0.8299999833106995,0.800000011920929,0.8100000023841858,18276,0.0,0.0
2023-03-15 15:30:00-04:00,0.8131999969482422,0.82989901304245,0.8011000156402588,0.8131999969482422,959,0.0,0.0
2023-03-16 09:30:00-04:00,0.8043000102043152,0.8500000238418579,0.8043000102043152,0.8313000202178955,20237,0.0,0.0
2023-03-16 10:30:00-04:00,0.8125,0.831250011920929,0.8125,0.8125,2929,0.0,0.0
2023-03-16 11:30:00-04:00,0.8125010132789612,0.8500000238418579,0.8125010132789612,0.8137000203132629,2728,0.0,0.0
2023-03-16 12:30:00-04:00,0.8138999938964844,0.8500000238418579,0.8137000203132629,0.8266000151634216,13869,0.0,0.0
2023-03-16 13:30:00-04:00,0.829800009727478,0.829800009727478,0.8217999935150146,0.8217999935150146,7237,0.0,0.0
2023-03-16 14:30:00-04:00,0.8219000101089478,0.8296999931335449,0.8125,0.8167999982833862,16593,0.0,0.0
2023-03-16 15:30:00-04:00,0.8125,0.829800009727478,0.8125,0.829800009727478,2402,0.0,0.0
2023-03-17 09:30:00-04:00,0.8500000238418579,0.8899999856948853,0.800000011920929,0.8299000263214111,21351,0.0,0.0
2023-03-17 10:30:00-04:00,0.8100000023841858,0.8100000023841858,0.8000990152359009,0.8000990152359009,10061,0.0,0.0
2023-03-17 11:30:00-04:00,0.8098999857902527,0.8098999857902527,0.8098999857902527,0.8098999857902527,2315,0.0,0.0
2023-03-17 12:30:00-04:00,0.8100000023841858,0.8399999737739563,0.800000011920929,0.8399999737739563,29130,0.0,0.0
2023-03-17 13:30:00-04:00,0.8399999737739563,0.8399999737739563,0.8202000260353088,0.8349000215530396,26947,0.0,0.0
2023-03-17 14:30:00-04:00,0.8349000215530396,0.8399999737739563,0.8255000114440918,0.8399999737739563,21323,0.0,0.0
2023-03-17 15:30:00-04:00,0.8399999737739563,0.8399999737739563,0.8255000114440918,0.8255000114440918,25278,0.0,0.0
2023-03-20 09:30:00-04:00,0.8700000047683716,0.8899999856948853,0.8399999737739563,0.8503000140190125,44830,0.0,0.0
2023-03-20 10:30:00-04:00,0.8600000143051147,0.8694999814033508,0.8550000190734863,0.8562999963760376,13615,0.0,0.0
2023-03-20 11:30:00-04:00,0.8510000109672546,0.8586000204086304,0.8199999928474426,0.8299999833106995,27515,0.0,0.0
2023-03-20 12:30:00-04:00,0.8299999833106995,0.8393499851226807,0.8299999833106995,0.8299999833106995,2151,0.0,0.0
2023-03-20 13:30:00-04:00,0.8419849872589111,0.8419849872589111,0.8201000094413757,0.8201000094413757,2171,0.0,0.0
2023-03-20 14:30:00-04:00,0.8305010199546814,0.8399999737739563,0.8098999857902527,0.8098999857902527,27362,0.0,0.0
2023-03-20 15:30:00-04:00,0.8007000088691711,0.8398000001907349,0.800000011920929,0.8095999956130981,15792,0.0,0.0
2023-03-21 09:30:00-04:00,0.8600000143051147,0.8600000143051147,0.8199999928474426,0.8327000141143799,11737,0.0,0.0
2023-03-21 10:30:00-04:00,0.8440999984741211,0.8669000267982483,0.8199999928474426,0.8299999833106995,29699,0.0,0.0
2023-03-21 11:30:00-04:00,0.8202000260353088,0.8299000263214111,0.8202000260353088,0.8299000263214111,3437,0.0,0.0
2023-03-21 12:30:00-04:00,0.82989901304245,0.8600000143051147,0.8202999830245972,0.8600000143051147,24399,0.0,0.0
2023-03-21 13:30:00-04:00,0.8575999736785889,0.8686000108718872,0.8201000094413757,0.8600000143051147,22213,0.0,0.0
2023-03-21 14:30:00-04:00,0.8600999712944031,0.8600999712944031,0.8100000023841858,0.843999981880188,16698,0.0,0.0
2023-03-21 15:30:00-04:00,0.843999981880188,0.843999981880188,0.8119999766349792,0.8251000046730042,20868,0.0,0.0
2023-03-22 09:30:00-04:00,0.8500000238418579,0.8600000143051147,0.8399999737739563,0.8399999737739563,30790,0.0,0.0
2023-03-22 10:30:00-04:00,0.8399999737739563,0.8597999811172485,0.8299999833106995,0.8597999811172485,5283,0.0,0.0
2023-03-22 11:30:00-04:00,0.8299999833106995,0.8478999733924866,0.8299999833106995,0.8299999833106995,7887,0.0,0.0
2023-03-22 12:30:00-04:00,0.8299999833106995,0.8389999866485596,0.8299999833106995,0.8299999833106995,1944,0.0,0.0
2023-03-22 13:30:00-04:00,0.8300999999046326,0.8479999899864197,0.8220000267028809,0.8220000267028809,3765,0.0,0.0
2023-03-22 14:30:00-04:00,0.8166009783744812,0.8479999899864197,0.8166000247001648,0.8229560256004333,5498,0.0,0.0
2023-03-22 15:30:00-04:00,0.8331000208854675,0.8460000157356262,0.8009999990463257,0.8009999990463257,6992,0.0,0.0
2023-03-23 09:30:00-04:00,0.8206999897956848,0.8219000101089478,0.8004999756813049,0.8004999756813049,15334,0.0,0.0
2023-03-23 10:30:00-04:00,0.8100000023841858,0.8399999737739563,0.8100000023841858,0.8101999759674072,10171,0.0,0.0
2023-03-23 11:30:00-04:00,0.8102999925613403,0.8201000094413757,0.800000011920929,0.800000011920929,26831,0.0,0.0
2023-03-23 12:30:00-04:00,0.8199999928474426,0.8306999802589417,0.800000011920929,0.800000011920929,21545,0.0,0.0
2023-03-23 13:30:00-04:00,0.800000011920929,0.8199999928474426,0.800000011920929,0.809499979019165,500,0.0,0.0
2023-03-23 14:30:00-04:00,0.8001000285148621,0.8185999989509583,0.7801010012626648,0.7993500232696533,9377,0.0,0.0
2023-03-23 15:30:00-04:00,0.7993500232696533,0.8185999989509583,0.7799999713897705,0.7957000136375427,20317,0.0,0.0
2023-03-24 09:30:00-04:00,0.7699999809265137,0.8084999918937683,0.7699999809265137,0.7799999713897705,29302,0.0,0.0
2023-03-24 10:30:00-04:00,0.7800999879837036,0.7915999889373779,0.7680000066757202,0.7850000262260437,12259,0.0,0.0
2023-03-24 11:30:00-04:00,0.7850009799003601,0.7865999937057495,0.7699999809265137,0.7865999937057495,12348,0.0,0.0
2023-03-24 12:30:00-04:00,0.786050021648407,0.800000011920929,0.7799999713897705,0.7900000214576721,5298,0.0,0.0
2023-03-24 13:30:00-04:00,0.7900000214576721,0.800000011920929,0.7702000141143799,0.800000011920929,17343,0.0,0.0
2023-03-24 14:30:00-04:00,0.7760999798774719,0.8100000023841858,0.7760999798774719,0.8100000023841858,0,0.0,0.0
2023-03-24 15:30:00-04:00,0.7700999975204468,0.7799990177154541,0.7649999856948853,0.7649999856948853,125026,0.0,0.0
2023-03-27 09:30:00-04:00,0.7649999856948853,0.8479999899864197,0.764611005783081,0.7901999950408936,38979,0.0,0.0
2023-03-27 10:30:00-04:00,0.7901999950408936,0.8479999899864197,0.7800999879837036,0.7900000214576721,22089,0.0,0.0
2023-03-27 11:30:00-04:00,0.7898989915847778,0.7900000214576721,0.7799999713897705,0.7799999713897705,3864,0.0,0.0
2023-03-27 12:30:00-04:00,0.7702000141143799,0.826898992061615,0.7610999941825867,0.826898992061615,13642,0.0,0.0
2023-03-27 13:30:00-04:00,0.8270000219345093,0.8270000219345093,0.7797999978065491,0.7799000144004822,7773,0.0,0.0
2023-03-27 14:30:00-04:00,0.8190000057220459,0.8190000057220459,0.772599995136261,0.772599995136261,9637,0.0,0.0
2023-03-27 15:30:00-04:00,0.7803000211715698,0.7803000211715698,0.7610999941825867,0.7620999813079834,4251,0.0,0.0
2023-03-28 09:30:00-04:00,0.7599999904632568,0.7870000004768372,0.7300000190734863,0.7599999904632568,65080,0.0,0.0
2023-03-28 10:30:00-04:00,0.7501000165939331,0.7728989720344543,0.7300000190734863,0.7699999809265137,45614,0.0,0.0
2023-03-28 11:30:00-04:00,0.7501000165939331,0.7678999900817871,0.7350999712944031,0.7495999932289124,4898,0.0,0.0
2023-03-28 12:30:00-04:00,0.7401000261306763,0.741100013256073,0.7333999872207642,0.7358999848365784,14447,0.0,0.0
2023-03-28 13:30:00-04:00,0.7360000014305115,0.741100013256073,0.7329999804496765,0.7329999804496765,20788,0.0,0.0
2023-03-28 14:30:00-04:00,0.7400000095367432,0.7628999948501587,0.722000002861023,0.7299000024795532,28652,0.0,0.0
2023-03-28 15:30:00-04:00,0.7299000024795532,0.7350999712944031,0.7034000158309937,0.722000002861023,42997,0.0,0.0
2023-03-29 09:30:00-04:00,0.7310000061988831,0.7897999882698059,0.7160000205039978,0.75,72587,0.0,0.0
2023-03-29 10:30:00-04:00,0.75,0.7849000096321106,0.7215999960899353,0.7232000231742859,16798,0.0,0.0
2023-03-29 11:30:00-04:00,0.7233009934425354,0.7897999882698059,0.7232000231742859,0.7260000109672546,7051,0.0,0.0
2023-03-29 12:30:00-04:00,0.7260000109672546,0.7398999929428101,0.7260000109672546,0.7261000275611877,7294,0.0,0.0
2023-03-29 13:30:00-04:00,0.7260000109672546,0.7398999929428101,0.7200000286102295,0.7279999852180481,13814,0.0,0.0
2023-03-29 14:30:00-04:00,0.7279999852180481,0.7398999929428101,0.7160000205039978,0.7300000190734863,31843,0.0,0.0
2023-03-29 15:30:00-04:00,0.7300000190734863,0.7347000241279602,0.7200999855995178,0.7347000241279602,17221,0.0,0.0
2023-03-30 09:30:00-04:00,0.7250000238418579,0.7556999921798706,0.7250000238418579,0.7472000122070312,9585,0.0,0.0
2023-03-30 10:30:00-04:00,0.7350000143051147,0.7351229786872864,0.7347000241279602,0.7347000241279602,15279,0.0,0.0
2023-03-30 11:30:00-04:00,0.7347999811172485,0.7347999811172485,0.7254999876022339,0.7254999876022339,5888,0.0,0.0
2023-03-30 12:30:00-04:00,0.7253999710083008,0.7300000190734863,0.7164000272750854,0.720300018787384,5526,0.0,0.0
2023-03-30 13:30:00-04:00,0.7203999757766724,0.7203999757766724,0.720300018787384,0.720300018787384,429,0.0,0.0
2023-03-30 14:30:00-04:00,0.7247499823570251,0.7350000143051147,0.720300018787384,0.7315999865531921,198056,0.0,0.0
2023-03-30 15:30:00-04:00,0.7315999865531921,0.7350000143051147,0.7281000018119812,0.7350000143051147,27543,0.0,0.0
2023-03-31 09:30:00-04:00,0.7400000095367432,0.7400000095367432,0.6980000138282776,0.699999988079071,73467,0.0,0.0
2023-03-31 10:30:00-04:00,0.7210000157356262,0.7400000095367432,0.699999988079071,0.7166000008583069,62314,0.0,0.0
2023-03-31 11:30:00-04:00,0.7379999756813049,0.7379999756813049,0.7009999752044678,0.715399980545044,9286,0.0,0.0
2023-03-31 12:30:00-04:00,0.7300000190734863,0.7360000014305115,0.7279989719390869,0.7360000014305115,5523,0.0,0.0
2023-03-31 13:30:00-04:00,0.7300000190734863,0.7300000190734863,0.7200999855995178,0.7235999703407288,3334,0.0,0.0
2023-03-31 14:30:00-04:00,0.7297999858856201,0.7358999848365784,0.7285599708557129,0.7285599708557129,1755,0.0,0.0
2023-03-31 15:30:00-04:00,0.7360000014305115,0.7360000014305115,0.7339990139007568,0.7360000014305115,1929,0.0,0.0
2023-04-03 09:30:00-04:00,0.734000027179718,0.7379990220069885,0.7330999970436096,0.7335000038146973,11679,0.0,0.0
2023-04-03 10:30:00-04:00,0.7336000204086304,0.7360000014305115,0.7268999814987183,0.7336000204086304,11580,0.0,0.0
2023-04-03 11:30:00-04:00,0.720300018787384,0.7335630059242249,0.7200000286102295,0.7268509864807129,7961,0.0,0.0
2023-04-03 12:30:00-04:00,0.7200999855995178,0.7268499732017517,0.7200000286102295,0.7200000286102295,1437,0.0,0.0
2023-04-03 13:30:00-04:00,0.7200000286102295,0.7260000109672546,0.7200000286102295,0.7200000286102295,2248,0.0,0.0
2023-04-03 14:30:00-04:00,0.7260000109672546,0.7319999933242798,0.720300018787384,0.7267000079154968,4567,0.0,0.0
2023-04-03 15:30:00-04:00,0.7214000225067139,0.7319999933242798,0.7178999781608582,0.7319999933242798,8566,0.0,0.0
2023-04-04 09:30:00-04:00,0.71670001745224,0.7499989867210388,0.7099000215530396,0.7138000130653381,11448,0.0,0.0
2023-04-04 10:30:00-04:00,0.7110999822616577,0.7369999885559082,0.7110000252723694,0.7228999733924866,6701,0.0,0.0
2023-04-04 11:30:00-04:00,0.7248989939689636,0.7250000238418579,0.7175999879837036,0.7250000238418579,5723,0.0,0.0
2023-04-04 12:30:00-04:00,0.7200000286102295,0.7329000234603882,0.7110999822616577,0.7195000052452087,13179,0.0,0.0
2023-04-04 13:30:00-04:00,0.7195490002632141,0.7279999852180481,0.7110999822616577,0.7112889885902405,4369,0.0,0.0
2023-04-04 14:30:00-04:00,0.7195490002632141,0.7279999852180481,0.7110999822616577,0.7279999852180481,6012,0.0,0.0
2023-04-04 15:30:00-04:00,0.722599983215332,0.7279999852180481,0.7099999785423279,0.7279999852180481,13057,0.0,0.0
2023-04-05 09:30:00-04:00,0.7260000109672546,0.7379999756813049,0.703000009059906,0.7290400266647339,6364,0.0,0.0
2023-04-05 10:30:00-04:00,0.7067000269889832,0.7261509895324707,0.7009999752044678,0.7099999785423279,42084,0.0,0.0
2023-04-05 11:30:00-04:00,0.7099999785423279,0.7199000120162964,0.699999988079071,0.7199000120162964,34229,0.0,0.0
2023-04-05 12:30:00-04:00,0.7200000286102295,0.7200000286102295,0.7096999883651733,0.7179999947547913,3880,0.0,0.0
2023-04-05 13:30:00-04:00,0.7178999781608582,0.7178999781608582,0.7070000171661377,0.7070000171661377,14823,0.0,0.0
2023-04-05 14:30:00-04:00,0.7090489864349365,0.7179999947547913,0.7001000046730042,0.7054600119590759,3887,0.0,0.0
2023-04-05 15:30:00-04:00,0.7098000049591064,0.7098000049591064,0.7001000046730042,0.7001000046730042,13068,0.0,0.0
2023-04-06 09:30:00-04:00,0.75,0.75,0.7099999785423279,0.7099999785423279,17190,0.0,0.0
2023-04-06 10:30:00-04:00,0.7100009918212891,0.7239999771118164,0.7099999785423279,0.7200000286102295,4801,0.0,0.0
2023-04-06 11:30:00-04:00,0.7174000144004822,0.7279999852180481,0.7174000144004822,0.7200999855995178,0,0.0,0.0
2023-04-06 12:30:00-04:00,0.7200000286102295,0.7279999852180481,0.7180430293083191,0.7239999771118164,29103,0.0,0.0
2023-04-06 13:30:00-04:00,0.7279000282287598,0.7279000282287598,0.7279000282287598,0.7279000282287598,161,0.0,0.0
2023-04-06 14:30:00-04:00,0.7117000222206116,0.7239999771118164,0.7116000056266785,0.7239999771118164,6657,0.0,0.0
2023-04-06 15:30:00-04:00,0.7258999943733215,0.7461000084877014,0.7116000056266785,0.7257999777793884,27310,0.0,0.0
2023-04-10 09:30:00-04:00,0.7099999785423279,0.7289999723434448,0.7049999833106995,0.7055000066757202,4138,0.0,0.0
2023-04-10 10:30:00-04:00,0.7050999999046326,0.7459999918937683,0.7050999999046326,0.7192999720573425,5107,0.0,0.0
2023-04-10 11:30:00-04:00,0.7272999882698059,0.7285000085830688,0.7099999785423279,0.7192999720573425,2386,0.0,0.0
2023-04-10 12:30:00-04:00,0.7192999720573425,0.7275000214576721,0.7192999720573425,0.7275000214576721,2504,0.0,0.0
2023-04-10 13:30:00-04:00,0.7279999852180481,0.7279999852180481,0.718999981880188,0.718999981880188,2074,0.0,0.0
2023-04-10 14:30:00-04:00,0.7299000024795532,0.7300000190734863,0.718999981880188,0.718999981880188,2804,0.0,0.0
2023-04-10 15:30:00-04:00,0.7297000288963318,0.7300000190734863,0.7099999785423279,0.7200999855995178,5720,0.0,0.0
2023-04-11 09:30:00-04:00,0.7289999723434448,0.7479000091552734,0.7195010185241699,0.7251999974250793,37250,0.0,0.0
2023-04-11 10:30:00-04:00,0.7253999710083008,0.7288990020751953,0.7182000279426575,0.7197999954223633,9284,0.0,0.0
2023-04-11 11:30:00-04:00,0.7166910171508789,0.7197999954223633,0.7166910171508789,0.7197999954223633,2773,0.0,0.0
2023-04-11 12:30:00-04:00,0.7174999713897705,0.7197999954223633,0.7120000123977661,0.7179999947547913,2885,0.0,0.0
2023-04-11 13:30:00-04:00,0.7269999980926514,0.7269999980926514,0.7196000218391418,0.7200000286102295,2894,0.0,0.0
2023-04-11 14:30:00-04:00,0.7268990278244019,0.7269999980926514,0.7199000120162964,0.7269999980926514,9166,0.0,0.0
2023-04-11 15:30:00-04:00,0.7269999980926514,0.7289999723434448,0.7160999774932861,0.7267000079154968,8071,0.0,0.0
2023-04-12 09:30:00-04:00,0.718500018119812,0.7501000165939331,0.7181000113487244,0.7501000165939331,24615,0.0,0.0
2023-04-12 10:30:00-04:00,0.7620000243186951,0.7620000243186951,0.7300000190734863,0.7300000190734863,6456,0.0,0.0
2023-04-12 11:30:00-04:00,0.7476999759674072,0.7476999759674072,0.7311400175094604,0.7400000095367432,10328,0.0,0.0
2023-04-12 12:30:00-04:00,0.746999979019165,0.746999979019165,0.7300000190734863,0.7379999756813049,789,0.0,0.0
2023-04-12 13:30:00-04:00,0.7477999925613403,0.7477999925613403,0.723800003528595,0.7239000201225281,9008,0.0,0.0
2023-04-12 14:30:00-04:00,0.722000002861023,0.7379999756813049,0.722000002861023,0.7300000190734863,11779,0.0,0.0
2023-04-12 15:30:00-04:00,0.7376000285148621,0.7459999918937683,0.718500018119812,0.718500018119812,17290,0.0,0.0
2023-04-13 09:30:00-04:00,0.7760000228881836,0.7760000228881836,0.7200000286102295,0.7350000143051147,30253,0.0,0.0
2023-04-13 10:30:00-04:00,0.7348989844322205,0.7469000220298767,0.7231000065803528,0.7421000003814697,30167,0.0,0.0
2023-04-13 11:30:00-04:00,0.75,0.75,0.7422999739646912,0.7497990131378174,13029,0.0,0.0
2023-04-13 12:30:00-04:00,0.7488999962806702,0.7488999962806702,0.7480000257492065,0.7484999895095825,1968,0.0,0.0
2023-04-13 13:30:00-04:00,0.7484999895095825,0.7484999895095825,0.7306010127067566,0.7484999895095825,6257,0.0,0.0
2023-04-13 14:30:00-04:00,0.7475000023841858,0.7484999895095825,0.7475000023841858,0.7484999895095825,1288,0.0,0.0
2023-04-13 15:30:00-04:00,0.7484999895095825,0.75,0.7336999773979187,0.7490000128746033,6904,0.0,0.0
2023-04-14 09:30:00-04:00,0.75,0.7799999713897705,0.7300000190734863,0.7300000190734863,25737,0.0,0.0
2023-04-14 10:30:00-04:00,0.7250999808311462,0.7519999742507935,0.7200000286102295,0.7519999742507935,24997,0.0,0.0
2023-04-14 11:30:00-04:00,0.7206000089645386,0.75,0.7206000089645386,0.7379999756813049,10019,0.0,0.0
2023-04-14 12:30:00-04:00,0.7377989888191223,0.7379000186920166,0.7300000190734863,0.7300999760627747,20854,0.0,0.0
2023-04-14 13:30:00-04:00,0.7336000204086304,0.7450000047683716,0.7206010222434998,0.7450000047683716,2033,0.0,0.0
2023-04-14 14:30:00-04:00,0.7479000091552734,0.7498999834060669,0.7300999760627747,0.7300999760627747,5328,0.0,0.0
2023-04-14 15:30:00-04:00,0.7300000190734863,0.7437999844551086,0.7202000021934509,0.7311999797821045,15399,0.0,0.0
2023-04-17 09:30:00-04:00,0.75,0.7520999908447266,0.7321000099182129,0.7520999908447266,3251,0.0,0.0
2023-04-17 10:30:00-04:00,0.7301009893417358,0.7520999908447266,0.7301009893417358,0.7331010103225708,5761,0.0,0.0
2023-04-17 11:30:00-04:00,0.7425490021705627,0.7639999985694885,0.7425490021705627,0.7465000152587891,1495,0.0,0.0
2023-04-17 12:30:00-04:00,0.7599999904632568,0.7599999904632568,0.7330999970436096,0.7347000241279602,14505,0.0,0.0
2023-04-17 13:30:00-04:00,0.7559999823570251,0.7559999823570251,0.7400000095367432,0.7422999739646912,4440,0.0,0.0
2023-04-17 14:30:00-04:00,0.7422999739646912,0.7559999823570251,0.7330999970436096,0.7445999979972839,20591,0.0,0.0
2023-04-17 15:30:00-04:00,0.7559999823570251,0.7559999823570251,0.7412949800491333,0.7491000294685364,3069,0.0,0.0
2023-04-18 09:30:00-04:00,0.7699999809265137,0.7902510166168213,0.75,0.7605000138282776,16138,0.0,0.0
2023-04-18 10:30:00-04:00,0.7858999967575073,0.7860000133514404,0.75,0.75,21485,0.0,0.0
2023-04-18 11:30:00-04:00,0.7799999713897705,0.7799999713897705,0.7501000165939331,0.7599999904632568,12566,0.0,0.0
2023-04-18 12:30:00-04:00,0.7599999904632568,0.7599999904632568,0.7501000165939331,0.7501000165939331,1655,0.0,0.0
2023-04-18 13:30:00-04:00,0.7474989891052246,0.7549999952316284,0.7474989891052246,0.7549999952316284,3494,0.0,0.0
2023-04-18 14:30:00-04:00,0.7445999979972839,0.7549999952316284,0.7400100231170654,0.7465010285377502,10005,0.0,0.0
2023-04-18 15:30:00-04:00,0.7519999742507935,0.7524999976158142,0.7400000095367432,0.7400000095367432,0,0.0,0.0
2023-04-19 09:30:00-04:00,0.7699999809265137,0.7712000012397766,0.7599999904632568,0.7639999985694885,33052,0.0,0.0
2023-04-19 10:30:00-04:00,0.7610999941825867,0.7630000114440918,0.7318000197410583,0.7360590100288391,23422,0.0,0.0
2023-04-19 11:30:00-04:00,0.7597000002861023,0.7618989944458008,0.7350000143051147,0.7350000143051147,7590,0.0,0.0
2023-04-19 12:30:00-04:00,0.7350000143051147,0.7548999786376953,0.7210999727249146,0.7401000261306763,89695,0.0,0.0
2023-04-19 13:30:00-04:00,0.7350500226020813,0.7400000095367432,0.7300999760627747,0.7398999929428101,7293,0.0,0.0
2023-04-19 14:30:00-04:00,0.7400000095367432,0.7499009966850281,0.7301099896430969,0.7499009966850281,63460,0.0,0.0
2023-04-19 15:30:00-04:00,0.7402999997138977,0.7459999918937683,0.7299000024795532,0.732699990272522,44879,0.0,0.0
2023-04-20 09:30:00-04:00,0.75,0.75,0.7210999727249146,0.7300000190734863,46433,0.0,0.0
2023-04-20 10:30:00-04:00,0.7300000190734863,0.7599999904632568,0.7300000190734863,0.7590000033378601,90035,0.0,0.0
2023-04-20 11:30:00-04:00,0.7501999735832214,0.7501999735832214,0.7450000047683716,0.7450000047683716,21001,0.0,0.0
2023-04-20 12:30:00-04:00,0.7451000213623047,0.75,0.7400000095367432,0.7408000230789185,9619,0.0,0.0
2023-04-20 13:30:00-04:00,0.7310000061988831,0.7406929731369019,0.7301999926567078,0.7354999780654907,5733,0.0,0.0
2023-04-20 14:30:00-04:00,0.7400000095367432,0.7400000095367432,0.7179999947547913,0.7179999947547913,74445,0.0,0.0
2023-04-20 15:30:00-04:00,0.7131999731063843,0.7176499962806702,0.6899999976158142,0.7089999914169312,38621,0.0,0.0
2023-04-21 09:30:00-04:00,0.6800000071525574,0.7139000296592712,0.6800000071525574,0.7139000296592712,21168,0.0,0.0
2023-04-21 10:30:00-04:00,0.7024999856948853,0.7178000211715698,0.7024999856948853,0.7069000005722046,15532,0.0,0.0
2023-04-21 11:30:00-04:00,0.7178000211715698,0.7200000286102295,0.7110000252723694,0.7178000211715698,7669,0.0,0.0
2023-04-21 12:30:00-04:00,0.7200000286102295,0.7360000014305115,0.7197999954223633,0.7197999954223633,5680,0.0,0.0
2023-04-21 13:30:00-04:00,0.7360000014305115,0.746999979019165,0.7197999954223633,0.742900013923645,39487,0.0,0.0
2023-04-21 14:30:00-04:00,0.7365000247955322,0.7821999788284302,0.7300999760627747,0.7599999904632568,91544,0.0,0.0
2023-04-21 15:30:00-04:00,0.7595000267028809,0.7601000070571899,0.7400000095367432,0.7501000165939331,15740,0.0,0.0
2023-04-24 09:30:00-04:00,0.7699999809265137,0.7818989753723145,0.7484999895095825,0.7486000061035156,53859,0.0,0.0
2023-04-24 10:30:00-04:00,0.7675999999046326,0.7802000045776367,0.7549999952316284,0.7562999725341797,115504,0.0,0.0
2023-04-24 11:30:00-04:00,0.7699999809265137,0.7802000045776367,0.756600022315979,0.7699999809265137,24922,0.0,0.0
2023-04-24 12:30:00-04:00,0.7700999975204468,0.7860000133514404,0.7699999809265137,0.7699999809265137,107995,0.0,0.0
2023-04-24 13:30:00-04:00,0.7699999809265137,0.7860000133514404,0.7560999989509583,0.7699999809265137,41785,0.0,0.0
2023-04-24 14:30:00-04:00,0.7833250164985657,0.9279999732971191,0.7699999809265137,0.8600000143051147,1608750,0.0,0.0
2023-04-24 15:30:00-04:00,0.8600000143051147,0.8899999856948853,0.8600000143051147,0.8883000016212463,348869,0.0,0.0
2023-04-25 09:30:00-04:00,0.8799999952316284,1.0199999809265137,0.8700000047683716,0.9449999928474426,1420978,0.0,0.0
2023-04-25 10:30:00-04:00,0.9449999928474426,0.9702000021934509,0.9100000262260437,0.9457499980926514,269444,0.0,0.0
2023-04-25 11:30:00-04:00,0.9488999843597412,0.9849990010261536,0.9426000118255615,0.9426000118255615,99349,0.0,0.0
2023-04-25 12:30:00-04:00,0.9426000118255615,0.9598000049591064,0.9399999976158142,0.9424999952316284,102790,0.0,0.0
2023-04-25 13:30:00-04:00,0.9424999952316284,0.9769999980926514,0.9359999895095825,0.9768000245094299,158223,0.0,0.0
2023-04-25 14:30:00-04:00,0.9767000079154968,0.9768999814987183,0.9581000208854675,0.9700000286102295,131972,0.0,0.0
2023-04-25 15:30:00-04:00,0.9700000286102295,0.9898999929428101,0.949999988079071,0.9589999914169312,200655,0.0,0.0
2023-04-26 09:30:00-04:00,0.987500011920929,1.0,0.9300000071525574,0.9300000071525574,268963,0.0,0.0
2023-04-26 10:30:00-04:00,0.9448999762535095,1.0,0.9300000071525574,0.9900000095367432,553234,0.0,0.0
2023-04-26 11:30:00-04:00,0.9976000189781189,1.1200000047683716,0.9900000095367432,1.034999966621399,1954733,0.0,0.0
2023-04-26 12:30:00-04:00,1.0300999879837036,1.090000033378601,1.0099999904632568,1.0475000143051147,247208,0.0,0.0
2023-04-26 13:30:00-04:00,1.0299999713897705,1.059999942779541,1.016800045967102,1.0399999618530273,420193,0.0,0.0
2023-04-26 14:30:00-04:00,1.0399999618530273,1.0499999523162842,1.0,1.0,252391,0.0,0.0
2023-04-26 15:30:00-04:00,1.0099999904632568,1.0299999713897705,0.9914000034332275,1.0099999904632568,134991,0.0,0.0
2023-04-27 09:30:00-04:00,1.0499999523162842,1.065000057220459,1.0099999904632568,1.0399999618530273,250665,0.0,0.0
2023-04-27 10:30:00-04:00,1.0399999618530273,1.059999942779541,1.0099999904632568,1.0499999523162842,108121,0.0,0.0
2023-04-27 11:30:00-04:00,1.0399999618530273,1.0499999523162842,1.0199999809265137,1.0299999713897705,62913,0.0,0.0
2023-04-27 12:30:00-04:00,1.0399999618530273,1.0499999523162842,1.0299999713897705,1.039199948310852,42286,0.0,0.0
2023-04-27 13:30:00-04:00,1.0399999618530273,1.0499999523162842,1.0099999904632568,1.0299999713897705,36358,0.0,0.0
2023-04-27 14:30:00-04:00,1.0298999547958374,1.0299999713897705,1.0099999904632568,1.0099999904632568,36332,0.0,0.0
2023-04-27 15:30:00-04:00,1.0149999856948853,1.0499999523162842,1.0099999904632568,1.0199999809265137,52211,0.0,0.0
2023-04-28 09:30:00-04:00,1.0099999904632568,1.0499999523162842,1.0099999904632568,1.0399999618530273,73672,0.0,0.0
2023-04-28 10:30:00-04:00,1.041700005531311,1.0499999523162842,1.010200023651123,1.0211000442504883,87785,0.0,0.0
2023-04-28 11:30:00-04:00,1.0299999713897705,1.0399999618530273,1.0199999809265137,1.0399999618530273,29142,0.0,0.0
2023-04-28 12:30:00-04:00,1.0299999713897705,1.0299999713897705,0.9800000190734863,0.9901000261306763,88953,0.0,0.0
2023-04-28 13:30:00-04:00,0.9962000250816345,1.0109000205993652,0.9787999987602234,0.9950000047683716,74585,0.0,0.0
2023-04-28 14:30:00-04:00,0.9950000047683716,1.0099999904632568,0.9700000286102295,0.9901999831199646,53816,0.0,0.0
2023-04-28 15:30:00-04:00,0.9951000213623047,1.0099999904632568,0.9900000095367432,1.0,31681,0.0,0.0
2023-05-01 09:30:00-04:00,1.0,1.0700000524520874,1.0,1.0099999904632568,296295,0.0,0.0
2023-05-01 10:30:00-04:00,1.0099999904632568,1.0499999523162842,1.0,1.0499000549316406,367990,0.0,0.0
2023-05-01 11:30:00-04:00,1.0499999523162842,1.0700000524520874,1.0099999904632568,1.0499999523162842,255961,0.0,0.0
2023-05-01 12:30:00-04:00,1.0499999523162842,1.1100000143051147,1.0399999618530273,1.090000033378601,299092,0.0,0.0
2023-05-01 13:30:00-04:00,1.0950000286102295,1.1299999952316284,1.0700000524520874,1.090000033378601,285677,0.0,0.0
2023-05-01 14:30:00-04:00,1.100000023841858,1.100000023841858,1.0800000429153442,1.100000023841858,90324,0.0,0.0
2023-05-01 15:30:00-04:00,1.100000023841858,1.1100000143051147,1.0800000429153442,1.0993000268936157,84870,0.0,0.0
2023-05-02 09:30:00-04:00,1.100000023841858,1.1598999500274658,1.0800000429153442,1.125,327626,0.0,0.0
2023-05-02 10:30:00-04:00,1.1145000457763672,1.149999976158142,1.090000033378601,1.1100000143051147,187522,0.0,0.0
2023-05-02 11:30:00-04:00,1.1086000204086304,1.1100000143051147,1.0800000429153442,1.090000033378601,42399,0.0,0.0
2023-05-02 12:30:00-04:00,1.090000033378601,1.1100000143051147,1.090000033378601,1.0994000434875488,25190,0.0,0.0
2023-05-02 13:30:00-04:00,1.100000023841858,1.1200000047683716,1.09089994430542,1.1050000190734863,80710,0.0,0.0
2023-05-02 14:30:00-04:00,1.100000023841858,1.1200000047683716,1.090000033378601,1.100000023841858,43196,0.0,0.0
2023-05-02 15:30:00-04:00,1.0937999486923218,1.1100000143051147,1.090000033378601,1.100000023841858,35897,0.0,0.0
2023-05-03 09:30:00-04:00,1.1100000143051147,1.1699999570846558,1.070099949836731,1.149999976158142,479607,0.0,0.0
2023-05-03 10:30:00-04:00,1.149999976158142,1.2599999904632568,1.1399999856948853,1.2252999544143677,331039,0.0,0.0
2023-05-03 11:30:00-04:00,1.225100040435791,1.309999942779541,1.2200000286102295,1.2999999523162842,293504,0.0,0.0
2023-05-03 12:30:00-04:00,1.2899999618530273,1.3199000358581543,1.2200000286102295,1.2400000095367432,165846,0.0,0.0
2023-05-03 13:30:00-04:00,1.2201000452041626,1.2699999809265137,1.2200000286102295,1.2400000095367432,78266,0.0,0.0
2023-05-03 14:30:00-04:00,1.2491999864578247,1.2599999904632568,1.190000057220459,1.2100000381469727,98265,0.0,0.0
2023-05-03 15:30:00-04:00,1.2000000476837158,1.2299000024795532,1.190000057220459,1.2000000476837158,54026,0.0,0.0
2023-05-04 09:30:00-04:00,1.2300000190734863,1.3799999952316284,1.2000000476837158,1.3799999952316284,397768,0.0,0.0
2023-05-04 10:30:00-04:00,1.3701000213623047,1.4700000286102295,1.2999999523162842,1.4601000547409058,487325,0.0,0.0
2023-05-04 11:30:00-04:00,1.4600000381469727,1.4900000095367432,1.3300000429153442,1.3450000286102295,720987,0.0,0.0
2023-05-04 12:30:00-04:00,1.3586000204086304,1.4500000476837158,1.340000033378601,1.4259999990463257,146635,0.0,0.0
2023-05-04 13:30:00-04:00,1.4205000400543213,1.4299999475479126,1.350000023841858,1.399999976158142,188757,0.0,0.0
2023-05-04 14:30:00-04:00,1.399899959564209,1.409999966621399,1.3600000143051147,1.3739999532699585,90273,0.0,0.0
2023-05-04 15:30:00-04:00,1.371999979019165,1.3899999856948853,1.3600000143051147,1.3600000143051147,75319,0.0,0.0
2023-05-05 09:30:00-04:00,1.350000023841858,1.4600000381469727,1.350000023841858,1.4500000476837158,412084,0.0,0.0
2023-05-05 10:30:00-04:00,1.440000057220459,1.4799000024795532,1.4199999570846558,1.4500000476837158,186750,0.0,0.0
2023-05-05 11:30:00-04:00,1.4499000310897827,1.5199999809265137,1.4450000524520874,1.5192999839782715,361614,0.0,0.0
2023-05-05 12:30:00-04:00,1.5198999643325806,1.7000000476837158,1.519700050354004,1.6612999439239502,509500,0.0,0.0
2023-05-05 13:30:00-04:00,1.6887999773025513,1.7599999904632568,1.5800000429153442,1.7350000143051147,533412,0.0,0.0
2023-05-05 14:30:00-04:00,1.7305999994277954,1.7791999578475952,1.6100000143051147,1.659999966621399,452263,0.0,0.0
2023-05-05 15:30:00-04:00,1.659999966621399,1.7200000286102295,1.649999976158142,1.6699999570846558,168313,0.0,0.0
2023-05-08 09:30:00-04:00,1.6200000047683716,1.75,1.3600000143051147,1.3700000047683716,2108504,0.0,0.0
2023-05-08 10:30:00-04:00,1.3700000047683716,1.6200000047683716,1.3532999753952026,1.570099949836731,990428,0.0,0.0
2023-05-08 11:30:00-04:00,1.570099949836731,1.6188000440597534,1.5700000524520874,1.5808000564575195,201184,0.0,0.0
2023-05-08 12:30:00-04:00,1.586400032043457,1.6399999856948853,1.5700000524520874,1.625,103344,0.0,0.0
2023-05-08 13:30:00-04:00,1.6299999952316284,1.659999966621399,1.5499999523162842,1.6100000143051147,174258,0.0,0.0
2023-05-08 14:30:00-04:00,1.590000033378601,1.6399999856948853,1.531000018119812,1.5427000522613525,160272,0.0,0.0
2023-05-08 15:30:00-04:00,1.541700005531311,1.559999942779541,1.5399999618530273,1.5449999570846558,222147,0.0,0.0
2023-05-09 09:30:00-04:00,1.5499999523162842,1.6399999856948853,1.5499999523162842,1.5901000499725342,272503,0.0,0.0
2023-05-09 10:30:00-04:00,1.5999000072479248,1.6699999570846558,1.5999000072479248,1.6150000095367432,157525,0.0,0.0
2023-05-09 11:30:00-04:00,1.6150000095367432,1.6385999917984009,1.5299999713897705,1.5809999704360962,162413,0.0,0.0
2023-05-09 12:30:00-04:00,1.590000033378601,1.75,1.559999942779541,1.75,706014,0.0,0.0
2023-05-09 13:30:00-04:00,1.7301000356674194,2.009999990463257,1.7301000356674194,1.8300000429153442,2148413,0.0,0.0
2023-05-09 14:30:00-04:00,1.8380999565124512,1.9500000476837158,1.809999942779541,1.8600000143051147,553148,0.0,0.0
2023-05-09 15:30:00-04:00,1.8676999807357788,2.009999990463257,1.86080002784729,1.9700000286102295,709865,0.0,0.0
2023-05-10 09:30:00-04:00,2.0,2.0,1.7899999618530273,1.899999976158142,1315288,0.0,0.0
2023-05-10 10:30:00-04:00,1.899999976158142,1.9500000476837158,1.8799999952316284,1.8942999839782715,242766,0.0,0.0
2023-05-10 11:30:00-04:00,1.8992999792099,1.909999966621399,1.8799999952316284,1.8897000551223755,96296,0.0,0.0
2023-05-10 12:30:00-04:00,1.8899999856948853,1.899999976158142,1.8799999952316284,1.8898999691009521,173491,0.0,0.0
2023-05-10 13:30:00-04:00,1.8899999856948853,1.899999976158142,1.7999999523162842,1.809999942779541,269864,0.0,0.0
2023-05-10 14:30:00-04:00,1.8016999959945679,1.899999976158142,1.7999999523162842,1.8650000095367432,152509,0.0,0.0
2023-05-10 15:30:00-04:00,1.8650000095367432,1.9199999570846558,1.8200000524520874,1.8700000047683716,497203,0.0,0.0
2023-05-11 09:30:00-04:00,1.7899999618530273,1.9500000476837158,1.7200000286102295,1.8799999952316284,797268,0.0,0.0
2023-05-11 10:30:00-04:00,1.8898999691009521,1.9800000190734863,1.840000033378601,1.8425999879837036,393873,0.0,0.0
2023-05-11 11:30:00-04:00,1.8700000047683716,1.9399000406265259,1.8493000268936157,1.899999976158142,137562,0.0,0.0
2023-05-11 12:30:00-04:00,1.899999976158142,1.909999966621399,1.8700000047683716,1.9049999713897705,122305,0.0,0.0
2023-05-11 13:30:00-04:00,1.9049999713897705,1.9198999404907227,1.8380000591278076,1.8380000591278076,238858,0.0,0.0
2023-05-11 14:30:00-04:00,1.840000033378601,1.8899999856948853,1.840000033378601,1.8799999952316284,75278,0.0,0.0
2023-05-11 15:30:00-04:00,1.8899999856948853,1.899999976158142,1.8700000047683716,1.899999976158142,79517,0.0,0.0
2023-05-12 09:30:00-04:00,1.8899999856948853,1.9384000301361084,1.75,1.850000023841858,295621,0.0,0.0
2023-05-12 10:30:00-04:00,1.8300000429153442,1.8600000143051147,1.7999999523162842,1.850000023841858,85759,0.0,0.0
2023-05-12 11:30:00-04:00,1.850000023841858,1.9700000286102295,1.8339999914169312,1.9299999475479126,389293,0.0,0.0
2023-05-12 12:30:00-04:00,1.9400999546051025,2.049999952316284,1.909999966621399,2.013000011444092,984090,0.0,0.0
2023-05-12 13:30:00-04:00,2.0137999057769775,2.0299999713897705,1.940000057220459,2.0,280097,0.0,0.0
2023-05-12 14:30:00-04:00,1.9700000286102295,2.0199999809265137,1.9299999475479126,1.9800000190734863,176354,0.0,0.0
2023-05-12 15:30:00-04:00,1.9800000190734863,1.9800000190734863,1.899999976158142,1.940000057220459,182363,0.0,0.0
2023-05-15 09:30:00-04:00,1.940000057220459,2.0,1.8600000143051147,1.8859000205993652,355463,0.0,0.0
2023-05-15 10:30:00-04:00,1.8899999856948853,1.9500000476837158,1.8600000143051147,1.8849999904632568,133964,0.0,0.0
2023-05-15 11:30:00-04:00,1.8940000534057617,1.9199999570846558,1.8600000143051147,1.8975000381469727,89399,0.0,0.0
2023-05-15 12:30:00-04:00,1.8982000350952148,1.8982000350952148,1.8200000524520874,1.875,229114,0.0,0.0
2023-05-15 13:30:00-04:00,1.8601000308990479,1.899999976158142,1.840000033378601,1.8753999471664429,188155,0.0,0.0
2023-05-15 14:30:00-04:00,1.875,1.8799999952316284,1.8300000429153442,1.850000023841858,78011,0.0,0.0
2023-05-15 15:30:00-04:00,1.8550000190734863,1.8600000143051147,1.8200000524520874,1.840000033378601,72500,0.0,0.0
2023-05-16 09:30:00-04:00,1.850000023841858,1.850000023841858,1.600000023841858,1.6399999856948853,969211,0.0,0.0
2023-05-16 10:30:00-04:00,1.659999966621399,1.6799999475479126,1.600000023841858,1.6449999809265137,425517,0.0,0.0
2023-05-16 11:30:00-04:00,1.6449999809265137,1.649999976158142,1.5600999593734741,1.6294000148773193,353370,0.0,0.0
2023-05-16 12:30:00-04:00,1.625,1.6399999856948853,1.6100000143051147,1.625,82707,0.0,0.0
2023-05-16 13:30:00-04:00,1.6276999711990356,1.6399999856948853,1.6100000143051147,1.6298999786376953,93010,0.0,0.0
2023-05-16 14:30:00-04:00,1.6298999786376953,1.6449999809265137,1.600000023841858,1.600100040435791,111485,0.0,0.0
2023-05-16 15:30:00-04:00,1.6200000047683716,1.6200000047683716,1.559999942779541,1.5800000429153442,219729,0.0,0.0
2023-05-17 09:30:00-04:00,1.5700000524520874,1.600000023841858,1.4199999570846558,1.4600000381469727,944434,0.0,0.0
2023-05-17 10:30:00-04:00,1.4550000429153442,1.5,1.4199999570846558,1.440000057220459,297381,0.0,0.0
2023-05-17 11:30:00-04:00,1.4599000215530396,1.5,1.440000057220459,1.4706000089645386,177622,0.0,0.0
2023-05-17 12:30:00-04:00,1.4713000059127808,1.5,1.4500000476837158,1.4850000143051147,112130,0.0,0.0
2023-05-17 13:30:00-04:00,1.4900000095367432,1.4975999593734741,1.4700000286102295,1.480299949645996,136787,0.0,0.0
2023-05-17 14:30:00-04:00,1.4850000143051147,1.4900000095367432,1.4500000476837158,1.465000033378601,226255,0.0,0.0
2023-05-17 15:30:00-04:00,1.465000033378601,1.4900000095367432,1.4500999450683594,1.4500999450683594,112114,0.0,0.0
2023-05-18 09:30:00-04:00,1.5099999904632568,1.5700000524520874,1.3799999952316284,1.4299999475479126,556143,0.0,0.0
2023-05-18 10:30:00-04:00,1.4306000471115112,1.438099980354309,1.3899999856948853,1.409999966621399,237628,0.0,0.0
2023-05-18 11:30:00-04:00,1.4194999933242798,1.4194999933242798,1.3899999856948853,1.409600019454956,133290,0.0,0.0
2023-05-18 12:30:00-04:00,1.399999976158142,1.4299999475479126,1.399999976158142,1.4075000286102295,137711,0.0,0.0
2023-05-18 13:30:00-04:00,1.409999966621399,1.4199999570846558,1.3799999952316284,1.3849999904632568,162822,0.0,0.0
2023-05-18 14:30:00-04:00,1.3849999904632568,1.3899999856948853,1.3300000429153442,1.350000023841858,257443,0.0,0.0
2023-05-18 15:30:00-04:00,1.3499000072479248,1.350000023841858,1.3391000032424927,1.340000033378601,226218,0.0,0.0
2023-05-19 09:30:00-04:00,1.350000023841858,1.409999966621399,1.3300000429153442,1.3839999437332153,154925,0.0,0.0
2023-05-19 10:30:00-04:00,1.3849999904632568,1.4299999475479126,1.350000023841858,1.3949999809265137,151191,0.0,0.0
2023-05-19 11:30:00-04:00,1.399999976158142,1.399999976158142,1.3799999952316284,1.3949999809265137,65763,0.0,0.0
2023-05-19 12:30:00-04:00,1.3949999809265137,1.3949999809265137,1.3300000429153442,1.3550000190734863,155403,0.0,0.0
2023-05-19 13:30:00-04:00,1.3550000190734863,1.3600000143051147,1.3300000429153442,1.350000023841858,106739,0.0,0.0
2023-05-19 14:30:00-04:00,1.350000023841858,1.3600000143051147,1.340000033378601,1.350000023841858,469117,0.0,0.0
2023-05-19 15:30:00-04:00,1.3526999950408936,1.3899999856948853,1.340000033378601,1.3899999856948853,643372,0.0,0.0
2023-05-22 09:30:00-04:00,1.350000023841858,1.4800000190734863,1.350000023841858,1.4700000286102295,404526,0.0,0.0
2023-05-22 10:30:00-04:00,1.465000033378601,1.4800000190734863,1.440000057220459,1.4455000162124634,114474,0.0,0.0
2023-05-22 11:30:00-04:00,1.4500000476837158,1.4800000190734863,1.4500000476837158,1.465000033378601,96141,0.0,0.0
2023-05-22 12:30:00-04:00,1.465000033378601,1.5049999952316284,1.4600000381469727,1.4850000143051147,202139,0.0,0.0
2023-05-22 13:30:00-04:00,1.48989999294281,1.5,1.475000023841858,1.4950000047683716,287571,0.0,0.0
2023-05-22 14:30:00-04:00,1.4926999807357788,1.5199999809265137,1.4800000190734863,1.5,190995,0.0,0.0
2023-05-22 15:30:00-04:00,1.5018999576568604,1.5199999809265137,1.5,1.5149999856948853,270443,0.0,0.0
2023-05-23 09:30:00-04:00,1.5199999809265137,1.559999942779541,1.5,1.5299999713897705,255131,0.0,0.0
2023-05-23 10:30:00-04:00,1.5240000486373901,1.559999942779541,1.5099999904632568,1.5592000484466553,127428,0.0,0.0
2023-05-23 11:30:00-04:00,1.5544999837875366,1.5599000453948975,1.5299999713897705,1.5484999418258667,88536,0.0,0.0
2023-05-23 12:30:00-04:00,1.5400999784469604,1.5700000524520874,1.475000023841858,1.475000023841858,185105,0.0,0.0
2023-05-23 13:30:00-04:00,1.475000023841858,1.4800000190734863,1.4600000381469727,1.4600000381469727,42079,0.0,0.0
2023-05-23 14:30:00-04:00,1.465000033378601,1.4800000190734863,1.4199999570846558,1.4399000406265259,112968,0.0,0.0
2023-05-23 15:30:00-04:00,1.434999942779541,1.4800000190734863,1.4299999475479126,1.4700000286102295,62832,0.0,0.0
2023-05-24 09:30:00-04:00,1.4600000381469727,1.5,1.3799999952316284,1.3899999856948853,208450,0.0,0.0
2023-05-24 10:30:00-04:00,1.3899999856948853,1.409999966621399,1.350000023841858,1.375,106283,0.0,0.0
2023-05-24 11:30:00-04:00,1.3794000148773193,1.409999966621399,1.3700000047683716,1.4049999713897705,69132,0.0,0.0
2023-05-24 12:30:00-04:00,1.409999966621399,1.440000057220459,1.399999976158142,1.4299999475479126,91550,0.0,0.0
2023-05-24 13:30:00-04:00,1.4299999475479126,1.434999942779541,1.4199999570846558,1.4199999570846558,20834,0.0,0.0
2023-05-24 14:30:00-04:00,1.4249999523162842,1.4299999475479126,1.4049999713897705,1.409999966621399,51409,0.0,0.0
2023-05-24 15:30:00-04:00,1.4198999404907227,1.4199999570846558,1.409999966621399,1.409999966621399,64624,0.0,0.0
2023-05-25 09:30:00-04:00,1.409999966621399,1.4421000480651855,1.3600000143051147,1.3789000511169434,102572,0.0,0.0
2023-05-25 10:30:00-04:00,1.378999948501587,1.3899999856948853,1.350000023841858,1.350100040435791,88925,0.0,0.0
2023-05-25 11:30:00-04:00,1.3526999950408936,1.3600000143051147,1.3206000328063965,1.3206000328063965,138249,0.0,0.0
2023-05-25 12:30:00-04:00,1.3299000263214111,1.3299000263214111,1.2599999904632568,1.2799999713897705,254942,0.0,0.0
2023-05-25 13:30:00-04:00,1.2799999713897705,1.3300000429153442,1.2799999713897705,1.309999942779541,84114,0.0,0.0
2023-05-25 14:30:00-04:00,1.2999999523162842,1.3279999494552612,1.25,1.2649999856948853,140523,0.0,0.0
2023-05-25 15:30:00-04:00,1.2649999856948853,1.2899999618530273,1.2549999952316284,1.2799999713897705,88689,0.0,0.0
2023-05-26 09:30:00-04:00,1.2799999713897705,1.3300000429153442,1.2599999904632568,1.2899999618530273,156792,0.0,0.0
2023-05-26 10:30:00-04:00,1.2999999523162842,1.3300000429153442,1.2700999975204468,1.284999966621399,75070,0.0,0.0
2023-05-26 11:30:00-04:00,1.284999966621399,1.3049999475479126,1.2799999713897705,1.2799999713897705,36541,0.0,0.0
2023-05-26 12:30:00-04:00,1.2799999713897705,1.2899999618530273,1.2599999904632568,1.284999966621399,43488,0.0,0.0
2023-05-26 13:30:00-04:00,1.2799999713897705,1.2899999618530273,1.190000057220459,1.2350000143051147,249303,0.0,0.0
2023-05-26 14:30:00-04:00,1.2350000143051147,1.2400000095367432,1.2100000381469727,1.2200000286102295,87774,0.0,0.0
2023-05-26 15:30:00-04:00,1.225000023841858,1.23989999294281,1.215000033378601,1.2300000190734863,82210,0.0,0.0
2023-05-30 09:30:00-04:00,1.25,1.2999999523162842,1.2000000476837158,1.249400019645691,254153,0.0,0.0
2023-05-30 10:30:00-04:00,1.25,1.309999942779541,1.2400000095367432,1.2562999725341797,156419,0.0,0.0
2023-05-30 11:30:00-04:00,1.2799999713897705,1.2999999523162842,1.2699999809265137,1.2999999523162842,23814,0.0,0.0
2023-05-30 12:30:00-04:00,1.2949999570846558,1.350000023841858,1.2949999570846558,1.323799967765808,121537,0.0,0.0
2023-05-30 13:30:00-04:00,1.3250000476837158,1.3550000190734863,1.309999942779541,1.3550000190734863,103179,0.0,0.0
2023-05-30 14:30:00-04:00,1.3550000190734863,1.3700000047683716,1.3350000381469727,1.3650000095367432,85822,0.0,0.0
2023-05-30 15:30:00-04:00,1.3650000095367432,1.399999976158142,1.350000023841858,1.3799999952316284,69989,0.0,0.0
2023-05-31 09:30:00-04:00,1.340000033378601,1.3899999856948853,1.2999999523162842,1.3014999628067017,152735,0.0,0.0
2023-05-31 10:30:00-04:00,1.3099000453948975,1.3300000429153442,1.3049999475479126,1.315000057220459,123831,0.0,0.0
2023-05-31 11:30:00-04:00,1.318600058555603,1.3200000524520874,1.26010000705719,1.284999966621399,100301,0.0,0.0
2023-05-31 12:30:00-04:00,1.284999966621399,1.2999999523162842,1.2699999809265137,1.2904000282287598,65988,0.0,0.0
2023-05-31 13:30:00-04:00,1.2899999618530273,1.309000015258789,1.2799999713897705,1.2999999523162842,48825,0.0,0.0
2023-05-31 14:30:00-04:00,1.3041000366210938,1.309999942779541,1.2899999618530273,1.3049999475479126,33583,0.0,0.0
2023-05-31 15:30:00-04:00,1.2999999523162842,1.3849999904632568,1.2999999523162842,1.309999942779541,188546,0.0,0.0
2023-06-01 09:30:00-04:00,1.159999966621399,1.2699999809265137,0.9534000158309937,1.2549999952316284,5441856,0.0,0.0
2023-06-01 10:30:00-04:00,1.250100016593933,1.2899999618530273,1.2000000476837158,1.284999966621399,542403,0.0,0.0
2023-06-01 11:30:00-04:00,1.2799999713897705,1.284999966621399,1.1725000143051147,1.1885000467300415,443063,0.0,0.0
2023-06-01 12:30:00-04:00,1.1799999475479126,1.2400000095367432,1.100000023841858,1.1193000078201294,953478,0.0,0.0
2023-06-01 13:30:00-04:00,1.1150000095367432,1.159999966621399,1.0400999784469604,1.0750000476837158,710609,0.0,0.0
2023-06-01 14:30:00-04:00,1.0750000476837158,1.1992000341415405,1.059999942779541,1.1299999952316284,389457,0.0,0.0
2023-06-01 15:30:00-04:00,1.1200000047683716,1.1299999952316284,1.100000023841858,1.1299999952316284,141463,0.0,0.0
2023-06-02 09:30:00-04:00,1.1200000047683716,1.159999966621399,1.0800000429153442,1.1506999731063843,338305,0.0,0.0
2023-06-02 10:30:00-04:00,1.1505000591278076,1.190000057220459,1.100000023841858,1.1100000143051147,314360,0.0,0.0
2023-06-02 11:30:00-04:00,1.1150000095367432,1.1200000047683716,1.059999942779541,1.090000033378601,357556,0.0,0.0
2023-06-02 12:30:00-04:00,1.090000033378601,1.1299999952316284,1.0850000381469727,1.1200000047683716,126700,0.0,0.0
2023-06-02 13:30:00-04:00,1.1109999418258667,1.159999966621399,1.1050000190734863,1.125,161958,0.0,0.0
2023-06-02 14:30:00-04:00,1.125,1.1389000415802002,1.1150000095367432,1.125,58158,0.0,0.0
2023-06-02 15:30:00-04:00,1.125,1.1449999809265137,1.1200000047683716,1.1349999904632568,58175,0.0,0.0
2023-06-05 09:30:00-04:00,1.1799999475479126,1.1799999475479126,1.100000023841858,1.1100000143051147,220491,0.0,0.0
2023-06-05 10:30:00-04:00,1.1050000190734863,1.1299999952316284,1.0800000429153442,1.1200000047683716,136161,0.0,0.0
2023-06-05 11:30:00-04:00,1.128000020980835,1.149999976158142,1.100000023841858,1.1299999952316284,244949,0.0,0.0
2023-06-05 12:30:00-04:00,1.1299999952316284,1.2200000286102295,1.1150000095367432,1.2192000150680542,316274,0.0,0.0
2023-06-05 13:30:00-04:00,1.215000033378601,1.2199000120162964,1.2000000476837158,1.2020000219345093,102569,0.0,0.0
2023-06-05 14:30:00-04:00,1.2050000429153442,1.2200000286102295,1.1699999570846558,1.190000057220459,169627,0.0,0.0
2023-06-05 15:30:00-04:00,1.2000000476837158,1.2000000476837158,1.1549999713897705,1.1699999570846558,134733,0.0,0.0
2023-06-06 09:30:00-04:00,1.1299999952316284,1.2000000476837158,1.1200000047683716,1.184999942779541,104490,0.0,0.0
2023-06-06 10:30:00-04:00,1.190000057220459,1.190000057220459,1.125,1.1449999809265137,292016,0.0,0.0
2023-06-06 11:30:00-04:00,1.149899959564209,1.1549999713897705,1.1399999856948853,1.149999976158142,43431,0.0,0.0
2023-06-06 12:30:00-04:00,1.149999976158142,1.149999976158142,1.1299999952316284,1.1399999856948853,115651,0.0,0.0
2023-06-06 13:30:00-04:00,1.1449999809265137,1.184999942779541,1.1399999856948853,1.1649999618530273,104621,0.0,0.0
2023-06-06 14:30:00-04:00,1.159999966621399,1.1799999475479126,1.149999976158142,1.1749999523162842,57410,0.0,0.0
2023-06-06 15:30:00-04:00,1.1749999523162842,1.2100000381469727,1.1699999570846558,1.1799999475479126,141184,0.0,0.0
2023-06-07 09:30:00-04:00,1.190000057220459,1.1999000310897827,1.1399999856948853,1.1708999872207642,129089,0.0,0.0
2023-06-07 10:30:00-04:00,1.1749999523162842,1.190000057220459,1.1699999570846558,1.1799999475479126,37798,0.0,0.0
2023-06-07 11:30:00-04:00,1.1799999475479126,1.190000057220459,1.1799999475479126,1.1799999475479126,14913,0.0,0.0
2023-06-07 12:30:00-04:00,1.184999942779541,1.2099000215530396,1.1799999475479126,1.2000000476837158,56268,0.0,0.0
2023-06-07 13:30:00-04:00,1.2000000476837158,1.2649999856948853,1.2000000476837158,1.2649999856948853,111289,0.0,0.0
2023-06-07 14:30:00-04:00,1.2649999856948853,1.2699999809265137,1.2400000095367432,1.2549999952316284,134502,0.0,0.0
2023-06-07 15:30:00-04:00,1.2549999952316284,1.2699999809265137,1.25,1.2599999904632568,62841,0.0,0.0
2023-06-08 09:30:00-04:00,1.2000000476837158,1.2400000095367432,1.149999976158142,1.1799999475479126,181726,0.0,0.0
2023-06-08 10:30:00-04:00,1.1785999536514282,1.1785999536514282,1.1100000143051147,1.1299999952316284,149767,0.0,0.0
2023-06-08 11:30:00-04:00,1.1299999952316284,1.1383999586105347,1.1100000143051147,1.1100000143051147,74937,0.0,0.0
2023-06-08 12:30:00-04:00,1.1100000143051147,1.1299999952316284,1.1050000190734863,1.1100000143051147,199070,0.0,0.0
2023-06-08 13:30:00-04:00,1.1100000143051147,1.1200000047683716,1.100000023841858,1.1050000190734863,178002,0.0,0.0
2023-06-08 14:30:00-04:00,1.1083999872207642,1.1200000047683716,1.0700000524520874,1.0700000524520874,166623,0.0,0.0
2023-06-08 15:30:00-04:00,1.0700000524520874,1.0950000286102295,1.0700000524520874,1.0800000429153442,165463,0.0,0.0
2023-06-09 09:30:00-04:00,1.0800000429153442,1.0999000072479248,1.0499999523162842,1.0549999475479126,399416,0.0,0.0
2023-06-09 10:30:00-04:00,1.0599000453948975,1.065000057220459,1.0399999618530273,1.0539000034332275,144142,0.0,0.0
2023-06-09 11:30:00-04:00,1.059999942779541,1.065000057220459,1.0399999618530273,1.0499999523162842,58209,0.0,0.0
2023-06-09 12:30:00-04:00,1.0499999523162842,1.059999942779541,1.0499999523162842,1.0549999475479126,26699,0.0,0.0
2023-06-09 13:30:00-04:00,1.059999942779541,1.059999942779541,1.0499999523162842,1.0549999475479126,21195,0.0,0.0
2023-06-09 14:30:00-04:00,1.0499999523162842,1.059999942779541,1.0099999904632568,1.0256999731063843,376840,0.0,0.0
2023-06-09 15:30:00-04:00,1.029099941253662,1.0299999713897705,1.0,1.0,318926,0.0,0.0
2023-06-12 09:30:00-04:00,1.0199999809265137,1.0199999809265137,0.9239000082015991,0.9545999765396118,680262,0.0,0.0
2023-06-12 10:30:00-04:00,0.9573000073432922,0.9714999794960022,0.9200000166893005,0.9340000152587891,309405,0.0,0.0
2023-06-12 11:30:00-04:00,0.9369500279426575,0.9369999766349792,0.9010000228881836,0.9049999713897705,291194,0.0,0.0
2023-06-12 12:30:00-04:00,0.9049999713897705,0.9164999723434448,0.9010000228881836,0.9099000096321106,126198,0.0,0.0
2023-06-12 13:30:00-04:00,0.9075000286102295,0.9169899821281433,0.8600000143051147,0.8712999820709229,518003,0.0,0.0
2023-06-12 14:30:00-04:00,0.8634999990463257,0.9045000076293945,0.8579999804496765,0.8799999952316284,242555,0.0,0.0
2023-06-12 15:30:00-04:00,0.8799999952316284,0.8888999819755554,0.864799976348877,0.8765000104904175,132811,0.0,0.0
2023-06-13 09:30:00-04:00,0.9200000166893005,0.9248999953269958,0.8765000104904175,0.9143999814987183,166897,0.0,0.0
2023-06-13 10:30:00-04:00,0.9060999751091003,0.949999988079071,0.9049999713897705,0.9070000052452087,183233,0.0,0.0
2023-06-13 11:30:00-04:00,0.9367989897727966,0.9367989897727966,0.9049999713897705,0.9208999872207642,76153,0.0,0.0
2023-06-13 12:30:00-04:00,0.910099983215332,1.1799999475479126,0.910099983215332,1.1200000047683716,4047807,0.0,0.0
2023-06-13 13:30:00-04:00,1.1200000047683716,1.159999966621399,1.0399999618530273,1.0750000476837158,1770205,0.0,0.0
2023-06-13 14:30:00-04:00,1.0721999406814575,1.100000023841858,1.059999942779541,1.090499997138977,90400,0.0,0.0
2023-06-13 15:30:00-04:00,1.0950000286102295,1.100000023841858,0.9801999926567078,1.0039000511169434,530408,0.0,0.0
2023-06-14 09:30:00-04:00,1.0099999904632568,1.1100000143051147,0.9800000190734863,1.0800000429153442,474376,0.0,0.0
2023-06-14 10:30:00-04:00,1.0892000198364258,1.1050000190734863,1.0499999523162842,1.0505000352859497,215652,0.0,0.0
2023-06-14 11:30:00-04:00,1.0549999475479126,1.0700000524520874,1.0199999809265137,1.0499999523162842,88519,0.0,0.0
2023-06-14 12:30:00-04:00,1.0399999618530273,1.059999942779541,1.0399999618530273,1.059999942779541,94935,0.0,0.0
2023-06-14 13:30:00-04:00,1.059999942779541,1.100000023841858,1.0449999570846558,1.090000033378601,343949,0.0,0.0
2023-06-14 14:30:00-04:00,1.0850000381469727,1.1100000143051147,1.0800000429153442,1.0950000286102295,166378,0.0,0.0
2023-06-14 15:30:00-04:00,1.0989999771118164,1.100000023841858,1.0700000524520874,1.0800000429153442,76084,0.0,0.0
2023-06-15 09:30:00-04:00,1.0800000429153442,1.1399999856948853,1.0700000524520874,1.100000023841858,192891,0.0,0.0
2023-06-15 10:30:00-04:00,1.100000023841858,1.1299999952316284,1.0800000429153442,1.0800000429153442,104981,0.0,0.0
2023-06-15 11:30:00-04:00,1.090000033378601,1.090000033378601,1.059999942779541,1.0693000555038452,100383,0.0,0.0
2023-06-15 12:30:00-04:00,1.065000057220459,1.0950000286102295,1.059999942779541,1.059999942779541,58294,0.0,0.0
2023-06-15 13:30:00-04:00,1.059999942779541,1.100000023841858,1.0499999523162842,1.0700000524520874,78530,0.0,0.0
2023-06-15 14:30:00-04:00,1.070099949836731,1.0950000286102295,1.0499999523162842,1.0549999475479126,82583,0.0,0.0
2023-06-15 15:30:00-04:00,1.0549999475479126,1.090000033378601,1.0549999475479126,1.0800000429153442,84940,0.0,0.0
2023-06-16 09:30:00-04:00,1.059999942779541,1.090000033378601,1.0199999809265137,1.0299999713897705,254078,0.0,0.0
2023-06-16 10:30:00-04:00,1.0297000408172607,1.059999942779541,1.0,1.0549999475479126,129576,0.0,0.0
2023-06-16 11:30:00-04:00,1.059999942779541,1.0800000429153442,1.0,1.0399999618530273,98962,0.0,0.0
2023-06-16 12:30:00-04:00,1.034999966621399,1.0399999618530273,1.0149999856948853,1.024999976158142,37465,0.0,0.0
2023-06-16 13:30:00-04:00,1.024999976158142,1.0299999713897705,1.0110000371932983,1.024999976158142,51647,0.0,0.0
2023-06-16 14:30:00-04:00,1.024999976158142,1.0399999618530273,1.0194000005722046,1.0194000005722046,60892,0.0,0.0
2023-06-16 15:30:00-04:00,1.0199999809265137,1.0399999618530273,1.0199999809265137,1.0299999713897705,33524,0.0,0.0
2023-06-20 09:30:00-04:00,1.0,1.0499999523162842,1.0,1.0149999856948853,73617,0.0,0.0
2023-06-20 10:30:00-04:00,1.0099999904632568,1.0149999856948853,0.9649999737739563,0.9649999737739563,237257,0.0,0.0
2023-06-20 11:30:00-04:00,0.9800000190734863,1.0,0.9679999947547913,0.9919999837875366,60178,0.0,0.0
2023-06-20 12:30:00-04:00,0.9919999837875366,1.0099999904632568,0.9854999780654907,1.0049999952316284,76255,0.0,0.0
2023-06-20 13:30:00-04:00,1.0049999952316284,1.0299999713897705,1.0,1.0199999809265137,78969,0.0,0.0
2023-06-20 14:30:00-04:00,1.0199999809265137,1.0199999809265137,1.0099999904632568,1.0149999856948853,14898,0.0,0.0
2023-06-20 15:30:00-04:00,1.0149999856948853,1.0299999713897705,1.0,1.0099999904632568,81433,0.0,0.0
2023-06-21 09:30:00-04:00,0.9800000190734863,0.9900000095367432,0.9100000262260437,0.9301009774208069,370023,0.0,0.0
2023-06-21 10:30:00-04:00,0.9397000074386597,0.9397000074386597,0.9204000234603882,0.9251000285148621,115606,0.0,0.0
2023-06-21 11:30:00-04:00,0.9251999855041504,0.9898999929428101,0.9251000285148621,0.9634000062942505,147371,0.0,0.0
2023-06-21 12:30:00-04:00,0.9635009765625,0.9772999882698059,0.9599999785423279,0.9644010066986084,77110,0.0,0.0
2023-06-21 13:30:00-04:00,0.9645000100135803,0.9950000047683716,0.9643999934196472,0.9903249740600586,59435,0.0,0.0
2023-06-21 14:30:00-04:00,0.9901999831199646,0.9998999834060669,0.9753999710083008,0.983299970626831,57061,0.0,0.0
2023-06-21 15:30:00-04:00,0.9854000210762024,0.9872000217437744,0.9700000286102295,0.9735999703407288,58721,0.0,0.0
2023-06-22 09:30:00-04:00,0.9817000031471252,0.9817000031471252,0.9200999736785889,0.9301000237464905,156882,0.0,0.0
2023-06-22 10:30:00-04:00,0.9300000071525574,0.9301000237464905,0.8996999859809875,0.9251009821891785,229362,0.0,0.0
2023-06-22 11:30:00-04:00,0.9251000285148621,0.9419999718666077,0.9200000166893005,0.92010098695755,49125,0.0,0.0
2023-06-22 12:30:00-04:00,0.920199990272522,0.9348999857902527,0.8996999859809875,0.9222000241279602,145453,0.0,0.0
2023-06-22 13:30:00-04:00,0.9120000004768372,0.92330002784729,0.9100000262260437,0.9100000262260437,79616,0.0,0.0
2023-06-22 14:30:00-04:00,0.9100000262260437,0.9129999876022339,0.8999999761581421,0.8999999761581421,129720,0.0,0.0
2023-06-22 15:30:00-04:00,0.9006999731063843,0.9082000255584717,0.8999999761581421,0.902899980545044,174037,0.0,0.0
2023-06-23 09:30:00-04:00,0.8799999952316284,0.9099000096321106,0.8600000143051147,0.8999999761581421,163333,0.0,0.0
2023-06-23 10:30:00-04:00,0.8999999761581421,0.9053000211715698,0.8899999856948853,0.8960999846458435,42274,0.0,0.0
2023-06-23 11:30:00-04:00,0.8902000188827515,0.9010000228881836,0.8902000188827515,0.9010000228881836,50161,0.0,0.0
2023-06-23 12:30:00-04:00,0.9000009894371033,0.9096999764442444,0.8899999856948853,0.8899999856948853,64758,0.0,0.0
2023-06-23 13:30:00-04:00,0.8899999856948853,0.9089999794960022,0.8759999871253967,0.8770999908447266,185639,0.0,0.0
2023-06-23 14:30:00-04:00,0.8770999908447266,0.8809000253677368,0.8500000238418579,0.8694000244140625,221193,0.0,0.0
2023-06-23 15:30:00-04:00,0.8600000143051147,0.879800021648407,0.8600000143051147,0.8608999848365784,44166,0.0,0.0
2023-06-26 09:30:00-04:00,0.8500000238418579,0.8700000047683716,0.8349999785423279,0.8349999785423279,193595,0.0,0.0
2023-06-26 10:30:00-04:00,0.8349999785423279,0.835099995136261,0.8199999928474426,0.8220000267028809,144202,0.0,0.0
2023-06-26 11:30:00-04:00,0.8220000267028809,0.8220999836921692,0.8003000020980835,0.8100500106811523,77116,0.0,0.0
2023-06-26 12:30:00-04:00,0.8090000152587891,0.8100000023841858,0.800000011920929,0.8001999855041504,78983,0.0,0.0
2023-06-26 13:30:00-04:00,0.8002009987831116,0.8080000281333923,0.7900999784469604,0.8050000071525574,153959,0.0,0.0
2023-06-26 14:30:00-04:00,0.8043000102043152,0.8061000108718872,0.7753000259399414,0.7962999939918518,256639,0.0,0.0
2023-06-26 15:30:00-04:00,0.7968000173568726,0.7972999811172485,0.7770000100135803,0.7851999998092651,203608,0.0,0.0
2023-06-27 09:30:00-04:00,0.7699999809265137,0.7949510216712952,0.7699999809265137,0.7702000141143799,89208,0.0,0.0
2023-06-27 10:30:00-04:00,0.7742999792098999,0.796999990940094,0.7699999809265137,0.7896000146865845,36502,0.0,0.0
2023-06-27 11:30:00-04:00,0.7896999716758728,0.8044999837875366,0.7800999879837036,0.7877500057220459,120978,0.0,0.0
2023-06-27 12:30:00-04:00,0.7878000140190125,0.8016999959945679,0.7857000231742859,0.7888000011444092,67173,0.0,0.0
2023-06-27 13:30:00-04:00,0.7986000180244446,0.8008000254631042,0.7886999845504761,0.7971000075340271,52685,0.0,0.0
2023-06-27 14:30:00-04:00,0.7971000075340271,0.7994999885559082,0.7886999845504761,0.7889000177383423,54460,0.0,0.0
2023-06-27 15:30:00-04:00,0.7888000011444092,0.7968999743461609,0.7793999910354614,0.7879999876022339,48636,0.0,0.0
2023-06-28 09:30:00-04:00,0.7799999713897705,0.7998999953269958,0.7799999713897705,0.7871000170707703,30303,0.0,0.0
2023-06-28 10:30:00-04:00,0.794700026512146,0.8051000237464905,0.7843000292778015,0.7968000173568726,24449,0.0,0.0
2023-06-28 11:30:00-04:00,0.8016999959945679,0.8075000047683716,0.7929999828338623,0.7998999953269958,33261,0.0,0.0
2023-06-28 12:30:00-04:00,0.7929999828338623,0.7989000082015991,0.782800018787384,0.7928000092506409,62425,0.0,0.0
2023-06-28 13:30:00-04:00,0.7942000031471252,0.798799991607666,0.7900000214576721,0.7900000214576721,12968,0.0,0.0
2023-06-28 14:30:00-04:00,0.7967990040779114,0.7967990040779114,0.7860000133514404,0.7922999858856201,21638,0.0,0.0
2023-06-28 15:30:00-04:00,0.7924000024795532,0.805899977684021,0.7921000123023987,0.8041999936103821,36550,0.0,0.0
2023-06-29 09:30:00-04:00,0.8100000023841858,0.8295999765396118,0.800000011920929,0.8001000285148621,67117,0.0,0.0
2023-06-29 10:30:00-04:00,0.8001000285148621,0.8100000023841858,0.7821999788284302,0.7958999872207642,153974,0.0,0.0
2023-06-29 11:30:00-04:00,0.7965999841690063,0.809499979019165,0.7900000214576721,0.7908999919891357,116776,0.0,0.0
2023-06-29 12:30:00-04:00,0.7941499948501587,0.802299976348877,0.7910000085830688,0.7979999780654907,9660,0.0,0.0
2023-06-29 13:30:00-04:00,0.7940999865531921,0.8058000206947327,0.7940000295639038,0.7940000295639038,62889,0.0,0.0
2023-06-29 14:30:00-04:00,0.794700026512146,0.8100000023841858,0.7940000295639038,0.8011000156402588,55898,0.0,0.0
2023-06-29 15:30:00-04:00,0.8012999892234802,0.8057000041007996,0.7940999865531921,0.7968000173568726,41889,0.0,0.0
2023-06-30 09:30:00-04:00,0.8199999928474426,0.8700000047683716,0.8100000023841858,0.8201000094413757,223773,0.0,0.0
2023-06-30 10:30:00-04:00,0.8255000114440918,0.8379999995231628,0.8255000114440918,0.8310999870300293,15291,0.0,0.0
2023-06-30 11:30:00-04:00,0.8299999833106995,0.8364999890327454,0.8201000094413757,0.8303009867668152,21514,0.0,0.0
2023-06-30 12:30:00-04:00,0.8339999914169312,0.8668000102043152,0.8303999900817871,0.854200005531311,52045,0.0,0.0
2023-06-30 13:30:00-04:00,0.854200005531311,0.9099000096321106,0.8500000238418579,0.8968999981880188,111541,0.0,0.0
2023-06-30 14:30:00-04:00,0.9077000021934509,0.9096999764442444,0.8601999878883362,0.8754000067710876,107886,0.0,0.0
2023-06-30 15:30:00-04:00,0.8755000233650208,0.8849999904632568,0.8601999878883362,0.8603000044822693,57314,0.0,0.0
2023-07-03 09:30:00-04:00,0.8910999894142151,0.9060999751091003,0.862500011920929,0.8735499978065491,106218,0.0,0.0
2023-07-03 10:30:00-04:00,0.8735499978065491,0.8773999810218811,0.8500000238418579,0.8529999852180481,89083,0.0,0.0
2023-07-03 11:30:00-04:00,0.8598999977111816,0.8600000143051147,0.8519999980926514,0.8521000146865845,19499,0.0,0.0
2023-07-05 09:30:00-04:00,0.8863000273704529,0.8999000191688538,0.8799999952316284,0.8849999904632568,144068,0.0,0.0
2023-07-05 10:30:00-04:00,0.8902999758720398,0.8902999758720398,0.8508999943733215,0.8629999756813049,76266,0.0,0.0
2023-07-05 11:30:00-04:00,0.8665000200271606,0.8769000172615051,0.8500000238418579,0.8769000172615051,100236,0.0,0.0
2023-07-05 12:30:00-04:00,0.8769000172615051,0.8769000172615051,0.8600000143051147,0.873989999294281,16420,0.0,0.0
2023-07-05 13:30:00-04:00,0.8740000128746033,0.876800000667572,0.8650000095367432,0.8650000095367432,10510,0.0,0.0
2023-07-05 14:30:00-04:00,0.8733999729156494,0.8763999938964844,0.8555999994277954,0.8601999878883362,108038,0.0,0.0
2023-07-05 15:30:00-04:00,0.8700000047683716,0.876800000667572,0.8604000210762024,0.8684499859809875,84275,0.0,0.0
2023-07-06 09:30:00-04:00,0.8799999952316284,0.8799999952316284,0.8199999928474426,0.824999988079071,158610,0.0,0.0
2023-07-06 10:30:00-04:00,0.824999988079071,0.8439000248908997,0.8199999928474426,0.8373000025749207,109807,0.0,0.0
2023-07-06 11:30:00-04:00,0.8393999934196472,0.8398000001907349,0.8209999799728394,0.8215000033378601,134110,0.0,0.0
2023-07-06 12:30:00-04:00,0.8218989968299866,0.8319000005722046,0.8029999732971191,0.8080000281333923,219295,0.0,0.0
2023-07-06 13:30:00-04:00,0.8100000023841858,0.8100000023841858,0.7935000061988831,0.7950009703636169,160575,0.0,0.0
2023-07-06 14:30:00-04:00,0.7954999804496765,0.7990000247955322,0.7807000279426575,0.784250020980835,317594,0.0,0.0
2023-07-06 15:30:00-04:00,0.784250020980835,0.7986000180244446,0.7777000069618225,0.7872999906539917,154512,0.0,0.0
2023-07-07 09:30:00-04:00,0.8100000023841858,0.8100000023841858,0.7829999923706055,0.8001009821891785,200748,0.0,0.0
2023-07-07 10:30:00-04:00,0.800000011920929,0.8133999705314636,0.800000011920929,0.8029999732971191,99619,0.0,0.0
2023-07-07 11:30:00-04:00,0.8029999732971191,0.8190000057220459,0.8029999732971191,0.8090999722480774,30784,0.0,0.0
2023-07-07 12:30:00-04:00,0.8090999722480774,0.8169999718666077,0.8047000169754028,0.8072999715805054,77370,0.0,0.0
2023-07-07 13:30:00-04:00,0.8072999715805054,0.8149999976158142,0.7930999994277954,0.7995499968528748,47502,0.0,0.0
2023-07-07 14:30:00-04:00,0.7956799864768982,0.8098000288009644,0.7956799864768982,0.809499979019165,25119,0.0,0.0
2023-07-07 15:30:00-04:00,0.8095999956130981,0.828000009059906,0.8061000108718872,0.8181999921798706,77233,0.0,0.0
2023-07-10 09:30:00-04:00,0.8199999928474426,0.8371999859809875,0.800000011920929,0.8299999833106995,131624,0.0,0.0
2023-07-10 10:30:00-04:00,0.835798978805542,0.8384000062942505,0.8199999928474426,0.8382999897003174,60729,0.0,0.0
2023-07-10 11:30:00-04:00,0.8371999859809875,0.8500000238418579,0.8296999931335449,0.8299999833106995,60848,0.0,0.0
2023-07-10 12:30:00-04:00,0.8299999833106995,0.8500000238418579,0.8201000094413757,0.8331000208854675,72224,0.0,0.0
2023-07-10 13:30:00-04:00,0.8460999727249146,0.8626000285148621,0.8274999856948853,0.8626000285148621,78369,0.0,0.0
2023-07-10 14:30:00-04:00,0.8564000129699707,0.869799017906189,0.8446000218391418,0.8500000238418579,117686,0.0,0.0
2023-07-10 15:30:00-04:00,0.8399999737739563,0.8501999974250793,0.8299999833106995,0.8363999724388123,60212,0.0,0.0
2023-07-11 09:30:00-04:00,0.8500000238418579,0.8575000166893005,0.8100000023841858,0.8118100166320801,175078,0.0,0.0
2023-07-11 10:30:00-04:00,0.828000009059906,0.8379999995231628,0.8199999928474426,0.8302000164985657,89601,0.0,0.0
2023-07-11 11:30:00-04:00,0.8299999833106995,0.8385999798774719,0.8278999924659729,0.8385999798774719,62506,0.0,0.0
2023-07-11 12:30:00-04:00,0.8360000252723694,0.8465989828109741,0.8251000046730042,0.8269000053405762,102641,0.0,0.0
2023-07-11 13:30:00-04:00,0.8268499970436096,0.8355000019073486,0.8267999887466431,0.8270000219345093,51326,0.0,0.0
2023-07-11 14:30:00-04:00,0.8288099765777588,0.8579999804496765,0.824999988079071,0.8478000164031982,102789,0.0,0.0
2023-07-11 15:30:00-04:00,0.8478000164031982,0.8506990075111389,0.8109999895095825,0.8299999833106995,202944,0.0,0.0
2023-07-12 09:30:00-04:00,0.8600000143051147,0.8698999881744385,0.824999988079071,0.8375999927520752,119591,0.0,0.0
2023-07-12 10:30:00-04:00,0.8375999927520752,0.8438000082969666,0.8299999833106995,0.8339999914169312,28379,0.0,0.0
2023-07-12 11:30:00-04:00,0.8339999914169312,0.8457990288734436,0.8339999914169312,0.8371000289916992,39668,0.0,0.0
2023-07-12 12:30:00-04:00,0.8371000289916992,0.84579998254776,0.8339999914169312,0.8349000215530396,42578,0.0,0.0
2023-07-12 13:30:00-04:00,0.8374999761581421,0.8500000238418579,0.8339999914169312,0.8456000089645386,96167,0.0,0.0
2023-07-12 14:30:00-04:00,0.8454999923706055,0.8880000114440918,0.839900016784668,0.875,213030,0.0,0.0
2023-07-12 15:30:00-04:00,0.8809999823570251,0.8845999836921692,0.86080002784729,0.8705999851226807,106466,0.0,0.0
2023-07-13 09:30:00-04:00,0.886900007724762,0.8998990058898926,0.8508999943733215,0.8855999708175659,58322,0.0,0.0
2023-07-13 10:30:00-04:00,0.8830999732017517,0.8949999809265137,0.8712000250816345,0.8715999722480774,59777,0.0,0.0
2023-07-13 11:30:00-04:00,0.8920000195503235,0.9300000071525574,0.8712000250816345,0.9100000262260437,294701,0.0,0.0
2023-07-13 12:30:00-04:00,0.9150000214576721,0.9199000000953674,0.9010999798774719,0.9199000000953674,20766,0.0,0.0
2023-07-13 13:30:00-04:00,0.9165499806404114,0.9200000166893005,0.875,0.8952000141143799,78622,0.0,0.0
2023-07-13 14:30:00-04:00,0.8952000141143799,0.9194999933242798,0.8927000164985657,0.9060999751091003,101777,0.0,0.0
2023-07-13 15:30:00-04:00,0.8927000164985657,0.9200000166893005,0.8927000164985657,0.9151999950408936,63994,0.0,0.0
2023-07-14 09:30:00-04:00,0.9200000166893005,0.9300000071525574,0.8733999729156494,0.8799999952316284,184994,0.0,0.0
2023-07-14 10:30:00-04:00,0.8799999952316284,0.9049999713897705,0.8799999952316284,0.8880000114440918,68098,0.0,0.0
2023-07-14 11:30:00-04:00,0.8810999989509583,0.8908640146255493,0.8802000284194946,0.8808000087738037,23454,0.0,0.0
2023-07-14 12:30:00-04:00,0.8808000087738037,0.88919997215271,0.8808000087738037,0.8882309794425964,18746,0.0,0.0
2023-07-14 13:30:00-04:00,0.8902990221977234,0.8902999758720398,0.8808000087738037,0.8820000290870667,20768,0.0,0.0
2023-07-14 14:30:00-04:00,0.8859000205993652,0.8903999924659729,0.8808000087738037,0.888700008392334,70761,0.0,0.0
2023-07-14 15:30:00-04:00,0.8848999738693237,0.8899000287055969,0.8808000087738037,0.8834999799728394,7359,0.0,0.0
2023-07-17 09:30:00-04:00,0.8822000026702881,0.9097999930381775,0.8799999952316284,0.8952000141143799,78814,0.0,0.0
2023-07-17 10:30:00-04:00,0.8949999809265137,0.8974509835243225,0.8835999965667725,0.8888999819755554,28823,0.0,0.0
2023-07-17 11:30:00-04:00,0.8837000131607056,0.8928999900817871,0.8837000131607056,0.8838000297546387,10403,0.0,0.0
2023-07-17 12:30:00-04:00,0.883899986743927,0.8866000175476074,0.8799999952316284,0.8799999952316284,17626,0.0,0.0
2023-07-17 13:30:00-04:00,0.885699987411499,0.8913000226020813,0.8700000047683716,0.8700000047683716,207104,0.0,0.0
2023-07-17 14:30:00-04:00,0.8700000047683716,0.878600001335144,0.8600000143051147,0.8744999766349792,89114,0.0,0.0
2023-07-17 15:30:00-04:00,0.8744000196456909,0.8744999766349792,0.8651999831199646,0.8651999831199646,21354,0.0,0.0
2023-07-18 09:30:00-04:00,0.8960000276565552,0.8999999761581421,0.8725000023841858,0.8899000287055969,71072,0.0,0.0
2023-07-18 10:30:00-04:00,0.8849999904632568,0.8899999856948853,0.8801000118255615,0.8849499821662903,18001,0.0,0.0
2023-07-18 11:30:00-04:00,0.8803369998931885,0.8899000287055969,0.8758010268211365,0.883400022983551,18600,0.0,0.0
2023-07-18 12:30:00-04:00,0.8799999952316284,0.8804720044136047,0.8758000135421753,0.8769999742507935,9387,0.0,0.0
2023-07-18 13:30:00-04:00,0.876101016998291,0.8880990147590637,0.8748999834060669,0.8763999938964844,18754,0.0,0.0
2023-07-18 14:30:00-04:00,0.8766999840736389,0.8827000260353088,0.8718000054359436,0.8758999705314636,22302,0.0,0.0
2023-07-18 15:30:00-04:00,0.8758000135421753,0.8899999856948853,0.8729000091552734,0.8899999856948853,27611,0.0,0.0
2023-07-19 09:30:00-04:00,0.8913000226020813,0.8999999761581421,0.8805000185966492,0.888700008392334,87764,0.0,0.0
2023-07-19 10:30:00-04:00,0.8999999761581421,0.8999999761581421,0.8888000249862671,0.8901010155677795,10236,0.0,0.0
2023-07-19 11:30:00-04:00,0.8999000191688538,0.8999999761581421,0.8812010288238525,0.8889999985694885,21255,0.0,0.0
2023-07-19 12:30:00-04:00,0.8999000191688538,0.8999000191688538,0.8877000212669373,0.8880000114440918,21877,0.0,0.0
2023-07-19 13:30:00-04:00,0.8995000123977661,0.8996999859809875,0.8877000212669373,0.8878999948501587,25431,0.0,0.0
2023-07-19 14:30:00-04:00,0.8944000005722046,0.8996999859809875,0.8889999985694885,0.8976070284843445,12598,0.0,0.0
2023-07-19 15:30:00-04:00,0.8917999863624573,0.8999999761581421,0.8810999989509583,0.8870000243186951,54194,0.0,0.0
2023-07-20 09:30:00-04:00,0.8799999952316284,0.8899999856948853,0.8799999952316284,0.8899989724159241,11476,0.0,0.0
2023-07-20 10:30:00-04:00,0.8999999761581421,0.8999999761581421,0.8894000053405762,0.8980000019073486,15324,0.0,0.0
2023-07-20 11:30:00-04:00,0.8799999952316284,0.8889999985694885,0.8799999952316284,0.8812000155448914,4241,0.0,0.0
2023-07-20 12:30:00-04:00,0.8799999952316284,0.8912000060081482,0.878000020980835,0.8849509954452515,22699,0.0,0.0
2023-07-20 13:30:00-04:00,0.8799999952316284,0.8898000121116638,0.8799999952316284,0.8799999952316284,10044,0.0,0.0
2023-07-20 14:30:00-04:00,0.8799999952316284,0.8928999900817871,0.878000020980835,0.8799999952316284,17593,0.0,0.0
2023-07-20 15:30:00-04:00,0.8799999952316284,0.8898000121116638,0.8799999952316284,0.8799999952316284,26099,0.0,0.0
2023-07-21 09:30:00-04:00,0.8799999952316284,0.8999999761581421,0.8650000095367432,0.8650000095367432,141504,0.0,0.0
2023-07-21 10:30:00-04:00,0.8600000143051147,0.8799999952316284,0.8600000143051147,0.8600999712944031,56164,0.0,0.0
2023-07-21 11:30:00-04:00,0.8600999712944031,0.8700510263442993,0.8504999876022339,0.8579999804496765,54812,0.0,0.0
2023-07-21 12:30:00-04:00,0.8586999773979187,0.8610000014305115,0.8508999943733215,0.8610000014305115,31693,0.0,0.0
2023-07-21 13:30:00-04:00,0.8574010133743286,0.879800021648407,0.852180004119873,0.8650000095367432,21687,0.0,0.0
2023-07-21 14:30:00-04:00,0.8650000095367432,0.879800021648407,0.8600000143051147,0.8700000047683716,23713,0.0,0.0
2023-07-21 15:30:00-04:00,0.8796989917755127,0.8798999786376953,0.866599977016449,0.8798999786376953,26650,0.0,0.0
2023-07-24 09:30:00-04:00,0.8700000047683716,0.8798999786376953,0.8700000047683716,0.8700000047683716,14638,0.0,0.0
2023-07-24 10:30:00-04:00,0.8799999952316284,0.8799999952316284,0.8550000190734863,0.8550000190734863,83352,0.0,0.0
2023-07-24 11:30:00-04:00,0.8587999939918518,0.8587999939918518,0.843999981880188,0.8575990200042725,61406,0.0,0.0
2023-07-24 12:30:00-04:00,0.857699990272522,0.8700000047683716,0.8436999917030334,0.8569999933242798,44600,0.0,0.0
2023-07-24 13:30:00-04:00,0.843999981880188,0.8700000047683716,0.843999981880188,0.8600999712944031,31842,0.0,0.0
2023-07-24 14:30:00-04:00,0.8500000238418579,0.8606500029563904,0.8399999737739563,0.8471999764442444,50269,0.0,0.0
2023-07-24 15:30:00-04:00,0.843999981880188,0.852400004863739,0.843999981880188,0.843999981880188,35598,0.0,0.0
2023-07-25 09:30:00-04:00,0.843999981880188,0.843999981880188,0.8349999785423279,0.8370100259780884,51582,0.0,0.0
2023-07-25 10:30:00-04:00,0.8370000123977661,0.8500000238418579,0.8370000123977661,0.8370000123977661,103574,0.0,0.0
2023-07-25 11:30:00-04:00,0.8370000123977661,0.839900016784668,0.8370000123977661,0.838100016117096,20336,0.0,0.0
2023-07-25 12:30:00-04:00,0.8378999829292297,0.8385000228881836,0.8109999895095825,0.8385000228881836,654565,0.0,0.0
2023-07-25 13:30:00-04:00,0.8306499719619751,0.8385000228881836,0.8174999952316284,0.8321999907493591,113349,0.0,0.0
2023-07-25 14:30:00-04:00,0.8199999928474426,0.8299000263214111,0.753000020980835,0.757099986076355,1501197,0.0,0.0
2023-07-25 15:30:00-04:00,0.7675999999046326,0.7749999761581421,0.7263000011444092,0.7574999928474426,1680140,0.0,0.0
2023-07-26 09:30:00-04:00,0.7601000070571899,0.7782350182533264,0.75,0.760200023651123,114227,0.0,0.0
2023-07-26 10:30:00-04:00,0.7599999904632568,0.7749999761581421,0.7599999904632568,0.7674000263214111,35961,0.0,0.0
2023-07-26 11:30:00-04:00,0.7674999833106995,0.7674999833106995,0.7402999997138977,0.7597000002861023,187761,0.0,0.0
2023-07-26 12:30:00-04:00,0.7596989870071411,0.7599999904632568,0.7502999901771545,0.7590000033378601,25673,0.0,0.0
2023-07-26 13:30:00-04:00,0.7576000094413757,0.7757999897003174,0.7501999735832214,0.7602999806404114,70559,0.0,0.0
2023-07-26 14:30:00-04:00,0.7603999972343445,0.777999997138977,0.7401000261306763,0.7454000115394592,326282,0.0,0.0
2023-07-26 15:30:00-04:00,0.7454000115394592,0.7718999981880188,0.7450000047683716,0.7700999975204468,110623,0.0,0.0
2023-07-27 09:30:00-04:00,0.7870000004768372,0.7870000004768372,0.7409999966621399,0.75,307597,0.0,0.0
2023-07-27 10:30:00-04:00,0.75,0.7710000276565552,0.75,0.7710000276565552,17111,0.0,0.0
2023-07-27 11:30:00-04:00,0.7718989849090576,0.7718989849090576,0.7501999735832214,0.7520999908447266,5161,0.0,0.0
2023-07-27 12:30:00-04:00,0.7599999904632568,0.7599999904632568,0.7400000095367432,0.7408999800682068,83021,0.0,0.0
2023-07-27 13:30:00-04:00,0.7400000095367432,0.7450000047683716,0.7350000143051147,0.7400000095367432,17704,0.0,0.0
2023-07-27 14:30:00-04:00,0.7350000143051147,0.7409999966621399,0.7300000190734863,0.7351999878883362,91777,0.0,0.0
2023-07-27 15:30:00-04:00,0.7398989796638489,0.7400000095367432,0.7221999764442444,0.7315000295639038,79475,0.0,0.0
2023-07-28 09:30:00-04:00,0.7401000261306763,0.75,0.7221999764442444,0.7480000257492065,114091,0.0,0.0
2023-07-28 10:30:00-04:00,0.7400000095367432,0.7599999904632568,0.7400000095367432,0.7544999718666077,28327,0.0,0.0
2023-07-28 11:30:00-04:00,0.7501009702682495,0.7590000033378601,0.75,0.7530999779701233,95820,0.0,0.0
2023-07-28 12:30:00-04:00,0.7549999952316284,0.765999972820282,0.7530999779701233,0.7605000138282776,21340,0.0,0.0
2023-07-28 13:30:00-04:00,0.7659000158309937,0.7659000158309937,0.7551000118255615,0.7605000138282776,15193,0.0,0.0
2023-07-28 14:30:00-04:00,0.7609999775886536,0.762499988079071,0.7551000118255615,0.7551000118255615,25284,0.0,0.0
2023-07-28 15:30:00-04:00,0.7601000070571899,0.7730000019073486,0.7455000281333923,0.7680000066757202,62579,0.0,0.0
2023-07-31 09:30:00-04:00,0.7680000066757202,0.7998989820480347,0.7599999904632568,0.7699999809265137,32244,0.0,0.0
2023-07-31 10:30:00-04:00,0.7789989709854126,0.7879999876022339,0.7590000033378601,0.7699999809265137,72199,0.0,0.0
2023-07-31 11:30:00-04:00,0.7699999809265137,0.7760000228881836,0.7599999904632568,0.7760000228881836,20652,0.0,0.0
2023-07-31 12:30:00-04:00,0.7799999713897705,0.7850000262260437,0.7702000141143799,0.7702000141143799,15101,0.0,0.0
2023-07-31 13:30:00-04:00,0.7702999711036682,0.7799999713897705,0.7702000141143799,0.7773000001907349,9783,0.0,0.0
2023-07-31 14:30:00-04:00,0.7702000141143799,0.7799999713897705,0.7702000141143799,0.7750999927520752,5777,0.0,0.0
2023-07-31 15:30:00-04:00,0.7799999713897705,0.7910000085830688,0.7703999876976013,0.7910000085830688,51113,0.0,0.0
2023-08-01 09:30:00-04:00,0.800000011920929,0.8100000023841858,0.774399995803833,0.7925490140914917,30546,0.0,0.0
2023-08-01 10:30:00-04:00,0.8047509789466858,0.8047509789466858,0.7699999809265137,0.7699999809265137,18308,0.0,0.0
2023-08-01 11:30:00-04:00,0.7804999947547913,0.7984989881515503,0.7699999809265137,0.7799999713897705,14192,0.0,0.0
2023-08-01 12:30:00-04:00,0.7799999713897705,0.7900000214576721,0.7799999713897705,0.7799999713897705,8091,0.0,0.0
2023-08-01 13:30:00-04:00,0.7893000245094299,0.789900004863739,0.7778000235557556,0.7799999713897705,7587,0.0,0.0
2023-08-01 14:30:00-04:00,0.7799999713897705,0.789900004863739,0.7778000235557556,0.7799999713897705,17271,0.0,0.0
2023-08-01 15:30:00-04:00,0.7799999713897705,0.7860000133514404,0.7699999809265137,0.7710000276565552,527791,0.0,0.0
2023-08-02 09:30:00-04:00,0.7799999713897705,0.7799999713897705,0.7400000095367432,0.7468000054359436,106453,0.0,0.0
2023-08-02 10:30:00-04:00,0.7450000047683716,0.7578999996185303,0.7409999966621399,0.7534000277519226,102177,0.0,0.0
2023-08-02 11:30:00-04:00,0.7539499998092651,0.7558000087738037,0.75,0.7556999921798706,5595,0.0,0.0
2023-08-02 12:30:00-04:00,0.75,0.7556999921798706,0.75,0.75,15908,0.0,0.0
2023-08-02 13:30:00-04:00,0.75,0.7699999809265137,0.75,0.7674000263214111,100979,0.0,0.0
2023-08-02 14:30:00-04:00,0.7675009965896606,0.7699999809265137,0.75,0.7549499869346619,37420,0.0,0.0
2023-08-02 15:30:00-04:00,0.7549999952316284,0.7731999754905701,0.75,0.7699999809265137,45757,0.0,0.0
2023-08-03 09:30:00-04:00,0.7509999871253967,0.7623000144958496,0.7380009889602661,0.7501009702682495,78503,0.0,0.0
2023-08-03 10:30:00-04:00,0.7633000016212463,0.7658990025520325,0.75,0.75,42176,0.0,0.0
2023-08-03 11:30:00-04:00,0.7548999786376953,0.7549999952316284,0.75,0.7549999952316284,12961,0.0,0.0
2023-08-03 12:30:00-04:00,0.7551000118255615,0.7598999738693237,0.7498999834060669,0.75,105311,0.0,0.0
2023-08-03 13:30:00-04:00,0.7538999915122986,0.765999972820282,0.75,0.7523530125617981,66333,0.0,0.0
2023-08-03 14:30:00-04:00,0.7519000172615051,0.7680000066757202,0.7519000172615051,0.7599999904632568,23215,0.0,0.0
2023-08-03 15:30:00-04:00,0.7549999952316284,0.7623000144958496,0.7538999915122986,0.7609999775886536,10543,0.0,0.0
2023-08-04 09:30:00-04:00,0.7599999904632568,0.7720000147819519,0.7409999966621399,0.7409999966621399,18482,0.0,0.0
2023-08-04 10:30:00-04:00,0.7455000281333923,0.7699999809265137,0.7455000281333923,0.7549999952316284,124397,0.0,0.0
2023-08-04 11:30:00-04:00,0.7599999904632568,0.7730000019073486,0.7599999904632568,0.7664999961853027,59956,0.0,0.0
2023-08-04 12:30:00-04:00,0.7605999708175659,0.7900000214576721,0.7605999708175659,0.7900000214576721,30724,0.0,0.0
2023-08-04 13:30:00-04:00,0.7849000096321106,0.789900004863739,0.7599999904632568,0.7710000276565552,22475,0.0,0.0
2023-08-04 14:30:00-04:00,0.7799999713897705,0.7799999713897705,0.7684999704360962,0.7684999704360962,2737,0.0,0.0
2023-08-04 15:30:00-04:00,0.7770000100135803,0.7770000100135803,0.7599999904632568,0.7651000022888184,49662,0.0,0.0
2023-08-07 09:30:00-04:00,0.7749999761581421,0.7749999761581421,0.7200000286102295,0.7263000011444092,215549,0.0,0.0
2023-08-07 10:30:00-04:00,0.7379999756813049,0.7459999918937683,0.7246000170707703,0.7350000143051147,22122,0.0,0.0
2023-08-07 11:30:00-04:00,0.7314000129699707,0.7476000189781189,0.7300000190734863,0.7379999756813049,13159,0.0,0.0
2023-08-07 12:30:00-04:00,0.739799976348877,0.7459999918937683,0.7321000099182129,0.7404999732971191,41798,0.0,0.0
2023-08-07 13:30:00-04:00,0.7404999732971191,0.7459999918937683,0.7350999712944031,0.7394000291824341,29935,0.0,0.0
2023-08-07 14:30:00-04:00,0.7394000291824341,0.7422999739646912,0.7346000075340271,0.7369999885559082,36818,0.0,0.0
2023-08-07 15:30:00-04:00,0.7350000143051147,0.7400000095367432,0.732200026512146,0.732200026512146,27742,0.0,0.0
2023-08-08 09:30:00-04:00,0.7390999794006348,0.7390999794006348,0.7221999764442444,0.7300500273704529,24909,0.0,0.0
2023-08-08 10:30:00-04:00,0.7300500273704529,0.7378000020980835,0.7221999764442444,0.7314000129699707,25375,0.0,0.0
2023-08-08 11:30:00-04:00,0.7300000190734863,0.7339000105857849,0.7229999899864197,0.7229999899864197,22097,0.0,0.0
2023-08-08 12:30:00-04:00,0.7229999899864197,0.7315000295639038,0.7221999764442444,0.7310000061988831,39186,0.0,0.0
2023-08-08 13:30:00-04:00,0.7275000214576721,0.7318999767303467,0.7229999899864197,0.7299000024795532,11566,0.0,0.0
2023-08-08 14:30:00-04:00,0.7260000109672546,0.7369999885559082,0.7233999967575073,0.7269999980926514,17907,0.0,0.0
2023-08-08 15:30:00-04:00,0.7368999719619751,0.7462999820709229,0.7268000245094299,0.7383999824523926,18616,0.0,0.0
2023-08-09 09:30:00-04:00,0.7300000190734863,0.7566999793052673,0.7221999764442444,0.7493000030517578,16129,0.0,0.0
2023-08-09 10:30:00-04:00,0.7300000190734863,0.7445999979972839,0.7200000286102295,0.7221999764442444,114881,0.0,0.0
2023-08-09 11:30:00-04:00,0.7221999764442444,0.7329999804496765,0.7210999727249146,0.7228000164031982,88157,0.0,0.0
2023-08-09 12:30:00-04:00,0.7249000072479248,0.7329999804496765,0.7221999764442444,0.7275999784469604,22934,0.0,0.0
2023-08-09 13:30:00-04:00,0.7222999930381775,0.738743007183075,0.7222999930381775,0.7225000262260437,43340,0.0,0.0
2023-08-09 14:30:00-04:00,0.7224000096321106,0.722599983215332,0.7141000032424927,0.722000002861023,59939,0.0,0.0
2023-08-09 15:30:00-04:00,0.722599983215332,0.7350000143051147,0.718999981880188,0.7210000157356262,67454,0.0,0.0
2023-08-10 09:30:00-04:00,0.7200000286102295,0.7599999904632568,0.7200000286102295,0.7599999904632568,145533,0.0,0.0
2023-08-10 10:30:00-04:00,0.7599999904632568,0.7599999904632568,0.7141000032424927,0.7400000095367432,115649,0.0,0.0
2023-08-10 11:30:00-04:00,0.7400000095367432,0.75,0.7398999929428101,0.7450000047683716,23987,0.0,0.0
2023-08-10 12:30:00-04:00,0.7400000095367432,0.75,0.7200000286102295,0.7400000095367432,22950,0.0,0.0
2023-08-10 13:30:00-04:00,0.7344499826431274,0.75,0.7200000286102295,0.75,10806,0.0,0.0
2023-08-10 14:30:00-04:00,0.75,0.75,0.7200000286102295,0.7398999929428101,19845,0.0,0.0
2023-08-10 15:30:00-04:00,0.739799976348877,0.754800021648407,0.7300000190734863,0.7300999760627747,26246,0.0,0.0
2023-08-11 09:30:00-04:00,0.7505999803543091,0.7505999803543091,0.7251999974250793,0.73580002784729,19690,0.0,0.0
2023-08-11 10:30:00-04:00,0.73580002784729,0.7398999929428101,0.7204999923706055,0.7398999929428101,14607,0.0,0.0
2023-08-11 11:30:00-04:00,0.7334489822387695,0.7398999929428101,0.7269999980926514,0.739799976348877,33829,0.0,0.0
2023-08-11 12:30:00-04:00,0.7349010109901428,0.7398999929428101,0.7300999760627747,0.7398999929428101,11209,0.0,0.0
2023-08-11 13:30:00-04:00,0.739799976348877,0.739799976348877,0.7229999899864197,0.7299000024795532,40168,0.0,0.0
2023-08-11 14:30:00-04:00,0.7289000153541565,0.7289999723434448,0.7204999923706055,0.7210999727249146,74864,0.0,0.0
2023-08-11 15:30:00-04:00,0.7208999991416931,0.7300000190734863,0.7208999991416931,0.7300000190734863,28280,0.0,0.0
2023-08-14 09:30:00-04:00,0.7210000157356262,0.7400000095367432,0.7110000252723694,0.7246009707450867,144160,0.0,0.0
2023-08-14 10:30:00-04:00,0.7160000205039978,0.7315999865531921,0.7159000039100647,0.7190999984741211,21033,0.0,0.0
2023-08-14 11:30:00-04:00,0.7200000286102295,0.7382000088691711,0.7159000039100647,0.7159000039100647,165053,0.0,0.0
2023-08-14 12:30:00-04:00,0.7208999991416931,0.738099992275238,0.7149999737739563,0.7204499840736389,779129,0.0,0.0
2023-08-14 13:30:00-04:00,0.7200000286102295,0.7200000286102295,0.7110000252723694,0.7117000222206116,122333,0.0,0.0
2023-08-14 14:30:00-04:00,0.7156000137329102,0.7199000120162964,0.7110000252723694,0.7196999788284302,95101,0.0,0.0
2023-08-14 15:30:00-04:00,0.7174000144004822,0.7200000286102295,0.7110000252723694,0.715499997138977,21242,0.0,0.0
2023-08-15 09:30:00-04:00,0.7099999785423279,0.7200000286102295,0.7049999833106995,0.7070000171661377,25687,0.0,0.0
2023-08-15 10:30:00-04:00,0.7070000171661377,0.7200999855995178,0.7070000171661377,0.7089999914169312,26707,0.0,0.0
2023-08-15 11:30:00-04:00,0.7080000042915344,0.7099000215530396,0.7070000171661377,0.7084500193595886,10947,0.0,0.0
2023-08-15 12:30:00-04:00,0.7099000215530396,0.7099000215530396,0.699999988079071,0.704800009727478,31562,0.0,0.0
2023-08-15 13:30:00-04:00,0.7039999961853027,0.7195000052452087,0.699999988079071,0.7195000052452087,71476,0.0,0.0
2023-08-15 14:30:00-04:00,0.7049999833106995,0.7200000286102295,0.7006999850273132,0.7099999785423279,69922,0.0,0.0
2023-08-15 15:30:00-04:00,0.7106000185012817,0.7285000085830688,0.70169997215271,0.7020000219345093,24141,0.0,0.0
2023-08-16 09:30:00-04:00,0.7200000286102295,0.7300000190734863,0.70660001039505,0.710099995136261,56358,0.0,0.0
2023-08-16 10:30:00-04:00,0.7199000120162964,0.7325999736785889,0.7149999737739563,0.7200000286102295,39834,0.0,0.0
2023-08-16 11:30:00-04:00,0.7200000286102295,0.7300000190734863,0.7099999785423279,0.7099999785423279,45483,0.0,0.0
2023-08-16 12:30:00-04:00,0.7199000120162964,0.7199000120162964,0.703000009059906,0.7039999961853027,65316,0.0,0.0
2023-08-16 13:30:00-04:00,0.7041000127792358,0.7200000286102295,0.7041000127792358,0.718999981880188,11667,0.0,0.0
2023-08-16 14:30:00-04:00,0.7149999737739563,0.7149999737739563,0.7049999833106995,0.7074000239372253,68541,0.0,0.0
2023-08-16 15:30:00-04:00,0.7074000239372253,0.7221999764442444,0.6955000162124634,0.699999988079071,101722,0.0,0.0
2023-08-17 09:30:00-04:00,0.7200000286102295,0.7200000286102295,0.6899999976158142,0.7179999947547913,55072,0.0,0.0
2023-08-17 10:30:00-04:00,0.699999988079071,0.7099999785423279,0.6899999976158142,0.7099999785423279,27902,0.0,0.0
2023-08-17 11:30:00-04:00,0.6970000267028809,0.7099999785423279,0.6949999928474426,0.6988009810447693,12044,0.0,0.0
2023-08-17 12:30:00-04:00,0.6988000273704529,0.7218999862670898,0.6987000107765198,0.699999988079071,62703,0.0,0.0
2023-08-17 13:30:00-04:00,0.699999988079071,0.7200000286102295,0.6951000094413757,0.7099999785423279,39933,0.0,0.0
2023-08-17 14:30:00-04:00,0.7099999785423279,0.7200000286102295,0.6995999813079834,0.7200000286102295,14481,0.0,0.0
2023-08-17 15:30:00-04:00,0.7199000120162964,0.7224000096321106,0.699999988079071,0.699999988079071,31250,0.0,0.0
2023-08-18 09:30:00-04:00,0.7300000190734863,0.7398999929428101,0.699999988079071,0.7049999833106995,73892,0.0,0.0
2023-08-18 10:30:00-04:00,0.7099000215530396,0.7197999954223633,0.7084000110626221,0.7149999737739563,5576,0.0,0.0
2023-08-18 11:30:00-04:00,0.7139999866485596,0.7139999866485596,0.7050999999046326,0.7051010131835938,5954,0.0,0.0
2023-08-18 12:30:00-04:00,0.7050999999046326,0.713100016117096,0.6974999904632568,0.6980000138282776,24792,0.0,0.0
2023-08-18 13:30:00-04:00,0.6985999941825867,0.7013999819755554,0.695900022983551,0.7013999819755554,8792,0.0,0.0
2023-08-18 14:30:00-04:00,0.699999988079071,0.7038999795913696,0.6899999976158142,0.691100001335144,6694,0.0,0.0
2023-08-18 15:30:00-04:00,0.6937000155448914,0.7038999795913696,0.6919999718666077,0.6974999904632568,26383,0.0,0.0
2023-08-21 09:30:00-04:00,0.7110000252723694,0.7200000286102295,0.699999988079071,0.699999988079071,13689,0.0,0.0
2023-08-21 10:30:00-04:00,0.7053999900817871,0.7053999900817871,0.6901000142097473,0.6998209953308105,18759,0.0,0.0
2023-08-21 11:30:00-04:00,0.699999988079071,0.699999988079071,0.6998999714851379,0.6998999714851379,358,0.0,0.0
2023-08-21 12:30:00-04:00,0.6998999714851379,0.7139999866485596,0.6930000185966492,0.7139999866485596,9712,0.0,0.0
2023-08-21 13:30:00-04:00,0.7120000123977661,0.7299000024795532,0.699999988079071,0.7199000120162964,11947,0.0,0.0
2023-08-21 14:30:00-04:00,0.7202000021934509,0.7289999723434448,0.6998000144958496,0.7269999980926514,22667,0.0,0.0
2023-08-21 15:30:00-04:00,0.7009999752044678,0.7247999906539917,0.7009999752044678,0.7146000266075134,21556,0.0,0.0
2023-08-22 09:30:00-04:00,0.7300000190734863,0.7300000190734863,0.6970000267028809,0.699999988079071,22440,0.0,0.0
2023-08-22 10:30:00-04:00,0.7006999850273132,0.7260990142822266,0.6996999979019165,0.7145000100135803,34800,0.0,0.0
2023-08-22 11:30:00-04:00,0.7099999785423279,0.7250000238418579,0.6995999813079834,0.7123000025749207,32313,0.0,0.0
2023-08-22 12:30:00-04:00,0.7239999771118164,0.7247999906539917,0.7001000046730042,0.7123500108718872,2147,0.0,0.0
2023-08-22 13:30:00-04:00,0.7020000219345093,0.724399983882904,0.7020000219345093,0.7020999789237976,798,0.0,0.0
2023-08-22 14:30:00-04:00,0.7021999955177307,0.7239999771118164,0.6970000267028809,0.6995000243186951,26535,0.0,0.0
2023-08-22 15:30:00-04:00,0.699999988079071,0.7045000195503235,0.6200000047683716,0.6852999925613403,127967,0.0,0.0
2023-08-23 09:30:00-04:00,0.6809999942779541,0.703000009059906,0.6806010007858276,0.6973000168800354,45142,0.0,0.0
2023-08-23 10:30:00-04:00,0.7014999985694885,0.7080000042915344,0.6949999928474426,0.7059999704360962,35285,0.0,0.0
2023-08-23 11:30:00-04:00,0.7020000219345093,0.7200000286102295,0.6980000138282776,0.710099995136261,34853,0.0,0.0
2023-08-23 12:30:00-04:00,0.7099999785423279,0.7200000286102295,0.6984999775886536,0.7074000239372253,46119,0.0,0.0
2023-08-23 13:30:00-04:00,0.7102000117301941,0.7102000117301941,0.7001000046730042,0.7050999999046326,18988,0.0,0.0
2023-08-23 14:30:00-04:00,0.7050999999046326,0.7200000286102295,0.7049999833106995,0.7160999774932861,23623,0.0,0.0
2023-08-23 15:30:00-04:00,0.7149999737739563,0.7200000286102295,0.7113000154495239,0.7114999890327454,36854,0.0,0.0
2023-08-24 09:30:00-04:00,0.6850000023841858,0.7099000215530396,0.6850000023841858,0.7005000114440918,27833,0.0,0.0
2023-08-24 10:30:00-04:00,0.7002000212669373,0.7055000066757202,0.6937000155448914,0.6995000243186951,22865,0.0,0.0
2023-08-24 11:30:00-04:00,0.6969500184059143,0.6998999714851379,0.6938999891281128,0.6994500160217285,9148,0.0,0.0
2023-08-24 12:30:00-04:00,0.6990000009536743,0.699999988079071,0.6938999891281128,0.6999499797821045,39864,0.0,0.0
2023-08-24 13:30:00-04:00,0.699999988079071,0.7041749954223633,0.6998999714851379,0.702750027179718,8774,0.0,0.0
2023-08-24 14:30:00-04:00,0.7027000188827515,0.7027000188827515,0.699999988079071,0.699999988079071,27406,0.0,0.0
2023-08-24 15:30:00-04:00,0.7001000046730042,0.7056000232696533,0.6938999891281128,0.699999988079071,37859,0.0,0.0
2023-08-25 09:30:00-04:00,0.7056000232696533,0.7056000232696533,0.684499979019165,0.6868000030517578,25589,0.0,0.0
2023-08-25 10:30:00-04:00,0.685699999332428,0.699999988079071,0.6780999898910522,0.699999988079071,84021,0.0,0.0
2023-08-25 11:30:00-04:00,0.699999988079071,0.699999988079071,0.6786999702453613,0.6800000071525574,8882,0.0,0.0
2023-08-25 12:30:00-04:00,0.6800000071525574,0.699999988079071,0.6800000071525574,0.6899999976158142,21585,0.0,0.0
2023-08-25 13:30:00-04:00,0.6898000240325928,0.6899999976158142,0.6840000152587891,0.6899999976158142,6251,0.0,0.0
2023-08-25 14:30:00-04:00,0.6899999976158142,0.7056000232696533,0.6869999766349792,0.6890000104904175,9447,0.0,0.0
2023-08-25 15:30:00-04:00,0.705299973487854,0.705299973487854,0.6840000152587891,0.6840000152587891,55126,0.0,0.0
2023-08-28 09:30:00-04:00,0.7089999914169312,0.7089999914169312,0.6869999766349792,0.6870999932289124,15193,0.0,0.0
2023-08-28 10:30:00-04:00,0.6909999847412109,0.699400007724762,0.6850000023841858,0.685001015663147,5749,0.0,0.0
2023-08-28 11:30:00-04:00,0.6850000023841858,0.6949999928474426,0.6850000023841858,0.6859999895095825,21343,0.0,0.0
2023-08-28 12:30:00-04:00,0.6850000023841858,0.6898999810218811,0.6850000023841858,0.6850000023841858,8830,0.0,0.0
2023-08-28 13:30:00-04:00,0.6851009726524353,0.6898999810218811,0.6851009726524353,0.6898999810218811,4969,0.0,0.0
2023-08-28 14:30:00-04:00,0.6898999810218811,0.6898999810218811,0.6759999990463257,0.682699978351593,45944,0.0,0.0
2023-08-28 15:30:00-04:00,0.6801000237464905,0.6897990107536316,0.6766999959945679,0.6869999766349792,32688,0.0,0.0
2023-08-29 09:30:00-04:00,0.6800000071525574,0.6949999928474426,0.6759999990463257,0.6874499917030334,42288,0.0,0.0
2023-08-29 10:30:00-04:00,0.6850000023841858,0.6898000240325928,0.6807000041007996,0.6889500021934509,20504,0.0,0.0
2023-08-29 11:30:00-04:00,0.6889500021934509,0.6998999714851379,0.6807000041007996,0.684499979019165,22158,0.0,0.0
2023-08-29 12:30:00-04:00,0.6924999952316284,0.6998999714851379,0.6850000023841858,0.6998999714851379,8247,0.0,0.0
2023-08-29 13:30:00-04:00,0.6899999976158142,0.6980000138282776,0.6850000023841858,0.6927000284194946,40152,0.0,0.0
2023-08-29 14:30:00-04:00,0.6923499703407288,0.6927000284194946,0.6851000189781189,0.6884999871253967,4327,0.0,0.0
2023-08-29 15:30:00-04:00,0.6919000148773193,0.6949999928474426,0.6868000030517578,0.6934499740600586,23687,0.0,0.0
2023-08-30 09:30:00-04:00,0.6823999881744385,0.7400000095367432,0.6805899739265442,0.6934999823570251,26494,0.0,0.0
2023-08-30 10:30:00-04:00,0.6998000144958496,0.6998999714851379,0.6783000230789185,0.6898999810218811,145551,0.0,0.0
2023-08-30 11:30:00-04:00,0.6869999766349792,0.6890000104904175,0.6798999905586243,0.6851000189781189,24966,0.0,0.0
2023-08-30 12:30:00-04:00,0.6851000189781189,0.6851000189781189,0.6800000071525574,0.6851000189781189,9892,0.0,0.0
2023-08-30 13:30:00-04:00,0.6819999814033508,0.6850000023841858,0.6809999942779541,0.6811000108718872,8759,0.0,0.0
2023-08-30 14:30:00-04:00,0.6809999942779541,0.6851000189781189,0.664900004863739,0.6700000166893005,78160,0.0,0.0
2023-08-30 15:30:00-04:00,0.6700000166893005,0.6825000047683716,0.6660000085830688,0.6825000047683716,30213,0.0,0.0
2023-08-31 09:30:00-04:00,0.6428999900817871,0.6737579703330994,0.6428999900817871,0.6430000066757202,193471,0.0,0.0
2023-08-31 10:30:00-04:00,0.6489999890327454,0.6629999876022339,0.6399999856948853,0.6439999938011169,86169,0.0,0.0
2023-08-31 11:30:00-04:00,0.6629999876022339,0.6758999824523926,0.6439999938011169,0.6589000225067139,64599,0.0,0.0
2023-08-31 12:30:00-04:00,0.6524999737739563,0.6704999804496765,0.6449999809265137,0.659500002861023,45271,0.0,0.0
2023-08-31 13:30:00-04:00,0.659500002861023,0.6690000295639038,0.6499999761581421,0.6618000268936157,41169,0.0,0.0
2023-08-31 14:30:00-04:00,0.6600000262260437,0.6669999957084656,0.6499999761581421,0.6599000096321106,22874,0.0,0.0
2023-08-31 15:30:00-04:00,0.6579999923706055,0.6699000000953674,0.6509000062942505,0.6690000295639038,33843,0.0,0.0
2023-09-01 09:30:00-04:00,0.671999990940094,0.6759499907493591,0.6500999927520752,0.6640490293502808,50557,0.0,0.0
2023-09-01 10:30:00-04:00,0.6581000089645386,0.6640499830245972,0.652999997138977,0.6582000255584717,25464,0.0,0.0
2023-09-01 11:30:00-04:00,0.6534000039100647,0.6582000255584717,0.646399974822998,0.650600016117096,56497,0.0,0.0
2023-09-01 12:30:00-04:00,0.650600016117096,0.6579989790916443,0.6435999870300293,0.6534500122070312,21541,0.0,0.0
2023-09-01 13:30:00-04:00,0.6542500257492065,0.6700000166893005,0.6535000205039978,0.6616500020027161,17206,0.0,0.0
2023-09-01 14:30:00-04:00,0.6600000262260437,0.6800000071525574,0.6535000205039978,0.6800000071525574,66770,0.0,0.0
2023-09-01 15:30:00-04:00,0.6800000071525574,0.6894000172615051,0.6679999828338623,0.6809999942779541,38295,0.0,0.0
2023-09-05 09:30:00-04:00,0.6710000038146973,0.699999988079071,0.6517000198364258,0.6825000047683716,93809,0.0,0.0
2023-09-05 10:30:00-04:00,0.6959999799728394,0.718999981880188,0.6800000071525574,0.6845999956130981,83057,0.0,0.0
2023-09-05 11:30:00-04:00,0.7001000046730042,0.7001000046730042,0.6840999722480774,0.6845999956130981,28502,0.0,0.0
2023-09-05 12:30:00-04:00,0.6998000144958496,0.6998000144958496,0.6753000020980835,0.6990000009536743,37329,0.0,0.0
2023-09-05 13:30:00-04:00,0.6998000144958496,0.7045000195503235,0.6794999837875366,0.6970000267028809,8765,0.0,0.0
2023-09-05 14:30:00-04:00,0.6970000267028809,0.7099999785423279,0.6845999956130981,0.6845999956130981,29414,0.0,0.0
2023-09-05 15:30:00-04:00,0.6909999847412109,0.7056000232696533,0.6794000267982483,0.6945000290870667,26316,0.0,0.0
2023-09-06 09:30:00-04:00,0.6800000071525574,0.699999988079071,0.6700999736785889,0.6789000034332275,15519,0.0,0.0
2023-09-06 10:30:00-04:00,0.6749500036239624,0.6789000034332275,0.6657000184059143,0.6657000184059143,58940,0.0,0.0
2023-09-06 11:30:00-04:00,0.6657000184059143,0.6786999702453613,0.6657000184059143,0.6675000190734863,7953,0.0,0.0
2023-09-06 12:30:00-04:00,0.6767989993095398,0.6769999861717224,0.6636999845504761,0.6689000129699707,34053,0.0,0.0
2023-09-06 13:30:00-04:00,0.6700000166893005,0.6728000044822693,0.6636999845504761,0.6705499887466431,14009,0.0,0.0
2023-09-06 14:30:00-04:00,0.6682999730110168,0.6875500082969666,0.6657000184059143,0.6657000184059143,21696,0.0,0.0
2023-09-06 15:30:00-04:00,0.6744999885559082,0.6870999932289124,0.6657000184059143,0.6807000041007996,34933,0.0,0.0
2023-09-07 09:30:00-04:00,0.6899999976158142,0.6919999718666077,0.6669999957084656,0.6734499931335449,16454,0.0,0.0
2023-09-07 10:30:00-04:00,0.6669999957084656,0.6798999905586243,0.660099983215332,0.660099983215332,12826,0.0,0.0
2023-09-07 11:30:00-04:00,0.6700000166893005,0.673799991607666,0.660099983215332,0.6682999730110168,21434,0.0,0.0
2023-09-07 12:30:00-04:00,0.6682999730110168,0.6704999804496765,0.6601999998092651,0.6677500009536743,13810,0.0,0.0
2023-09-07 13:30:00-04:00,0.6704000234603882,0.6704000234603882,0.6636000275611877,0.6636000275611877,36789,0.0,0.0
2023-09-07 14:30:00-04:00,0.6704000234603882,0.67330002784729,0.6636000275611877,0.671301007270813,27366,0.0,0.0
2023-09-07 15:30:00-04:00,0.6784499883651733,0.6798999905586243,0.6689000129699707,0.675000011920929,0,0.0,0.0
2023-09-08 09:30:00-04:00,0.7099999785423279,0.7099999785423279,0.6700000166893005,0.6773750185966492,22177,0.0,0.0
2023-09-08 10:30:00-04:00,0.675000011920929,0.6899999976158142,0.675000011920929,0.675000011920929,11837,0.0,0.0
2023-09-08 11:30:00-04:00,0.675000011920929,0.6819999814033508,0.6700000166893005,0.6819999814033508,11541,0.0,0.0
2023-09-08 12:30:00-04:00,0.6819999814033508,0.6890000104904175,0.6740000247955322,0.6850000023841858,7907,0.0,0.0
2023-09-08 13:30:00-04:00,0.6740000247955322,0.6894000172615051,0.6700000166893005,0.6800000071525574,10758,0.0,0.0
2023-09-08 14:30:00-04:00,0.6800000071525574,0.7055000066757202,0.6800000071525574,0.7055000066757202,58369,0.0,0.0
2023-09-08 15:30:00-04:00,0.6818000078201294,0.6948999762535095,0.6758999824523926,0.6796000003814697,32426,0.0,0.0
2023-09-11 09:30:00-04:00,0.6700000166893005,0.7109990119934082,0.6700000166893005,0.6940000057220459,21174,0.0,0.0
2023-09-11 10:30:00-04:00,0.6940000057220459,0.699999988079071,0.6780999898910522,0.6984999775886536,11577,0.0,0.0
2023-09-11 11:30:00-04:00,0.6984999775886536,0.7013000249862671,0.6801999807357788,0.6861000061035156,19152,0.0,0.0
2023-09-11 12:30:00-04:00,0.6984999775886536,0.7026990056037903,0.6801000237464905,0.6930000185966492,16318,0.0,0.0
2023-09-11 13:30:00-04:00,0.6984999775886536,0.7027999758720398,0.6871500015258789,0.6875,14611,0.0,0.0
2023-09-11 14:30:00-04:00,0.6854010224342346,0.6898000240325928,0.6852999925613403,0.6852999925613403,4393,0.0,0.0
2023-09-11 15:30:00-04:00,0.6898000240325928,0.7009999752044678,0.6809999942779541,0.6809999942779541,11405,0.0,0.0
2023-09-12 09:30:00-04:00,0.7089999914169312,0.7089999914169312,0.6809999942779541,0.6851000189781189,28499,0.0,0.0
2023-09-12 10:30:00-04:00,0.6851000189781189,0.699999988079071,0.6851000189781189,0.699999988079071,12905,0.0,0.0
2023-09-12 11:30:00-04:00,0.6851000189781189,0.7016000151634216,0.6851000189781189,0.6851999759674072,45140,0.0,0.0
2023-09-12 12:30:00-04:00,0.6851000189781189,0.7020000219345093,0.6851000189781189,0.6859999895095825,9296,0.0,0.0
2023-09-12 13:30:00-04:00,0.6949999928474426,0.6990000009536743,0.6851000189781189,0.6899999976158142,13258,0.0,0.0
2023-09-12 14:30:00-04:00,0.6901000142097473,0.6996999979019165,0.6851000189781189,0.6940000057220459,12025,0.0,0.0
2023-09-12 15:30:00-04:00,0.6940000057220459,0.699999988079071,0.6851999759674072,0.6996999979019165,27973,0.0,0.0
2023-09-13 09:30:00-04:00,0.75,0.7549999952316284,0.6901000142097473,0.7300000190734863,293279,0.0,0.0
2023-09-13 10:30:00-04:00,0.7300000190734863,0.7450000047683716,0.7121999859809875,0.7401000261306763,127637,0.0,0.0
2023-09-13 11:30:00-04:00,0.7401000261306763,0.7494999766349792,0.7300000190734863,0.7400000095367432,210510,0.0,0.0
2023-09-13 12:30:00-04:00,0.7400000095367432,0.7400000095367432,0.7303000092506409,0.7400000095367432,24549,0.0,0.0
2023-09-13 13:30:00-04:00,0.7353000044822693,0.7400000095367432,0.7304999828338623,0.7336999773979187,26758,0.0,0.0
2023-09-13 14:30:00-04:00,0.7336999773979187,0.7369999885559082,0.7236999869346619,0.723800003528595,15378,0.0,0.0
2023-09-13 15:30:00-04:00,0.7268999814987183,0.7369999885559082,0.7236999869346619,0.7369999885559082,17881,0.0,0.0
2023-09-14 09:30:00-04:00,0.7300000190734863,0.7400000095367432,0.7200000286102295,0.7214999794960022,8557,0.0,0.0
2023-09-14 10:30:00-04:00,0.7214999794960022,0.7350000143051147,0.7200000286102295,0.7214999794960022,17621,0.0,0.0
2023-09-14 11:30:00-04:00,0.7214999794960022,0.7214999794960022,0.6855000257492065,0.6901000142097473,75824,0.0,0.0
2023-09-14 12:30:00-04:00,0.7099999785423279,0.710099995136261,0.6899999976158142,0.6899999976158142,32032,0.0,0.0
2023-09-14 13:30:00-04:00,0.6953999996185303,0.6996999979019165,0.6949999928474426,0.6952000260353088,80925,0.0,0.0
2023-09-14 14:30:00-04:00,0.6952000260353088,0.7035999894142151,0.6855000257492065,0.6855000257492065,108112,0.0,0.0
2023-09-14 15:30:00-04:00,0.691100001335144,0.6949999928474426,0.6868000030517578,0.6868000030517578,23816,0.0,0.0
2023-09-15 09:30:00-04:00,0.699999988079071,0.7294999957084656,0.699999988079071,0.7253999710083008,76001,0.0,0.0
2023-09-15 10:30:00-04:00,0.7038699984550476,0.7195000052452087,0.699999988079071,0.7009999752044678,27551,0.0,0.0
2023-09-15 11:30:00-04:00,0.7049999833106995,0.7053459882736206,0.699999988079071,0.699999988079071,79895,0.0,0.0
2023-09-15 12:30:00-04:00,0.699999988079071,0.713100016117096,0.699999988079071,0.7099999785423279,71597,0.0,0.0
2023-09-15 13:30:00-04:00,0.7099999785423279,0.7128999829292297,0.699999988079071,0.699999988079071,34349,0.0,0.0
2023-09-15 14:30:00-04:00,0.699999988079071,0.703000009059906,0.6949999928474426,0.6949999928474426,35557,0.0,0.0
2023-09-15 15:30:00-04:00,0.6949999928474426,0.699999988079071,0.6949999928474426,0.6974499821662903,76644,0.0,0.0
2023-09-18 09:30:00-04:00,0.7009000182151794,0.7009000182151794,0.6779999732971191,0.6850000023841858,99158,0.0,0.0
2023-09-18 10:30:00-04:00,0.6850000023841858,0.7095000147819519,0.6801000237464905,0.6802999973297119,5956,0.0,0.0
2023-09-18 11:30:00-04:00,0.6809999942779541,0.6898999810218811,0.6779999732971191,0.6779999732971191,38052,0.0,0.0
2023-09-18 12:30:00-04:00,0.6804999709129333,0.685699999332428,0.6704999804496765,0.6850000023841858,10134,0.0,0.0
2023-09-18 13:30:00-04:00,0.6850000023841858,0.6850000023841858,0.6499999761581421,0.6539999842643738,122650,0.0,0.0
2023-09-18 14:30:00-04:00,0.6572999954223633,0.6841999888420105,0.6499999761581421,0.6600000262260437,33337,0.0,0.0
2023-09-18 15:30:00-04:00,0.6600000262260437,0.6740999817848206,0.652999997138977,0.6556000113487244,33982,0.0,0.0
2023-09-19 09:30:00-04:00,0.6460000276565552,0.6697999835014343,0.6399999856948853,0.6449999809265137,60164,0.0,0.0
2023-09-19 10:30:00-04:00,0.6449999809265137,0.6498000025749207,0.6399999856948853,0.644798994064331,41696,0.0,0.0
2023-09-19 11:30:00-04:00,0.6401000022888184,0.6439999938011169,0.6200000047683716,0.6330000162124634,39361,0.0,0.0
2023-09-19 12:30:00-04:00,0.6320000290870667,0.6402999758720398,0.6211000084877014,0.6301000118255615,11075,0.0,0.0
2023-09-19 13:30:00-04:00,0.6301000118255615,0.6449999809265137,0.6301000118255615,0.638700008392334,23508,0.0,0.0
2023-09-19 14:30:00-04:00,0.638700008392334,0.6424999833106995,0.6340000033378601,0.6349999904632568,26011,0.0,0.0
2023-09-19 15:30:00-04:00,0.6349999904632568,0.6448000073432922,0.6324999928474426,0.6324999928474426,14730,0.0,0.0
2023-09-20 09:30:00-04:00,0.6200000047683716,0.6312190294265747,0.6175000071525574,0.6200000047683716,13839,0.0,0.0
2023-09-20 10:30:00-04:00,0.6200000047683716,0.6326000094413757,0.6200000047683716,0.6245999932289124,15786,0.0,0.0
2023-09-20 11:30:00-04:00,0.6223000288009644,0.6225000023841858,0.6100000143051147,0.6136999726295471,53180,0.0,0.0
2023-09-20 12:30:00-04:00,0.6116999983787537,0.6242989897727966,0.6115999817848206,0.6136999726295471,15771,0.0,0.0
2023-09-20 13:30:00-04:00,0.618399977684021,0.6230000257492065,0.6136999726295471,0.6136999726295471,23085,0.0,0.0
2023-09-20 14:30:00-04:00,0.6136999726295471,0.6291000247001648,0.6136999726295471,0.6140000224113464,7896,0.0,0.0
2023-09-20 15:30:00-04:00,0.6140000224113464,0.6197999715805054,0.6110000014305115,0.6197999715805054,37395,0.0,0.0
2023-09-21 09:30:00-04:00,0.6200000047683716,0.6439999938011169,0.6050000190734863,0.6147000193595886,58337,0.0,0.0
2023-09-21 10:30:00-04:00,0.6093000173568726,0.6200000047683716,0.6071000099182129,0.6100000143051147,29693,0.0,0.0
2023-09-21 11:30:00-04:00,0.6100000143051147,0.6108999848365784,0.6050000190734863,0.6050000190734863,36816,0.0,0.0
2023-09-21 12:30:00-04:00,0.6018999814987183,0.6098999977111816,0.6018999814987183,0.6022999882698059,12329,0.0,0.0
2023-09-21 13:30:00-04:00,0.6031010150909424,0.6097999811172485,0.6029999852180481,0.6041010022163391,24275,0.0,0.0
2023-09-21 14:30:00-04:00,0.6050000190734863,0.6115999817848206,0.6040999889373779,0.6085000038146973,20269,0.0,0.0
2023-09-21 15:30:00-04:00,0.6064000129699707,0.6097999811172485,0.6040999889373779,0.6040999889373779,11398,0.0,0.0
2023-09-22 09:30:00-04:00,0.612500011920929,0.6248000264167786,0.6086999773979187,0.6148509979248047,66187,0.0,0.0
2023-09-22 10:30:00-04:00,0.6100000143051147,0.6190000176429749,0.5899999737739563,0.5899999737739563,57296,0.0,0.0
2023-09-22 11:30:00-04:00,0.5927000045776367,0.6069999933242798,0.5899999737739563,0.6000000238418579,30887,0.0,0.0
2023-09-22 12:30:00-04:00,0.6035000085830688,0.6069999933242798,0.6000000238418579,0.6025000214576721,5612,0.0,0.0
2023-09-22 13:30:00-04:00,0.6025000214576721,0.6069999933242798,0.6000000238418579,0.6025000214576721,56472,0.0,0.0
2023-09-22 14:30:00-04:00,0.6025000214576721,0.6032999753952026,0.5939000248908997,0.5968999862670898,70161,0.0,0.0
2023-09-22 15:30:00-04:00,0.5968999862670898,0.6159999966621399,0.5968999862670898,0.6064000129699707,24008,0.0,0.0
2023-09-25 09:30:00-04:00,0.6000000238418579,0.6050000190734863,0.597599983215332,0.5997999906539917,31105,0.0,0.0
2023-09-25 10:30:00-04:00,0.5950490236282349,0.5999000072479248,0.5860000252723694,0.5860000252723694,74805,0.0,0.0
2023-09-25 11:30:00-04:00,0.5878000259399414,0.5878000259399414,0.550000011920929,0.5878000259399414,81762,0.0,0.0
2023-09-25 12:30:00-04:00,0.5882999897003174,0.5979999899864197,0.5800999999046326,0.5849999785423279,21607,0.0,0.0
2023-09-25 13:30:00-04:00,0.5849999785423279,0.585099995136261,0.5759999752044678,0.5799999833106995,44583,0.0,0.0
2023-09-25 14:30:00-04:00,0.5799999833106995,0.5899999737739563,0.5799999833106995,0.5863999724388123,11122,0.0,0.0
2023-09-25 15:30:00-04:00,0.5892990231513977,0.5974990129470825,0.5809999704360962,0.5810999870300293,21624,0.0,0.0
2023-09-26 09:30:00-04:00,0.5648999810218811,0.6000000238418579,0.5648999810218811,0.5799999833106995,44121,0.0,0.0
2023-09-26 10:30:00-04:00,0.5799999833106995,0.5991950035095215,0.5799999833106995,0.5857999920845032,9036,0.0,0.0
2023-09-26 11:30:00-04:00,0.5857999920845032,0.5985000133514404,0.5857999920845032,0.5857999920845032,29606,0.0,0.0
2023-09-26 12:30:00-04:00,0.5857999920845032,0.6000000238418579,0.5857999920845032,0.5920000076293945,31209,0.0,0.0
2023-09-26 13:30:00-04:00,0.5899999737739563,0.5922499895095825,0.5857999920845032,0.5857999920845032,9929,0.0,0.0
2023-09-26 14:30:00-04:00,0.5859000086784363,0.5900999903678894,0.5859000086784363,0.5863000154495239,7584,0.0,0.0
2023-09-26 15:30:00-04:00,0.5863000154495239,0.596750020980835,0.5863000154495239,0.5910000205039978,5762,0.0,0.0
2023-09-27 09:30:00-04:00,0.6000000238418579,0.6212999820709229,0.550000011920929,0.6142789721488953,1496756,0.0,0.0
2023-09-27 10:30:00-04:00,0.611549973487854,0.6399999856948853,0.6013000011444092,0.6299999952316284,123384,0.0,0.0
2023-09-27 11:30:00-04:00,0.6299999952316284,0.6399000287055969,0.6201000213623047,0.6348999738693237,61742,0.0,0.0
2023-09-27 12:30:00-04:00,0.6225000023841858,0.6348999738693237,0.6169999837875366,0.6201000213623047,44759,0.0,0.0
2023-09-27 13:30:00-04:00,0.6201000213623047,0.6230000257492065,0.6171000003814697,0.6172000169754028,13128,0.0,0.0
2023-09-27 14:30:00-04:00,0.6201000213623047,0.6299999952316284,0.6171000003814697,0.6236000061035156,17922,0.0,0.0
2023-09-27 15:30:00-04:00,0.6236000061035156,0.6299999952316284,0.6169999837875366,0.625,34328,0.0,0.0
2023-09-28 09:30:00-04:00,0.6299999952316284,0.6299999952316284,0.6000000238418579,0.6100000143051147,49341,0.0,0.0
2023-09-28 10:30:00-04:00,0.6059499979019165,0.6098999977111816,0.6000000238418579,0.6021999716758728,13157,0.0,0.0
2023-09-28 11:30:00-04:00,0.6044489741325378,0.614799976348877,0.6000000238418579,0.614799976348877,15430,0.0,0.0
2023-09-28 12:30:00-04:00,0.6021000146865845,0.6148999929428101,0.6021000146865845,0.6148999929428101,8852,0.0,0.0
2023-09-28 13:30:00-04:00,0.6110000014305115,0.6240000128746033,0.6110000014305115,0.6115000247955322,2433,0.0,0.0
2023-09-28 14:30:00-04:00,0.6110000014305115,0.6240000128746033,0.6000000238418579,0.6230000257492065,47492,0.0,0.0
2023-09-28 15:30:00-04:00,0.6218000054359436,0.621999979019165,0.6008999943733215,0.6209999918937683,10347,0.0,0.0
2023-09-29 09:30:00-04:00,0.6100000143051147,0.6298999786376953,0.6100000143051147,0.6200000047683716,55635,0.0,0.0
2023-09-29 10:30:00-04:00,0.6235499978065491,0.6298999786376953,0.6079999804496765,0.6237499713897705,16935,0.0,0.0
2023-09-29 11:30:00-04:00,0.6200000047683716,0.6290000081062317,0.613099992275238,0.6290000081062317,12762,0.0,0.0
2023-09-29 12:30:00-04:00,0.6150000095367432,0.6198999881744385,0.6050000190734863,0.6159999966621399,14516,0.0,0.0
2023-09-29 13:30:00-04:00,0.6150000095367432,0.6158999800682068,0.6050000190734863,0.6050000190734863,13054,0.0,0.0
2023-09-29 14:30:00-04:00,0.6140000224113464,0.614799976348877,0.6050000190734863,0.6147000193595886,13938,0.0,0.0
2023-09-29 15:30:00-04:00,0.6114500164985657,0.6159999966621399,0.6082000136375427,0.6159999966621399,16953,0.0,0.0
2023-10-02 09:30:00-04:00,0.6299999952316284,0.6299999952316284,0.6164000034332275,0.6177999973297119,11912,0.0,0.0
2023-10-02 10:30:00-04:00,0.6215100288391113,0.6230999827384949,0.6150000095367432,0.6200000047683716,22767,0.0,0.0
2023-10-02 11:30:00-04:00,0.6100000143051147,0.6158990263938904,0.6100000143051147,0.6155989766120911,1684,0.0,0.0
2023-10-02 12:30:00-04:00,0.6080009937286377,0.6159989833831787,0.6000000238418579,0.6010000109672546,10468,0.0,0.0
2023-10-02 13:30:00-04:00,0.6079009771347046,0.6154990196228027,0.6007999777793884,0.6007999777793884,2586,0.0,0.0
2023-10-02 14:30:00-04:00,0.6000000238418579,0.6000999808311462,0.5809999704360962,0.5898000001907349,39930,0.0,0.0
2023-10-02 15:30:00-04:00,0.5898000001907349,0.5989999771118164,0.5849999785423279,0.5989999771118164,21639,0.0,0.0
2023-10-03 09:30:00-04:00,0.6033999919891357,0.6100000143051147,0.5709999799728394,0.6000000238418579,37494,0.0,0.0
2023-10-03 10:30:00-04:00,0.5844200253486633,0.6000000238418579,0.5799999833106995,0.5996999740600586,28593,0.0,0.0
2023-10-03 11:30:00-04:00,0.5820000171661377,0.589900016784668,0.5799999833106995,0.5799999833106995,59152,0.0,0.0
2023-10-03 12:30:00-04:00,0.5799999833106995,0.5800999999046326,0.5659999847412109,0.5720000267028809,38768,0.0,0.0
2023-10-03 13:30:00-04:00,0.5720000267028809,0.5720000267028809,0.5665000081062317,0.5665000081062317,23356,0.0,0.0
2023-10-03 14:30:00-04:00,0.5665000081062317,0.5834000110626221,0.5665000081062317,0.5680000185966492,35636,0.0,0.0
2023-10-03 15:30:00-04:00,0.5680000185966492,0.5979999899864197,0.5680000185966492,0.5979999899864197,25089,0.0,0.0
2023-10-04 09:30:00-04:00,0.5900999903678894,0.597000002861023,0.5849999785423279,0.5889999866485596,5743,0.0,0.0
2023-10-04 10:30:00-04:00,0.576449990272522,0.5899999737739563,0.5699999928474426,0.5699999928474426,7248,0.0,0.0
2023-10-04 11:30:00-04:00,0.5737000107765198,0.5899999737739563,0.5701000094413757,0.5799999833106995,8959,0.0,0.0
2023-10-04 12:30:00-04:00,0.5899999737739563,0.5899999737739563,0.5611000061035156,0.5799999833106995,7104,0.0,0.0
2023-10-04 13:30:00-04:00,0.5799999833106995,0.5805000066757202,0.550000011920929,0.5632280111312866,80069,0.0,0.0
2023-10-04 14:30:00-04:00,0.5590000152587891,0.5679000020027161,0.5550000071525574,0.5612999796867371,12174,0.0,0.0
2023-10-04 15:30:00-04:00,0.5676000118255615,0.5676000118255615,0.5550000071525574,0.5600000023841858,32519,0.0,0.0
2023-10-05 09:30:00-04:00,0.5699999928474426,0.5753999948501587,0.5699999928474426,0.5752999782562256,13212,0.0,0.0
2023-10-05 10:30:00-04:00,0.5752999782562256,0.5805000066757202,0.5699999928474426,0.5701000094413757,33246,0.0,0.0
2023-10-05 11:30:00-04:00,0.5700010061264038,0.5805000066757202,0.5551000237464905,0.5698000192642212,60543,0.0,0.0
2023-10-05 12:30:00-04:00,0.5698999762535095,0.5699999928474426,0.5616999864578247,0.5699999928474426,116164,0.0,0.0
2023-10-05 13:30:00-04:00,0.5709999799728394,0.5752999782562256,0.5602999925613403,0.5752999782562256,7156,0.0,0.0
2023-10-05 14:30:00-04:00,0.5720000267028809,0.5752999782562256,0.5701000094413757,0.5716000199317932,30812,0.0,0.0
2023-10-05 15:30:00-04:00,0.5716000199317932,0.5805000066757202,0.5701000094413757,0.5785999894142151,105114,0.0,0.0
2023-10-06 09:30:00-04:00,0.5699999928474426,0.5699999928474426,0.5626869797706604,0.5698999762535095,10859,0.0,0.0
2023-10-06 10:30:00-04:00,0.5649999976158142,0.5699999928474426,0.5631009936332703,0.5640000104904175,11847,0.0,0.0
2023-10-06 11:30:00-04:00,0.5666499733924866,0.5733000040054321,0.5630999803543091,0.5698999762535095,45424,0.0,0.0
2023-10-06 12:30:00-04:00,0.5676000118255615,0.5699999928474426,0.5601999759674072,0.5649999976158142,7323,0.0,0.0
2023-10-06 13:30:00-04:00,0.5699999928474426,0.5699999928474426,0.5649999976158142,0.5699999928474426,8008,0.0,0.0
2023-10-06 14:30:00-04:00,0.5698999762535095,0.5699999928474426,0.5604000091552734,0.5609999895095825,11668,0.0,0.0
2023-10-06 15:30:00-04:00,0.5698999762535095,0.5774999856948853,0.5609999895095825,0.5609999895095825,33533,0.0,0.0
2023-10-09 09:30:00-04:00,0.5659999847412109,0.579800009727478,0.550000011920929,0.5605000257492065,86048,0.0,0.0
2023-10-09 10:30:00-04:00,0.5649999976158142,0.5649999976158142,0.5509999990463257,0.55110102891922,6527,0.0,0.0
2023-10-09 11:30:00-04:00,0.5590000152587891,0.5594000220298767,0.5523999929428101,0.5576000213623047,31316,0.0,0.0
2023-10-09 12:30:00-04:00,0.5572999715805054,0.5580000281333923,0.5557000041007996,0.5557000041007996,769,0.0,0.0
2023-10-09 13:30:00-04:00,0.5534999966621399,0.5594000220298767,0.5529999732971191,0.5569999814033508,14836,0.0,0.0
2023-10-09 14:30:00-04:00,0.5569999814033508,0.5594000220298767,0.5529999732971191,0.5529999732971191,18109,0.0,0.0
2023-10-09 15:30:00-04:00,0.5559999942779541,0.5587000250816345,0.550000011920929,0.5550000071525574,39814,0.0,0.0
2023-10-10 09:30:00-04:00,0.5594000220298767,0.5759000182151794,0.5357000231742859,0.5547999739646912,39263,0.0,0.0
2023-10-10 10:30:00-04:00,0.5547500252723694,0.5649999976158142,0.550000011920929,0.5648999810218811,48015,0.0,0.0
2023-10-10 11:30:00-04:00,0.5649999976158142,0.5649999976158142,0.5601000189781189,0.5649999976158142,13159,0.0,0.0
2023-10-10 12:30:00-04:00,0.5649999976158142,0.5649999976158142,0.5511999726295471,0.5600000023841858,44507,0.0,0.0
2023-10-10 13:30:00-04:00,0.5550000071525574,0.5649999976158142,0.5550000071525574,0.5649999976158142,3285,0.0,0.0
2023-10-10 14:30:00-04:00,0.5605499744415283,0.5649999976158142,0.5595999956130981,0.5595999956130981,3217,0.0,0.0
2023-10-10 15:30:00-04:00,0.5595999956130981,0.5649999976158142,0.5595999956130981,0.5600000023841858,13052,0.0,0.0
2023-10-11 09:30:00-04:00,0.550000011920929,0.5649999976158142,0.550000011920929,0.5600000023841858,18334,0.0,0.0
2023-10-11 10:30:00-04:00,0.5562000274658203,0.5649999976158142,0.5562000274658203,0.5649999976158142,4033,0.0,0.0
2023-10-11 11:30:00-04:00,0.5648999810218811,0.5649999976158142,0.5561000108718872,0.5649999976158142,8312,0.0,0.0
2023-10-11 12:30:00-04:00,0.5649999976158142,0.5649999976158142,0.5550000071525574,0.5599499940872192,17938,0.0,0.0
2023-10-11 13:30:00-04:00,0.5550000071525574,0.5648999810218811,0.5550000071525574,0.5640000104904175,1950,0.0,0.0
2023-10-11 14:30:00-04:00,0.5640000104904175,0.5649999976158142,0.5550000071525574,0.5648999810218811,13249,0.0,0.0
2023-10-11 15:30:00-04:00,0.5649999976158142,0.5649999976158142,0.5550000071525574,0.5550000071525574,22759,0.0,0.0
2023-10-12 09:30:00-04:00,0.5649999976158142,0.5694000124931335,0.5460000038146973,0.546999990940094,32530,0.0,0.0
2023-10-12 10:30:00-04:00,0.5478000044822693,0.5600000023841858,0.5410000085830688,0.5550000071525574,54796,0.0,0.0
2023-10-12 11:30:00-04:00,0.5432999730110168,0.5600000023841858,0.5419999957084656,0.5450000166893005,9020,0.0,0.0
2023-10-12 12:30:00-04:00,0.550000011920929,0.5600000023841858,0.550000011920929,0.5509999990463257,145411,0.0,0.0
2023-10-12 13:30:00-04:00,0.550000011920929,0.5551999807357788,0.5410000085830688,0.5429999828338623,114748,0.0,0.0
2023-10-12 14:30:00-04:00,0.5460000038146973,0.555899977684021,0.5429999828338623,0.550000011920929,55552,0.0,0.0
2023-10-12 15:30:00-04:00,0.5519999861717224,0.5600000023841858,0.5519999861717224,0.5559999942779541,4568,0.0,0.0
2023-10-13 09:30:00-04:00,0.5600000023841858,0.5600000023841858,0.550000011920929,0.5525000095367432,18996,0.0,0.0
2023-10-13 10:30:00-04:00,0.5548999905586243,0.5550000071525574,0.5450999736785889,0.5548779964447021,28583,0.0,0.0
2023-10-13 11:30:00-04:00,0.550000011920929,0.5550000071525574,0.5494999885559082,0.5550000071525574,30958,0.0,0.0
2023-10-13 12:30:00-04:00,0.5525000095367432,0.5548999905586243,0.550000011920929,0.5548999905586243,4767,0.0,0.0
2023-10-13 13:30:00-04:00,0.550000011920929,0.550000011920929,0.5450000166893005,0.5450000166893005,18607,0.0,0.0
2023-10-13 14:30:00-04:00,0.5483279824256897,0.5493000149726868,0.5450000166893005,0.5450000166893005,16790,0.0,0.0
2023-10-13 15:30:00-04:00,0.5450999736785889,0.5550000071525574,0.5400000214576721,0.5540000200271606,38340,0.0,0.0
2023-10-16 09:30:00-04:00,0.5320000052452087,0.5472000241279602,0.5320000052452087,0.5450000166893005,75956,0.0,0.0
2023-10-16 10:30:00-04:00,0.5450000166893005,0.5479000210762024,0.5400000214576721,0.5400000214576721,15538,0.0,0.0
2023-10-16 11:30:00-04:00,0.5400000214576721,0.5498999953269958,0.5400000214576721,0.5497999787330627,18544,0.0,0.0
2023-10-16 12:30:00-04:00,0.5498999953269958,0.550000011920929,0.5400999784469604,0.550000011920929,34470,0.0,0.0
2023-10-16 13:30:00-04:00,0.5458999872207642,0.550000011920929,0.5424000024795532,0.5424000024795532,2798,0.0,0.0
2023-10-16 14:30:00-04:00,0.5498989820480347,0.550000011920929,0.5419999957084656,0.550000011920929,17727,0.0,0.0
2023-10-16 15:30:00-04:00,0.550000011920929,0.550000011920929,0.546999990940094,0.546999990940094,15518,0.0,0.0
2023-10-17 09:30:00-04:00,0.5374000072479248,0.550000011920929,0.5350000262260437,0.539900004863739,9281,0.0,0.0
2023-10-17 10:30:00-04:00,0.5360999703407288,0.5400000214576721,0.5350000262260437,0.5400000214576721,17934,0.0,0.0
2023-10-17 11:30:00-04:00,0.5364999771118164,0.5400999784469604,0.5364500284194946,0.5392510294914246,45496,0.0,0.0
2023-10-17 12:30:00-04:00,0.5400000214576721,0.5498999953269958,0.5385000109672546,0.5429400205612183,31403,0.0,0.0
2023-10-17 13:30:00-04:00,0.5400000214576721,0.5497999787330627,0.5400000214576721,0.5482000112533569,13263,0.0,0.0
2023-10-17 14:30:00-04:00,0.5490000247955322,0.5490000247955322,0.5274999737739563,0.5299999713897705,40931,0.0,0.0
2023-10-17 15:30:00-04:00,0.5280500054359436,0.5299999713897705,0.5280500054359436,0.5291000008583069,23754,0.0,0.0
2023-10-18 09:30:00-04:00,0.5396999716758728,0.5450000166893005,0.5299999713897705,0.5450000166893005,313039,0.0,0.0
2023-10-18 10:30:00-04:00,0.5321000218391418,0.5440000295639038,0.5249999761581421,0.5249999761581421,68783,0.0,0.0
2023-10-18 11:30:00-04:00,0.5400000214576721,0.5450000166893005,0.5249999761581421,0.5300999879837036,21244,0.0,0.0
2023-10-18 12:30:00-04:00,0.531000018119812,0.539900004863739,0.5260999798774719,0.5299999713897705,30343,0.0,0.0
2023-10-18 13:30:00-04:00,0.5299999713897705,0.5339999794960022,0.5274999737739563,0.5281000137329102,21795,0.0,0.0
2023-10-18 14:30:00-04:00,0.5281000137329102,0.5299000144004822,0.5249999761581421,0.5270000100135803,49187,0.0,0.0
2023-10-18 15:30:00-04:00,0.5270000100135803,0.5294269919395447,0.5115000009536743,0.5120000243186951,70980,0.0,0.0
2023-10-19 09:30:00-04:00,0.550000011920929,0.550000011920929,0.46149998903274536,0.5,293095,0.0,0.0
2023-10-19 10:30:00-04:00,0.5,0.5048999786376953,0.47999998927116394,0.5,76658,0.0,0.0
2023-10-19 11:30:00-04:00,0.5,0.5098999738693237,0.49230000376701355,0.5,21775,0.0,0.0
2023-10-19 12:30:00-04:00,0.5,0.5097000002861023,0.49950000643730164,0.5044999718666077,109694,0.0,0.0
2023-10-19 13:30:00-04:00,0.5081189870834351,0.5081189870834351,0.4991999864578247,0.5,43005,0.0,0.0
2023-10-19 14:30:00-04:00,0.4991999864578247,0.5037999749183655,0.4943999946117401,0.5,14114,0.0,0.0
2023-10-19 15:30:00-04:00,0.5,0.5034999847412109,0.4853000044822693,0.48539999127388,37176,0.0,0.0
2023-10-20 09:30:00-04:00,0.4950000047683716,0.5,0.48100000619888306,0.4975000023841858,22788,0.0,0.0
2023-10-20 10:30:00-04:00,0.49790000915527344,0.49790000915527344,0.49000000953674316,0.4937500059604645,19022,0.0,0.0
2023-10-20 11:30:00-04:00,0.49000000953674316,0.4923990070819855,0.48100000619888306,0.4906170070171356,18577,0.0,0.0
2023-10-20 12:30:00-04:00,0.4927000105381012,0.4927000105381012,0.48579999804496765,0.48579999804496765,13875,0.0,0.0
2023-10-20 13:30:00-04:00,0.48579999804496765,0.48750001192092896,0.48100000619888306,0.4830999970436096,16685,0.0,0.0
2023-10-20 14:30:00-04:00,0.48100000619888306,0.4830999970436096,0.46399998664855957,0.4740000069141388,81111,0.0,0.0
2023-10-20 15:30:00-04:00,0.4722000062465668,0.47439900040626526,0.4699999988079071,0.47209998965263367,9295,0.0,0.0
2023-10-23 09:30:00-04:00,0.4810999929904938,0.4999000132083893,0.44999998807907104,0.46000000834465027,578049,0.0,0.0
2023-10-23 10:30:00-04:00,0.4652999937534332,0.4652999937534332,0.4300000071525574,0.4399999976158142,108000,0.0,0.0
2023-10-23 11:30:00-04:00,0.4432010054588318,0.47209998965263367,0.4399999976158142,0.4424999952316284,96068,0.0,0.0
2023-10-23 12:30:00-04:00,0.4449490010738373,0.4496999979019165,0.43700000643730164,0.4490000009536743,66137,0.0,0.0
2023-10-23 13:30:00-04:00,0.44940000772476196,0.44999998807907104,0.4410000145435333,0.44200000166893005,82176,0.0,0.0
2023-10-23 14:30:00-04:00,0.4410000145435333,0.44999998807907104,0.4410000145435333,0.4410000145435333,50053,0.0,0.0
2023-10-23 15:30:00-04:00,0.4454500079154968,0.4544999897480011,0.4410000145435333,0.45350000262260437,55376,0.0,0.0
2023-10-24 09:30:00-04:00,0.41999998688697815,0.46000000834465027,0.41999998688697815,0.44989898800849915,192131,0.0,0.0
2023-10-24 10:30:00-04:00,0.44749999046325684,0.4578000009059906,0.4459399878978729,0.45010000467300415,34254,0.0,0.0
2023-10-24 11:30:00-04:00,0.45010000467300415,0.458499014377594,0.44999998807907104,0.458499014377594,29864,0.0,0.0
2023-10-24 12:30:00-04:00,0.45010000467300415,0.460099995136261,0.45010000467300415,0.460099995136261,17649,0.0,0.0
2023-10-24 13:30:00-04:00,0.45570099353790283,0.4650000035762787,0.4399999976158142,0.45419999957084656,55482,0.0,0.0
2023-10-24 14:30:00-04:00,0.45419999957084656,0.4569999873638153,0.44999998807907104,0.4514999985694885,27590,0.0,0.0
2023-10-24 15:30:00-04:00,0.45509999990463257,0.4650000035762787,0.4499000012874603,0.4499000012874603,42520,0.0,0.0
2023-10-25 09:30:00-04:00,0.4560000002384186,0.4925000071525574,0.4560000002384186,0.492000013589859,17516,0.0,0.0
2023-10-25 10:30:00-04:00,0.48249998688697815,0.48249998688697815,0.4611000120639801,0.46129998564720154,13057,0.0,0.0
2023-10-25 11:30:00-04:00,0.46560001373291016,0.4699999988079071,0.46129998564720154,0.4620000123977661,50604,0.0,0.0
2023-10-25 12:30:00-04:00,0.4657000005245209,0.4684999883174896,0.4620000123977661,0.46399998664855957,11853,0.0,0.0
2023-10-25 13:30:00-04:00,0.4650999903678894,0.4661000072956085,0.43130001425743103,0.46540001034736633,66428,0.0,0.0
2023-10-25 14:30:00-04:00,0.4424000084400177,0.46540001034736633,0.4424000084400177,0.45820000767707825,6737,0.0,0.0
2023-10-25 15:30:00-04:00,0.45329999923706055,0.45820000767707825,0.43070000410079956,0.43070000410079956,24399,0.0,0.0
2023-10-26 09:30:00-04:00,0.4433000087738037,0.4740000069141388,0.4300999939441681,0.4647989869117737,46075,0.0,0.0
2023-10-26 10:30:00-04:00,0.44714999198913574,0.46470001339912415,0.44200000166893005,0.44999998807907104,14534,0.0,0.0
2023-10-26 11:30:00-04:00,0.45719999074935913,0.4749000072479248,0.4410009980201721,0.44999998807907104,12061,0.0,0.0
2023-10-26 12:30:00-04:00,0.44999998807907104,0.4625000059604645,0.4401000142097473,0.4625000059604645,17602,0.0,0.0
2023-10-26 13:30:00-04:00,0.4510509967803955,0.4625000059604645,0.4410000145435333,0.44609999656677246,5782,0.0,0.0
2023-10-26 14:30:00-04:00,0.44339999556541443,0.44699999690055847,0.4099999964237213,0.43290001153945923,1087502,0.0,0.0
2023-10-26 15:30:00-04:00,0.43290001153945923,0.44269999861717224,0.4099999964237213,0.4348999857902527,122537,0.0,0.0
2023-10-27 09:30:00-04:00,0.4699999988079071,0.47211799025535583,0.44200000166893005,0.44209998846054077,24053,0.0,0.0
2023-10-27 10:30:00-04:00,0.44200000166893005,0.4611999988555908,0.4251999855041504,0.4300999939441681,15541,0.0,0.0
2023-10-27 11:30:00-04:00,0.4300000071525574,0.44040000438690186,0.4300000071525574,0.44029998779296875,1845,0.0,0.0
2023-10-27 12:30:00-04:00,0.4300000071525574,0.44759899377822876,0.4300000071525574,0.4388999938964844,11878,0.0,0.0
2023-10-27 13:30:00-04:00,0.4350000023841858,0.43639999628067017,0.4300000071525574,0.43639999628067017,2042,0.0,0.0
2023-10-27 14:30:00-04:00,0.44760000705718994,0.44760000705718994,0.4350999891757965,0.4350999891757965,1484,0.0,0.0
2023-10-27 15:30:00-04:00,0.4361500144004822,0.4422999918460846,0.4300000071525574,0.4300000071525574,12584,0.0,0.0
2023-10-30 09:30:00-04:00,0.46000000834465027,0.46000000834465027,0.4300000071525574,0.4350000023841858,44220,0.0,0.0
2023-10-30 10:30:00-04:00,0.4300000071525574,0.4399999976158142,0.42160001397132874,0.42500001192092896,161329,0.0,0.0
2023-10-30 11:30:00-04:00,0.4250999987125397,0.4490000009536743,0.4250999987125397,0.4399999976158142,25671,0.0,0.0
2023-10-30 12:30:00-04:00,0.4300000071525574,0.4490000009536743,0.4300000071525574,0.4300999939441681,22143,0.0,0.0
2023-10-30 13:30:00-04:00,0.4300000071525574,0.4429999887943268,0.4300000071525574,0.43689998984336853,7833,0.0,0.0
2023-10-30 14:30:00-04:00,0.4429999887943268,0.4430989921092987,0.43389999866485596,0.4343000054359436,53693,0.0,0.0
2023-10-30 15:30:00-04:00,0.4343000054359436,0.44200000166893005,0.42500001192092896,0.4300000071525574,38183,0.0,0.0
2023-10-31 09:30:00-04:00,0.43799999356269836,0.43799999356269836,0.43050000071525574,0.4375,13692,0.0,0.0
2023-10-31 10:30:00-04:00,0.43222999572753906,0.4392000138759613,0.43000999093055725,0.43000999093055725,50238,0.0,0.0
2023-10-31 11:30:00-04:00,0.43799999356269836,0.4499000012874603,0.4301010072231293,0.4350999891757965,59400,0.0,0.0
2023-10-31 12:30:00-04:00,0.43744999170303345,0.4399000108242035,0.4300000071525574,0.4350000023841858,18110,0.0,0.0
2023-10-31 13:30:00-04:00,0.4375,0.4399000108242035,0.4300000071525574,0.4399000108242035,7786,0.0,0.0
2023-10-31 14:30:00-04:00,0.43209999799728394,0.4399000108242035,0.4320000112056732,0.43639999628067017,9379,0.0,0.0
2023-10-31 15:30:00-04:00,0.43000099062919617,0.4397999942302704,0.42100000381469727,0.4320000112056732,34947,0.0,0.0
2023-11-01 09:30:00-04:00,0.4300000071525574,0.4350000023841858,0.42329999804496765,0.42329999804496765,10370,0.0,0.0
2023-11-01 10:30:00-04:00,0.4257499873638153,0.42989999055862427,0.41909998655319214,0.41999998688697815,39757,0.0,0.0
2023-11-01 11:30:00-04:00,0.42399999499320984,0.42399999499320984,0.41273999214172363,0.41499999165534973,27721,0.0,0.0
2023-11-01 12:30:00-04:00,0.4196000099182129,0.4196000099182129,0.4101000130176544,0.4162999987602234,83840,0.0,0.0
2023-11-01 13:30:00-04:00,0.4153999984264374,0.4189999997615814,0.41100001335144043,0.414900004863739,63334,0.0,0.0
2023-11-01 14:30:00-04:00,0.4187000095844269,0.429500013589859,0.4187000095844269,0.42500001192092896,14079,0.0,0.0
2023-11-01 15:30:00-04:00,0.42500001192092896,0.4334999918937683,0.42239999771118164,0.42250001430511475,27249,0.0,0.0
2023-11-02 09:30:00-04:00,0.4399999976158142,0.4399999976158142,0.42113998532295227,0.4300000071525574,36149,0.0,0.0
2023-11-02 10:30:00-04:00,0.43303000926971436,0.4390000104904175,0.41679999232292175,0.4300000071525574,29529,0.0,0.0
2023-11-02 11:30:00-04:00,0.4249509871006012,0.4300000071525574,0.42010000348091125,0.4256500005722046,15945,0.0,0.0
2023-11-02 12:30:00-04:00,0.4300000071525574,0.4300000071525574,0.42570000886917114,0.42570000886917114,2114,0.0,0.0
2023-11-02 13:30:00-04:00,0.4300000071525574,0.4300000071525574,0.41499999165534973,0.42489999532699585,79044,0.0,0.0
2023-11-02 14:30:00-04:00,0.42487600445747375,0.4250999987125397,0.4248749911785126,0.4250999987125397,1272,0.0,0.0
2023-11-02 15:30:00-04:00,0.4251999855041504,0.4300000071525574,0.4226999878883362,0.4228000044822693,12983,0.0,0.0
2023-11-03 09:30:00-04:00,0.4399999976158142,0.4569999873638153,0.41870999336242676,0.45350000262260437,71939,0.0,0.0
2023-11-03 10:30:00-04:00,0.45020100474357605,0.4569999873638153,0.4456000030040741,0.4569999873638153,45674,0.0,0.0
2023-11-03 11:30:00-04:00,0.4449999928474426,0.48059898614883423,0.4449999928474426,0.4754999876022339,359871,0.0,0.0
2023-11-03 12:30:00-04:00,0.460999995470047,0.4749999940395355,0.44999998807907104,0.4650000035762787,143846,0.0,0.0
2023-11-03 13:30:00-04:00,0.45890000462532043,0.4749999940395355,0.45890000462532043,0.4681999981403351,101927,0.0,0.0
2023-11-03 14:30:00-04:00,0.4681999981403351,0.4973999857902527,0.4681999981403351,0.475600004196167,183639,0.0,0.0
2023-11-03 15:30:00-04:00,0.475600004196167,0.48989999294281006,0.4449999928474426,0.460999995470047,78749,0.0,0.0
2023-11-06 09:30:00-05:00,0.46309998631477356,0.47999998927116394,0.46309998631477356,0.4710499942302704,50142,0.0,0.0
2023-11-06 10:30:00-05:00,0.4710499942302704,0.47999998927116394,0.46320000290870667,0.4636330008506775,6054,0.0,0.0
2023-11-06 11:30:00-05:00,0.477198988199234,0.4772000014781952,0.4650000035762787,0.4772000014781952,11248,0.0,0.0
2023-11-06 12:30:00-05:00,0.47699999809265137,0.4772000014781952,0.4650000035762787,0.47110000252723694,4932,0.0,0.0
2023-11-06 13:30:00-05:00,0.4749999940395355,0.4772000014781952,0.47110000252723694,0.4717000126838684,4017,0.0,0.0
2023-11-06 14:30:00-05:00,0.4715000092983246,0.4779999852180481,0.4650000035762787,0.4779999852180481,111220,0.0,0.0
2023-11-06 15:30:00-05:00,0.4715000092983246,0.4779999852180481,0.4650000035762787,0.47110000252723694,11555,0.0,0.0
2023-11-07 09:30:00-05:00,0.492000013589859,0.492000013589859,0.4553999900817871,0.48989999294281006,42186,0.0,0.0
2023-11-07 10:30:00-05:00,0.48499900102615356,0.48840001225471497,0.4699999988079071,0.4699999988079071,21187,0.0,0.0
2023-11-07 11:30:00-05:00,0.4675999879837036,0.48829999566078186,0.46000000834465027,0.4700999855995178,40109,0.0,0.0
2023-11-07 12:30:00-05:00,0.4700999855995178,0.48829901218414307,0.450300008058548,0.4598410129547119,119001,0.0,0.0
2023-11-07 13:30:00-05:00,0.45989999175071716,0.46000000834465027,0.4536629915237427,0.46000000834465027,11846,0.0,0.0
2023-11-07 14:30:00-05:00,0.45669999718666077,0.4699999988079071,0.45410099625587463,0.4690000116825104,51446,0.0,0.0
2023-11-07 15:30:00-05:00,0.4690000116825104,0.4699999988079071,0.4602000117301941,0.4602999985218048,22564,0.0,0.0
2023-11-08 09:30:00-05:00,0.46000000834465027,0.48989999294281006,0.46000000834465027,0.4740000069141388,19100,0.0,0.0
2023-11-08 10:30:00-05:00,0.4740000069141388,0.48500001430511475,0.46000000834465027,0.4848000109195709,41603,0.0,0.0
2023-11-08 11:30:00-05:00,0.48489999771118164,0.48489999771118164,0.46000000834465027,0.4690000116825104,48527,0.0,0.0
2023-11-08 12:30:00-05:00,0.46399998664855957,0.48649999499320984,0.46399998664855957,0.48489999771118164,39929,0.0,0.0
2023-11-08 13:30:00-05:00,0.48559999465942383,0.48980000615119934,0.48489999771118164,0.48510000109672546,82956,0.0,0.0
2023-11-08 14:30:00-05:00,0.48510000109672546,0.4999000132083893,0.48489999771118164,0.49970000982284546,59014,0.0,0.0
2023-11-08 15:30:00-05:00,0.4860000014305115,0.4999000132083893,0.48500001430511475,0.4860000014305115,49945,0.0,0.0
2023-11-09 09:30:00-05:00,0.46000000834465027,0.5,0.46000000834465027,0.49970000982284546,119288,0.0,0.0
2023-11-09 10:30:00-05:00,0.4948999881744385,0.4999000132083893,0.4850499927997589,0.49390000104904175,48762,0.0,0.0
2023-11-09 11:30:00-05:00,0.49390000104904175,0.4999000132083893,0.4699999988079071,0.4999000132083893,75937,0.0,0.0
2023-11-09 12:30:00-05:00,0.4999000132083893,0.5,0.4699999988079071,0.48989999294281006,11332,0.0,0.0
2023-11-09 13:30:00-05:00,0.47510001063346863,0.49000000953674316,0.44620001316070557,0.460099995136261,130799,0.0,0.0
2023-11-09 14:30:00-05:00,0.4650999903678894,0.4699999988079071,0.46000000834465027,0.4652999937534332,24271,0.0,0.0
2023-11-09 15:30:00-05:00,0.4625999927520752,0.46389999985694885,0.4399000108242035,0.4399999976158142,61490,0.0,0.0
2023-11-10 09:30:00-05:00,0.4765999913215637,0.4980989992618561,0.4399999976158142,0.45010000467300415,36875,0.0,0.0
2023-11-10 10:30:00-05:00,0.44999998807907104,0.4799000024795532,0.44999998807907104,0.4799000024795532,8705,0.0,0.0
2023-11-10 11:30:00-05:00,0.47999998927116394,0.47999998927116394,0.44999998807907104,0.4602000117301941,11929,0.0,0.0
2023-11-10 12:30:00-05:00,0.4602000117301941,0.4750500023365021,0.4602000117301941,0.4602000117301941,9594,0.0,0.0
2023-11-10 13:30:00-05:00,0.4602000117301941,0.4648999869823456,0.4602000117301941,0.4602000117301941,3176,0.0,0.0
2023-11-10 14:30:00-05:00,0.4602999985218048,0.4648999869823456,0.45010000467300415,0.45010000467300415,24321,0.0,0.0
2023-11-10 15:30:00-05:00,0.44999998807907104,0.45489999651908875,0.44020000100135803,0.44020000100135803,44065,0.0,0.0
2023-11-13 09:30:00-05:00,0.5,0.5,0.46799999475479126,0.4740999937057495,71712,0.0,0.0
2023-11-13 10:30:00-05:00,0.4740999937057495,0.4799000024795532,0.45010000467300415,0.45010000467300415,22953,0.0,0.0
2023-11-13 11:30:00-05:00,0.4649510085582733,0.4797999858856201,0.45010000467300415,0.4699000120162964,21416,0.0,0.0
2023-11-13 12:30:00-05:00,0.4620000123977661,0.4797999858856201,0.44999998807907104,0.45500001311302185,6832,0.0,0.0
2023-11-13 13:30:00-05:00,0.45500001311302185,0.47780001163482666,0.45500001311302185,0.45509999990463257,3454,0.0,0.0
2023-11-13 14:30:00-05:00,0.44999998807907104,0.4641999900341034,0.44999998807907104,0.45010000467300415,0,0.0,0.0
2023-11-13 15:30:00-05:00,0.45190000534057617,0.46709999442100525,0.450300008058548,0.46700000762939453,150521,0.0,0.0
2023-11-14 09:30:00-05:00,0.4699999988079071,0.48750001192092896,0.46209999918937683,0.4700999855995178,24382,0.0,0.0
2023-11-14 10:30:00-05:00,0.47600001096725464,0.48489999771118164,0.460999995470047,0.460999995470047,19003,0.0,0.0
2023-11-14 11:30:00-05:00,0.460099995136261,0.4697999954223633,0.46000000834465027,0.4641999900341034,6297,0.0,0.0
2023-11-14 12:30:00-05:00,0.46000000834465027,0.46959999203681946,0.45010000467300415,0.45989999175071716,50434,0.0,0.0
2023-11-14 13:30:00-05:00,0.4505000114440918,0.4657999873161316,0.45019999146461487,0.46540001034736633,29132,0.0,0.0
2023-11-14 14:30:00-05:00,0.45089998841285706,0.4699999988079071,0.45089998841285706,0.4699999988079071,24388,0.0,0.0
2023-11-14 15:30:00-05:00,0.484499990940094,0.48500001430511475,0.46000000834465027,0.46720001101493835,18053,0.0,0.0
2023-11-15 09:30:00-05:00,0.48410001397132874,0.48570001125335693,0.4700999855995178,0.4729999899864197,50422,0.0,0.0
2023-11-15 10:30:00-05:00,0.47554999589920044,0.49000000953674316,0.47099998593330383,0.47999998927116394,58467,0.0,0.0
2023-11-15 11:30:00-05:00,0.4846000075340271,0.4846000075340271,0.4700999855995178,0.47725099325180054,4822,0.0,0.0
2023-11-15 12:30:00-05:00,0.484499990940094,0.484499990940094,0.4699999988079071,0.4699999988079071,23991,0.0,0.0
2023-11-15 13:30:00-05:00,0.4699999988079071,0.484499990940094,0.4699999988079071,0.47600001096725464,9160,0.0,0.0
2023-11-15 14:30:00-05:00,0.47600001096725464,0.4844000041484833,0.47200000286102295,0.4781999886035919,47967,0.0,0.0
2023-11-15 15:30:00-05:00,0.4781999886035919,0.4844000041484833,0.47200000286102295,0.4749999940395355,98852,0.0,0.0
2023-11-16 09:30:00-05:00,0.4650000035762787,0.48890000581741333,0.4650000035762787,0.476500004529953,17315,0.0,0.0
2023-11-16 10:30:00-05:00,0.47540000081062317,0.48579999804496765,0.47540000081062317,0.4830000102519989,2232,0.0,0.0
2023-11-16 11:30:00-05:00,0.47540000081062317,0.48579999804496765,0.4715000092983246,0.4715000092983246,1602,0.0,0.0
2023-11-16 12:30:00-05:00,0.4778999984264374,0.4848000109195709,0.4699999988079071,0.48399999737739563,8841,0.0,0.0
2023-11-16 13:30:00-05:00,0.4749999940395355,0.48500001430511475,0.46000000834465027,0.48399999737739563,68282,0.0,0.0
2023-11-16 14:30:00-05:00,0.4796999990940094,0.4796999990940094,0.4699999988079071,0.47600001096725464,4062,0.0,0.0
2023-11-16 15:30:00-05:00,0.4731000065803528,0.48399999737739563,0.46000000834465027,0.46000000834465027,24730,0.0,0.0
2023-11-17 09:30:00-05:00,0.460999995470047,0.48479899764060974,0.460999995470047,0.4844990074634552,8704,0.0,0.0
2023-11-17 10:30:00-05:00,0.4726499915122986,0.4796000123023987,0.4611000120639801,0.4699999988079071,17029,0.0,0.0
2023-11-17 11:30:00-05:00,0.47999998927116394,0.47999998927116394,0.46299999952316284,0.47099998593330383,2343,0.0,0.0
2023-11-17 12:30:00-05:00,0.47099998593330383,0.4740000069141388,0.47099998593330383,0.4740000069141388,1368,0.0,0.0
2023-11-17 13:30:00-05:00,0.47600001096725464,0.48500001430511475,0.47314900159835815,0.48500001430511475,27995,0.0,0.0
2023-11-17 14:30:00-05:00,0.48500001430511475,0.5199999809265137,0.47200000286102295,0.5199999809265137,141851,0.0,0.0
2023-11-17 15:30:00-05:00,0.5214999914169312,0.5400000214576721,0.510200023651123,0.510200023651123,190366,0.0,0.0
2023-11-20 09:30:00-05:00,0.5400000214576721,0.550000011920929,0.48660001158714294,0.5199999809265137,3706814,0.0,0.0
2023-11-20 10:30:00-05:00,0.5270000100135803,0.5270000100135803,0.4959000051021576,0.5195000171661377,256801,0.0,0.0
2023-11-20 11:30:00-05:00,0.5167999863624573,0.5180000066757202,0.47049999237060547,0.49000000953674316,265810,0.0,0.0
2023-11-20 12:30:00-05:00,0.4999000132083893,0.5067999958992004,0.48019999265670776,0.5,190974,0.0,0.0
2023-11-20 13:30:00-05:00,0.4985499978065491,0.5182989835739136,0.49050000309944153,0.5090000033378601,98325,0.0,0.0
2023-11-20 14:30:00-05:00,0.5098000168800354,0.5098999738693237,0.49000000953674316,0.4962500035762787,190620,0.0,0.0
2023-11-20 15:30:00-05:00,0.5,0.5182999968528748,0.49000000953674316,0.5059999823570251,197165,0.0,0.0
2023-11-21 09:30:00-05:00,0.5189999938011169,0.5199000239372253,0.47999998927116394,0.48969998955726624,214065,0.0,0.0
2023-11-21 10:30:00-05:00,0.48969998955726624,0.48969998955726624,0.4611009955406189,0.4697999954223633,145402,0.0,0.0
2023-11-21 11:30:00-05:00,0.46790000796318054,0.4796000123023987,0.46000000834465027,0.47099998593330383,116744,0.0,0.0
2023-11-21 12:30:00-05:00,0.4715999960899353,0.4796000123023987,0.45489999651908875,0.46000000834465027,78054,0.0,0.0
2023-11-21 13:30:00-05:00,0.4575999975204468,0.4731999933719635,0.451200008392334,0.46000000834465027,104848,0.0,0.0
2023-11-21 14:30:00-05:00,0.45509999990463257,0.4648999869823456,0.45500001311302185,0.4553999900817871,74095,0.0,0.0
2023-11-21 15:30:00-05:00,0.4553999900817871,0.46299999952316284,0.45500001311302185,0.45910000801086426,49306,0.0,0.0
2023-11-22 09:30:00-05:00,0.4593000113964081,0.4593000113964081,0.442330002784729,0.44999998807907104,103742,0.0,0.0
2023-11-22 10:30:00-05:00,0.45190000534057617,0.46000000834465027,0.44999998807907104,0.4571009874343872,46442,0.0,0.0
2023-11-22 11:30:00-05:00,0.4571000039577484,0.46000000834465027,0.4571000039577484,0.4578000009059906,18794,0.0,0.0
2023-11-22 12:30:00-05:00,0.45719999074935913,0.4593000113964081,0.45500001311302185,0.4593000113964081,18433,0.0,0.0
2023-11-22 13:30:00-05:00,0.45509999990463257,0.46000000834465027,0.45399999618530273,0.4593000113964081,86345,0.0,0.0
2023-11-22 14:30:00-05:00,0.45980000495910645,0.5098999738693237,0.4564000070095062,0.503000020980835,169753,0.0,0.0
2023-11-22 15:30:00-05:00,0.5029000043869019,0.5099999904632568,0.49000000953674316,0.5034999847412109,128558,0.0,0.0
2023-11-24 09:30:00-05:00,0.4970000088214874,0.5396000146865845,0.4970000088214874,0.5335500240325928,286006,0.0,0.0
2023-11-24 10:30:00-05:00,0.5321000218391418,0.5367000102996826,0.5109000205993652,0.5270000100135803,60321,0.0,0.0
2023-11-24 11:30:00-05:00,0.5235490202903748,0.5267000198364258,0.5099999904632568,0.5170000195503235,46868,0.0,0.0
2023-11-27 09:30:00-05:00,0.5040000081062317,0.5267000198364258,0.5,0.5230000019073486,99460,0.0,0.0
2023-11-27 10:30:00-05:00,0.520359992980957,0.5450000166893005,0.5200999975204468,0.5357279777526855,153137,0.0,0.0
2023-11-27 11:30:00-05:00,0.535099983215332,0.5379999876022339,0.5101000070571899,0.5290039777755737,88308,0.0,0.0
2023-11-27 12:30:00-05:00,0.5200499892234802,0.5299999713897705,0.5101000070571899,0.5199000239372253,49808,0.0,0.0
2023-11-27 13:30:00-05:00,0.5109999775886536,0.5199999809265137,0.5101000070571899,0.5134999752044678,76245,0.0,0.0
2023-11-27 14:30:00-05:00,0.5120000243186951,0.5339999794960022,0.511900007724762,0.5338000059127808,76105,0.0,0.0
2023-11-27 15:30:00-05:00,0.5338000059127808,0.5339999794960022,0.5149999856948853,0.5299999713897705,40019,0.0,0.0
2023-11-28 09:30:00-05:00,0.550000011920929,0.550000011920929,0.5099999904632568,0.5099999904632568,105345,0.0,0.0
2023-11-28 10:30:00-05:00,0.5299999713897705,0.5299999713897705,0.491100013256073,0.5095099806785583,70967,0.0,0.0
2023-11-28 11:30:00-05:00,0.5098999738693237,0.5299999713897705,0.5001000165939331,0.510200023651123,40728,0.0,0.0
2023-11-28 12:30:00-05:00,0.5153999924659729,0.515500009059906,0.5077999830245972,0.5105000138282776,36020,0.0,0.0
2023-11-28 13:30:00-05:00,0.5099999904632568,0.515500009059906,0.5044999718666077,0.5099999904632568,31174,0.0,0.0
2023-11-28 14:30:00-05:00,0.5099999904632568,0.515500009059906,0.5044999718666077,0.5045999884605408,56178,0.0,0.0
2023-11-28 15:30:00-05:00,0.5066999793052673,0.527899980545044,0.5044999718666077,0.527899980545044,59639,0.0,0.0
2023-11-29 09:30:00-05:00,0.5199999809265137,0.550000011920929,0.5199999809265137,0.550000011920929,331066,0.0,0.0
2023-11-29 10:30:00-05:00,0.5498999953269958,0.5600000023841858,0.5400000214576721,0.550000011920929,123655,0.0,0.0
2023-11-29 11:30:00-05:00,0.5507000088691711,0.5649999976158142,0.550000011920929,0.5645999908447266,78203,0.0,0.0
2023-11-29 12:30:00-05:00,0.5550000071525574,0.5799999833106995,0.5231000185012817,0.5299999713897705,239636,0.0,0.0
2023-11-29 13:30:00-05:00,0.5299999713897705,0.5699999928474426,0.5285999774932861,0.550000011920929,162921,0.0,0.0
2023-11-29 14:30:00-05:00,0.5600000023841858,0.5699999928474426,0.550000011920929,0.5631009936332703,66328,0.0,0.0
2023-11-29 15:30:00-05:00,0.5630999803543091,0.5662549734115601,0.550000011920929,0.5549989938735962,51238,0.0,0.0
2023-11-30 09:30:00-05:00,0.5799999833106995,0.5799999833106995,0.550000011920929,0.5748999714851379,168821,0.0,0.0
2023-11-30 10:30:00-05:00,0.5629299879074097,0.5874999761581421,0.5587630271911621,0.5874999761581421,72341,0.0,0.0
2023-11-30 11:30:00-05:00,0.5787000060081482,0.5849999785423279,0.5600000023841858,0.5799999833106995,72589,0.0,0.0
2023-11-30 12:30:00-05:00,0.570451021194458,0.5799999833106995,0.550000011920929,0.5699999928474426,89445,0.0,0.0
2023-11-30 13:30:00-05:00,0.5699999928474426,0.5799999833106995,0.5554999709129333,0.5649999976158142,39595,0.0,0.0
2023-11-30 14:30:00-05:00,0.5789999961853027,0.5789999961853027,0.5555999875068665,0.574999988079071,50372,0.0,0.0
2023-11-30 15:30:00-05:00,0.574400007724762,0.574400007724762,0.5600000023841858,0.5600000023841858,12208,0.0,0.0
2023-12-01 09:30:00-05:00,0.5699999928474426,0.5699999928474426,0.550000011920929,0.5690000057220459,109430,0.0,0.0
2023-12-01 10:30:00-05:00,0.5680000185966492,0.5680000185966492,0.5521000027656555,0.5679000020027161,13783,0.0,0.0
2023-12-01 11:30:00-05:00,0.5678989887237549,0.5996999740600586,0.5600000023841858,0.5996999740600586,69421,0.0,0.0
2023-12-01 12:30:00-05:00,0.5709999799728394,0.593999981880188,0.5709999799728394,0.574999988079071,21133,0.0,0.0
2023-12-01 13:30:00-05:00,0.5849999785423279,0.5849999785423279,0.5710999965667725,0.5710999965667725,6593,0.0,0.0
2023-12-01 14:30:00-05:00,0.5701000094413757,0.5799999833106995,0.5600000023841858,0.5699999928474426,70487,0.0,0.0
2023-12-01 15:30:00-05:00,0.5699999928474426,0.5752000212669373,0.5625,0.5699999928474426,33318,0.0,0.0
2023-12-04 09:30:00-05:00,0.5799999833106995,0.5799999833106995,0.5509999990463257,0.5638999938964844,102963,0.0,0.0
2023-12-04 10:30:00-05:00,0.5640000104904175,0.5777999758720398,0.5638999938964844,0.5640000104904175,7037,0.0,0.0
2023-12-04 11:30:00-05:00,0.5777000188827515,0.5777000188827515,0.5640000104904175,0.5767989754676819,10397,0.0,0.0
2023-12-04 12:30:00-05:00,0.5770000219345093,0.5777999758720398,0.5640000104904175,0.5777999758720398,11306,0.0,0.0
2023-12-04 13:30:00-05:00,0.5777999758720398,0.5899999737739563,0.5641000270843506,0.5899999737739563,44318,0.0,0.0
2023-12-04 14:30:00-05:00,0.5641000270843506,0.5899999737739563,0.5641000270843506,0.5892999768257141,28316,0.0,0.0
2023-12-04 15:30:00-05:00,0.5891990065574646,0.5891990065574646,0.570900022983551,0.5885999798774719,17678,0.0,0.0
2023-12-05 09:30:00-05:00,0.5882999897003174,0.5889999866485596,0.5699999928474426,0.5699999928474426,30153,0.0,0.0
2023-12-05 10:30:00-05:00,0.5730000138282776,0.5884000062942505,0.5730000138282776,0.5730000138282776,49551,0.0,0.0
2023-12-05 11:30:00-05:00,0.5799999833106995,0.5799999833106995,0.5730000138282776,0.5748999714851379,9944,0.0,0.0
2023-12-05 12:30:00-05:00,0.5748000144958496,0.5748999714851379,0.5730000138282776,0.5748999714851379,2086,0.0,0.0
2023-12-05 13:30:00-05:00,0.5748000144958496,0.5748999714851379,0.5730000138282776,0.5730000138282776,20458,0.0,0.0
2023-12-05 14:30:00-05:00,0.5699999928474426,0.574999988079071,0.5630000233650208,0.5640000104904175,11997,0.0,0.0
2023-12-05 15:30:00-05:00,0.5674999952316284,0.5841000080108643,0.5631009936332703,0.5841000080108643,25139,0.0,0.0
2023-12-06 09:30:00-05:00,0.5917999744415283,0.5917999744415283,0.574999988079071,0.5889999866485596,42279,0.0,0.0
2023-12-06 10:30:00-05:00,0.5885609984397888,0.5889999866485596,0.5701000094413757,0.5802010297775269,81896,0.0,0.0
2023-12-06 11:30:00-05:00,0.5849000215530396,0.5849999785423279,0.5799999833106995,0.5849999785423279,6752,0.0,0.0
2023-12-06 12:30:00-05:00,0.5799999833106995,0.5800999999046326,0.5753999948501587,0.5799999833106995,11912,0.0,0.0
2023-12-06 13:30:00-05:00,0.5799000263214111,0.5799999833106995,0.5720999836921692,0.5756999850273132,13660,0.0,0.0
2023-12-06 14:30:00-05:00,0.5796999931335449,0.5849999785423279,0.5756999850273132,0.5799999833106995,65890,0.0,0.0
2023-12-06 15:30:00-05:00,0.5849999785423279,0.5889999866485596,0.5799999833106995,0.5889999866485596,21285,0.0,0.0
2023-12-07 09:30:00-05:00,0.5839999914169312,0.5899999737739563,0.5752000212669373,0.5899999737739563,47999,0.0,0.0
2023-12-07 10:30:00-05:00,0.5751000046730042,0.5899999737739563,0.574999988079071,0.574999988079071,14428,0.0,0.0
2023-12-07 11:30:00-05:00,0.5889999866485596,0.589900016784668,0.5807009935379028,0.5853000283241272,1371,0.0,0.0
2023-12-07 12:30:00-05:00,0.5862399935722351,0.5877000093460083,0.5806000232696533,0.5806000232696533,24606,0.0,0.0
2023-12-07 13:30:00-05:00,0.5807009935379028,0.5849999785423279,0.5799000263214111,0.5849000215530396,33341,0.0,0.0
2023-12-07 14:30:00-05:00,0.5800999999046326,0.5849999785423279,0.5800999999046326,0.5800999999046326,6335,0.0,0.0
2023-12-07 15:30:00-05:00,0.5799999833106995,0.5800999999046326,0.5752000212669373,0.5752000212669373,4231,0.0,0.0
2023-12-08 09:30:00-05:00,0.5888000130653381,0.5899999737739563,0.574999988079071,0.585099995136261,42483,0.0,0.0
2023-12-08 10:30:00-05:00,0.583899974822998,0.5839999914169312,0.5753009915351868,0.5781490206718445,4410,0.0,0.0
2023-12-08 11:30:00-05:00,0.5812000036239624,0.5864999890327454,0.5809999704360962,0.5812000036239624,24061,0.0,0.0
2023-12-08 12:30:00-05:00,0.5896999835968018,0.5896999835968018,0.5813000202178955,0.5889999866485596,13261,0.0,0.0
2023-12-08 13:30:00-05:00,0.5899990200996399,0.5899999737739563,0.58160001039505,0.5899999737739563,21197,0.0,0.0
2023-12-08 14:30:00-05:00,0.5849999785423279,0.5899999737739563,0.5849999785423279,0.5893999934196472,57915,0.0,0.0
2023-12-08 15:30:00-05:00,0.5856009721755981,0.5899990200996399,0.574999988079071,0.5889999866485596,23991,0.0,0.0
2023-12-11 09:30:00-05:00,0.5899999737739563,0.6259999871253967,0.5799999833106995,0.609000027179718,285687,0.0,0.0
2023-12-11 10:30:00-05:00,0.6198999881744385,0.6200000047683716,0.5899999737739563,0.6000000238418579,42708,0.0,0.0
2023-12-11 11:30:00-05:00,0.609000027179718,0.6700000166893005,0.6000000238418579,0.6700000166893005,199037,0.0,0.0
2023-12-11 12:30:00-05:00,0.6668000221252441,0.6899999976158142,0.6175000071525574,0.6740000247955322,408846,0.0,0.0
2023-12-11 13:30:00-05:00,0.6700000166893005,0.6800000071525574,0.6650999784469604,0.6710000038146973,99221,0.0,0.0
2023-12-11 14:30:00-05:00,0.6710000038146973,0.6734499931335449,0.6650999784469604,0.6651999950408936,46650,0.0,0.0
2023-12-11 15:30:00-05:00,0.6650999784469604,0.6710000038146973,0.6399999856948853,0.6664999723434448,169872,0.0,0.0
2023-12-12 09:30:00-05:00,0.6899999976158142,0.6899999976158142,0.6420999765396118,0.6499999761581421,103806,0.0,0.0
2023-12-12 10:30:00-05:00,0.6499999761581421,0.6769999861717224,0.6449999809265137,0.6769999861717224,98620,0.0,0.0
2023-12-12 11:30:00-05:00,0.6700000166893005,0.699999988079071,0.6600000262260437,0.6600000262260437,196876,0.0,0.0
2023-12-12 12:30:00-05:00,0.6690000295639038,0.6800000071525574,0.6654999852180481,0.6704999804496765,36226,0.0,0.0
2023-12-12 13:30:00-05:00,0.6704999804496765,0.6796000003814697,0.6610000133514404,0.6610000133514404,23876,0.0,0.0
2023-12-12 14:30:00-05:00,0.6654499769210815,0.6697999835014343,0.6610000133514404,0.6668999791145325,19624,0.0,0.0
2023-12-12 15:30:00-05:00,0.6668999791145325,0.669700026512146,0.6600000262260437,0.6625999808311462,44640,0.0,0.0
2023-12-13 09:30:00-05:00,0.6499999761581421,0.680400013923645,0.6499999761581421,0.6800000071525574,30541,0.0,0.0
2023-12-13 10:30:00-05:00,0.6520000100135803,0.6800000071525574,0.6520000100135803,0.6700999736785889,21105,0.0,0.0
2023-12-13 11:30:00-05:00,0.6700999736785889,0.6700999736785889,0.6600000262260437,0.6600000262260437,17504,0.0,0.0
2023-12-13 12:30:00-05:00,0.6524999737739563,0.6690000295639038,0.6524999737739563,0.6690000295639038,3513,0.0,0.0
2023-12-13 13:30:00-05:00,0.6531999707221985,0.6700000166893005,0.6531999707221985,0.6610000133514404,8953,0.0,0.0
2023-12-13 14:30:00-05:00,0.6545000076293945,0.6700000166893005,0.6545000076293945,0.6654499769210815,21973,0.0,0.0
2023-12-13 15:30:00-05:00,0.6650000214576721,0.6800000071525574,0.6545000076293945,0.6600000262260437,82664,0.0,0.0
2023-12-14 09:30:00-05:00,0.6600000262260437,0.699999988079071,0.6600000262260437,0.6722000241279602,140830,0.0,0.0
2023-12-14 10:30:00-05:00,0.6619809865951538,0.6850000023841858,0.6619809865951538,0.6800000071525574,74455,0.0,0.0
2023-12-14 11:30:00-05:00,0.6800000071525574,0.6800000071525574,0.6722999811172485,0.6800000071525574,28147,0.0,0.0
2023-12-14 12:30:00-05:00,0.6800000071525574,0.6850000023841858,0.6725000143051147,0.6848989725112915,16018,0.0,0.0
2023-12-14 13:30:00-05:00,0.6850000023841858,0.6850000023841858,0.6600000262260437,0.6840000152587891,13550,0.0,0.0
2023-12-14 14:30:00-05:00,0.6676999926567078,0.6850000023841858,0.6543999910354614,0.6650000214576721,48666,0.0,0.0
2023-12-14 15:30:00-05:00,0.6750010251998901,0.6850000023841858,0.6543999910354614,0.6800000071525574,72834,0.0,0.0
2023-12-15 09:30:00-05:00,0.6850000023841858,0.6850000023841858,0.6499999761581421,0.6627990007400513,75875,0.0,0.0
2023-12-15 10:30:00-05:00,0.6628000140190125,0.6850000023841858,0.656000018119812,0.6850000023841858,47441,0.0,0.0
2023-12-15 11:30:00-05:00,0.675000011920929,0.6798999905586243,0.675000011920929,0.6772000193595886,9180,0.0,0.0
2023-12-15 12:30:00-05:00,0.6798999905586243,0.6800000071525574,0.6625009775161743,0.6625009775161743,7210,0.0,0.0
2023-12-15 13:30:00-05:00,0.6625000238418579,0.6625000238418579,0.6518009901046753,0.6599000096321106,25738,0.0,0.0
2023-12-15 14:30:00-05:00,0.6599000096321106,0.6628999710083008,0.6541000008583069,0.6541000008583069,15818,0.0,0.0
2023-12-15 15:30:00-05:00,0.6541000008583069,0.6693999767303467,0.6539999842643738,0.6689000129699707,27412,0.0,0.0
2023-12-18 09:30:00-05:00,0.6399999856948853,0.6600000262260437,0.5799999833106995,0.5979999899864197,222751,0.0,0.0
2023-12-18 10:30:00-05:00,0.6000000238418579,0.6000000238418579,0.5799000263214111,0.5849999785423279,55141,0.0,0.0
2023-12-18 11:30:00-05:00,0.5849999785423279,0.6000000238418579,0.5759999752044678,0.5990999937057495,97599,0.0,0.0
2023-12-18 12:30:00-05:00,0.5806000232696533,0.5896999835968018,0.5705000162124634,0.5708000063896179,68984,0.0,0.0
2023-12-18 13:30:00-05:00,0.5808069705963135,0.5849999785423279,0.569599986076355,0.5699999928474426,68635,0.0,0.0
2023-12-18 14:30:00-05:00,0.5699999928474426,0.5947999954223633,0.5630000233650208,0.5699999928474426,77898,0.0,0.0
2023-12-18 15:30:00-05:00,0.5699999928474426,0.5846999883651733,0.5630000233650208,0.582099974155426,72295,0.0,0.0
2023-12-19 09:30:00-05:00,0.5799999833106995,0.6033999919891357,0.5529999732971191,0.5601999759674072,102197,0.0,0.0
2023-12-19 10:30:00-05:00,0.5600000023841858,0.5708000063896179,0.5523999929428101,0.5706999897956848,188504,0.0,0.0
2023-12-19 11:30:00-05:00,0.5641999840736389,0.5649999976158142,0.5551000237464905,0.5601999759674072,73025,0.0,0.0
2023-12-19 12:30:00-05:00,0.5640000104904175,0.5649999976158142,0.553409993648529,0.553409993648529,80644,0.0,0.0
2023-12-19 13:30:00-05:00,0.5533999800682068,0.5633000135421753,0.5400000214576721,0.5400000214576721,145894,0.0,0.0
2023-12-19 14:30:00-05:00,0.5400999784469604,0.5640000104904175,0.5400999784469604,0.5480999946594238,103191,0.0,0.0
2023-12-19 15:30:00-05:00,0.5580000281333923,0.5640000104904175,0.5450000166893005,0.5580000281333923,70092,0.0,0.0
2023-12-20 09:30:00-05:00,0.550000011920929,0.5799000263214111,0.550000011920929,0.5501009821891785,145570,0.0,0.0
2023-12-20 10:30:00-05:00,0.5501999855041504,0.5654000043869019,0.5501999855041504,0.5652999877929688,17764,0.0,0.0
2023-12-20 11:30:00-05:00,0.5510010123252869,0.5652999877929688,0.5509999990463257,0.5529999732971191,20628,0.0,0.0
2023-12-20 12:30:00-05:00,0.5654000043869019,0.5699999928474426,0.5529999732971191,0.5529999732971191,5226,0.0,0.0
2023-12-20 13:30:00-05:00,0.5526999831199646,0.5699999928474426,0.5526009798049927,0.5601400136947632,31797,0.0,0.0
2023-12-20 14:30:00-05:00,0.5540000200271606,0.5699999928474426,0.5529999732971191,0.5572999715805054,83785,0.0,0.0
2023-12-20 15:30:00-05:00,0.5597500205039978,0.579800009727478,0.5580000281333923,0.5649999976158142,79581,0.0,0.0
2023-12-21 09:30:00-05:00,1.0099999904632568,1.1100000143051147,0.8241000175476074,1.100000023841858,56386963,0.0,0.0
2023-12-21 10:30:00-05:00,1.0950000286102295,1.1299999952316284,0.949999988079071,1.0299999713897705,22271986,0.0,0.0
2023-12-21 11:30:00-05:00,1.034999966621399,1.0499999523162842,0.9700000286102295,0.9933000206947327,9859551,0.0,0.0
2023-12-21 12:30:00-05:00,0.9933000206947327,1.0299999713897705,0.9211999773979187,0.9700000286102295,6324094,0.0,0.0
2023-12-21 13:30:00-05:00,0.9649999737739563,0.9781000018119812,0.8812000155448914,0.9160000085830688,3000494,0.0,0.0
2023-12-21 14:30:00-05:00,0.9190000295639038,0.9599000215530396,0.8999999761581421,0.9300000071525574,2654245,0.0,0.0
2023-12-21 15:30:00-05:00,0.9259999990463257,0.9373999834060669,0.830299973487854,0.862500011920929,3377249,0.0,0.0
2023-12-22 09:30:00-05:00,0.8158000111579895,0.8899999856948853,0.7519999742507935,0.7682999968528748,4116685,0.0,0.0
2023-12-22 10:30:00-05:00,0.7666000127792358,0.8400999903678894,0.7630000114440918,0.8301010131835938,982085,0.0,0.0
2023-12-22 11:30:00-05:00,0.8300999999046326,0.8431000113487244,0.7599999904632568,0.7957000136375427,865952,0.0,0.0
2023-12-22 12:30:00-05:00,0.7957990169525146,0.7957990169525146,0.7304999828338623,0.7601000070571899,1032699,0.0,0.0
2023-12-22 13:30:00-05:00,0.7603999972343445,0.7735000252723694,0.7300999760627747,0.7480999827384949,614512,0.0,0.0
2023-12-22 14:30:00-05:00,0.7480999827384949,0.7480999827384949,0.7099999785423279,0.7315000295639038,859498,0.0,0.0
2023-12-22 15:30:00-05:00,0.7315000295639038,0.7369999885559082,0.7129999995231628,0.7200000286102295,387489,0.0,0.0
2023-12-26 09:30:00-05:00,0.7009999752044678,0.7599999904632568,0.6700000166893005,0.7494999766349792,1348146,0.0,0.0
2023-12-26 10:30:00-05:00,0.7447490096092224,0.7494000196456909,0.7042999863624573,0.7218000292778015,313577,0.0,0.0
2023-12-26 11:30:00-05:00,0.7160000205039978,0.7491999864578247,0.7139000296592712,0.7450000047683716,244790,0.0,0.0
2023-12-26 12:30:00-05:00,0.7401000261306763,0.7886999845504761,0.7400000095367432,0.7864999771118164,391527,0.0,0.0
2023-12-26 13:30:00-05:00,0.7878999710083008,0.8115000128746033,0.7486000061035156,0.8077989816665649,460596,0.0,0.0
2023-12-26 14:30:00-05:00,0.8077999949455261,0.8299999833106995,0.7900000214576721,0.8184999823570251,679240,0.0,0.0
2023-12-26 15:30:00-05:00,0.8184999823570251,0.8199999928474426,0.7667999863624573,0.7924000024795532,333700,0.0,0.0
2023-12-27 09:30:00-05:00,0.7799999713897705,0.8399999737739563,0.7799999713897705,0.8349999785423279,691309,0.0,0.0
2023-12-27 10:30:00-05:00,0.8399999737739563,0.8579999804496765,0.8040000200271606,0.8579999804496765,419555,0.0,0.0
2023-12-27 11:30:00-05:00,0.8521999716758728,0.8600000143051147,0.8101000189781189,0.8216999769210815,278783,0.0,0.0
2023-12-27 12:30:00-05:00,0.8355000019073486,0.8443999886512756,0.8100000023841858,0.8374840021133423,142807,0.0,0.0
2023-12-27 13:30:00-05:00,0.8359990119934082,0.8359990119934082,0.8100100159645081,0.8289999961853027,351443,0.0,0.0
2023-12-27 14:30:00-05:00,0.8249989748001099,0.8299999833106995,0.8130000233650208,0.8248999714851379,132926,0.0,0.0
2023-12-27 15:30:00-05:00,0.8199999928474426,0.8230000138282776,0.7831000089645386,0.8184000253677368,272366,0.0,0.0
2023-12-28 09:30:00-05:00,0.7900000214576721,0.8179000020027161,0.7512999773025513,0.7850000262260437,406480,0.0,0.0
2023-12-28 10:30:00-05:00,0.7850000262260437,0.7850000262260437,0.7592999935150146,0.7592999935150146,366082,0.0,0.0
2023-12-28 11:30:00-05:00,0.7609000205993652,0.7784000039100647,0.7590000033378601,0.7695000171661377,119763,0.0,0.0
2023-12-28 12:30:00-05:00,0.7675009965896606,0.7793999910354614,0.7560999989509583,0.7623000144958496,236175,0.0,0.0
2023-12-28 13:30:00-05:00,0.7623000144958496,0.7623000144958496,0.7300000190734863,0.7401000261306763,253940,0.0,0.0
2023-12-28 14:30:00-05:00,0.744700014591217,0.7599999904632568,0.7400000095367432,0.758650004863739,152172,0.0,0.0
2023-12-28 15:30:00-05:00,0.7581999897956848,0.7610999941825867,0.7400000095367432,0.7498999834060669,94976,0.0,0.0
2023-12-29 09:30:00-05:00,0.7365000247955322,0.8180000185966492,0.7250999808311462,0.8000010251998901,489171,0.0,0.0
2023-12-29 10:30:00-05:00,0.8001000285148621,0.8100000023841858,0.7599999904632568,0.7620000243186951,217733,0.0,0.0
2023-12-29 11:30:00-05:00,0.7610999941825867,0.7749999761581421,0.7609999775886536,0.7749999761581421,41697,0.0,0.0
2023-12-29 12:30:00-05:00,0.7749999761581421,0.8141999840736389,0.7749999761581421,0.7997999787330627,182064,0.0,0.0
2023-12-29 13:30:00-05:00,0.7799999713897705,0.817999005317688,0.7799999713897705,0.8051000237464905,96249,0.0,0.0
2023-12-29 14:30:00-05:00,0.8051000237464905,0.8100000023841858,0.7983999848365784,0.8098999857902527,66911,0.0,0.0
2023-12-29 15:30:00-05:00,0.8098999857902527,0.8169999718666077,0.7976999878883362,0.8140000104904175,141484,0.0,0.0
2024-01-02 09:30:00-05:00,0.7599999904632568,0.8320000171661377,0.75,0.80622398853302,387909,0.0,0.0
2024-01-02 10:30:00-05:00,0.8199999928474426,0.8414999842643738,0.8072999715805054,0.8274999856948853,120026,0.0,0.0
2024-01-02 11:30:00-05:00,0.8299000263214111,0.8399999737739563,0.824999988079071,0.8370000123977661,79180,0.0,0.0
2024-01-02 12:30:00-05:00,0.8365010023117065,0.8389999866485596,0.7900000214576721,0.8180999755859375,123197,0.0,0.0
2024-01-02 13:30:00-05:00,0.819100022315979,0.8360000252723694,0.8130000233650208,0.8349999785423279,100268,0.0,0.0
2024-01-02 14:30:00-05:00,0.8141999840736389,0.8467000126838684,0.8141000270843506,0.8309999704360962,119001,0.0,0.0
2024-01-02 15:30:00-05:00,0.8209999799728394,0.839900016784668,0.8100000023841858,0.8119999766349792,51110,0.0,0.0
2024-01-03 09:30:00-05:00,0.8259999752044678,0.8299999833106995,0.7839999794960022,0.7849000096321106,137137,0.0,0.0
2024-01-03 10:30:00-05:00,0.7936699986457825,0.7998999953269958,0.7799999713897705,0.7900099754333496,82592,0.0,0.0
2024-01-03 11:30:00-05:00,0.7900000214576721,0.7900000214576721,0.7799999713897705,0.7799999713897705,72157,0.0,0.0
2024-01-03 12:30:00-05:00,0.7799999713897705,0.7900000214576721,0.7713000178337097,0.7900000214576721,38968,0.0,0.0
2024-01-03 13:30:00-05:00,0.7871000170707703,0.7972000241279602,0.781000018119812,0.7971000075340271,91777,0.0,0.0
2024-01-03 14:30:00-05:00,0.7971000075340271,0.7972000241279602,0.7799999713897705,0.7799999713897705,53386,0.0,0.0
2024-01-03 15:30:00-05:00,0.781000018119812,0.8238000273704529,0.7799999713897705,0.7900000214576721,89280,0.0,0.0
2024-01-04 09:30:00-05:00,0.8023999929428101,0.8023999929428101,0.7551000118255615,0.7698000073432922,221417,0.0,0.0
2024-01-04 10:30:00-05:00,0.7699000239372253,0.7699000239372253,0.7505000233650208,0.7648000121116638,115722,0.0,0.0
2024-01-04 11:30:00-05:00,0.7634999752044678,0.7653999924659729,0.7598999738693237,0.7619600296020508,67378,0.0,0.0
2024-01-04 12:30:00-05:00,0.7634000182151794,0.7634000182151794,0.7549999952316284,0.7558000087738037,98298,0.0,0.0
2024-01-04 13:30:00-05:00,0.7526000142097473,0.7724999785423279,0.7523999810218811,0.7675999999046326,45974,0.0,0.0
2024-01-04 14:30:00-05:00,0.7699000239372253,0.7702999711036682,0.7408000230789185,0.7476000189781189,331726,0.0,0.0
2024-01-04 15:30:00-05:00,0.7487499713897705,0.7598000168800354,0.745199978351593,0.7505999803543091,84738,0.0,0.0
2024-01-05 09:30:00-05:00,0.75,0.7548999786376953,0.7300000190734863,0.7421000003814697,177464,0.0,0.0
2024-01-05 10:30:00-05:00,0.7424989938735962,0.7450000047683716,0.722599983215332,0.7250000238418579,139264,0.0,0.0
2024-01-05 11:30:00-05:00,0.7250000238418579,0.7350000143051147,0.722599983215332,0.732699990272522,52266,0.0,0.0
2024-01-05 12:30:00-05:00,0.7327010035514832,0.7373999953269958,0.7300999760627747,0.730201005935669,23229,0.0,0.0
2024-01-05 13:30:00-05:00,0.7323989868164062,0.7398999929428101,0.7300999760627747,0.7398999929428101,24509,0.0,0.0
2024-01-05 14:30:00-05:00,0.7401000261306763,0.7649000287055969,0.738099992275238,0.7501999735832214,83580,0.0,0.0
2024-01-05 15:30:00-05:00,0.7476000189781189,0.7548999786376953,0.7450000047683716,0.7451000213623047,73878,0.0,0.0
2024-01-08 09:30:00-05:00,0.7409999966621399,0.7806000113487244,0.7409999966621399,0.7799999713897705,119302,0.0,0.0
2024-01-08 10:30:00-05:00,0.7767699956893921,0.7847999930381775,0.7670000195503235,0.770799994468689,90496,0.0,0.0
2024-01-08 11:30:00-05:00,0.7706999778747559,0.7839000225067139,0.7549999952316284,0.779899001121521,241092,0.0,0.0
2024-01-08 12:30:00-05:00,0.7749999761581421,0.7960000038146973,0.7681999802589417,0.7900000214576721,167480,0.0,0.0
2024-01-08 13:30:00-05:00,0.7900000214576721,0.7900000214576721,0.7699999809265137,0.789900004863739,68719,0.0,0.0
2024-01-08 14:30:00-05:00,0.7894049882888794,0.789900004863739,0.7703999876976013,0.7789999842643738,72271,0.0,0.0
2024-01-08 15:30:00-05:00,0.7742000222206116,0.7797999978065491,0.7609999775886536,0.7789999842643738,61032,0.0,0.0
2024-01-09 09:30:00-05:00,0.7961000204086304,0.7961000204086304,0.7699999809265137,0.7699999809265137,98915,0.0,0.0
2024-01-09 10:30:00-05:00,0.774429976940155,0.7799999713897705,0.7511000037193298,0.7699000239372253,104916,0.0,0.0
2024-01-09 11:30:00-05:00,0.7698000073432922,0.7782999873161316,0.7598000168800354,0.7779989838600159,97575,0.0,0.0
2024-01-09 12:30:00-05:00,0.777999997138977,0.7960000038146973,0.7716000080108643,0.7821000218391418,62861,0.0,0.0
2024-01-09 13:30:00-05:00,0.7821000218391418,0.7958999872207642,0.781499981880188,0.7871490120887756,40554,0.0,0.0
2024-01-09 14:30:00-05:00,0.7871509790420532,0.789900004863739,0.7764000296592712,0.7764000296592712,19677,0.0,0.0
2024-01-09 15:30:00-05:00,0.7817999720573425,0.7867000102996826,0.7700999975204468,0.7702000141143799,22812,0.0,0.0
2024-01-10 09:30:00-05:00,0.7896000146865845,0.7900000214576721,0.7599999904632568,0.7829999923706055,58550,0.0,0.0
2024-01-10 10:30:00-05:00,0.7620000243186951,0.7900000214576721,0.7599999904632568,0.7900000214576721,160048,0.0,0.0
2024-01-10 11:30:00-05:00,0.781000018119812,0.7900000214576721,0.7720000147819519,0.7829499840736389,38430,0.0,0.0
2024-01-10 12:30:00-05:00,0.7822999954223633,0.7850000262260437,0.7778000235557556,0.7849000096321106,10293,0.0,0.0
2024-01-10 13:30:00-05:00,0.7814000248908997,0.7849000096321106,0.7742000222206116,0.7849000096321106,13305,0.0,0.0
2024-01-10 14:30:00-05:00,0.7849000096321106,0.7889999747276306,0.7738999724388123,0.7889999747276306,59496,0.0,0.0
2024-01-10 15:30:00-05:00,0.7889999747276306,0.8299999833106995,0.7889999747276306,0.8295000195503235,324818,0.0,0.0
2024-01-11 09:30:00-05:00,0.8302000164985657,0.8392000198364258,0.784600019454956,0.7979999780654907,275163,0.0,0.0
2024-01-11 10:30:00-05:00,0.800000011920929,0.8098000288009644,0.7910000085830688,0.7997999787330627,38491,0.0,0.0
2024-01-11 11:30:00-05:00,0.7998999953269958,0.7998999953269958,0.7799999713897705,0.7799999713897705,60853,0.0,0.0
2024-01-11 12:30:00-05:00,0.7850000262260437,0.7929999828338623,0.7717999815940857,0.7875999808311462,75138,0.0,0.0
2024-01-11 13:30:00-05:00,0.7875999808311462,0.789900004863739,0.7677000164985657,0.7699999809265137,79518,0.0,0.0
2024-01-11 14:30:00-05:00,0.7699999809265137,0.7900000214576721,0.7699999809265137,0.7760999798774719,107390,0.0,0.0
2024-01-11 15:30:00-05:00,0.7784000039100647,0.7851999998092651,0.7699999809265137,0.7720000147819519,51770,0.0,0.0
2024-01-12 09:30:00-05:00,0.7850000262260437,0.800000011920929,0.7623000144958496,0.7789999842643738,121573,0.0,0.0
2024-01-12 10:30:00-05:00,0.7774900197982788,0.7986000180244446,0.7662720084190369,0.7822700142860413,73019,0.0,0.0
2024-01-12 11:30:00-05:00,0.7822999954223633,0.7839999794960022,0.7699999809265137,0.7797999978065491,50872,0.0,0.0
2024-01-12 12:30:00-05:00,0.7797999978065491,0.7797999978065491,0.7509999871253967,0.7749000191688538,127173,0.0,0.0
2024-01-12 13:30:00-05:00,0.7696999907493591,0.7749999761581421,0.7549999952316284,0.7699999809265137,33035,0.0,0.0
2024-01-12 14:30:00-05:00,0.7699999809265137,0.7749999761581421,0.7649999856948853,0.7749999761581421,47685,0.0,0.0
2024-01-12 15:30:00-05:00,0.7749999761581421,0.7760000228881836,0.765500009059906,0.7745000123977661,66349,0.0,0.0
2024-01-16 09:30:00-05:00,0.7649000287055969,0.7824000120162964,0.7400000095367432,0.748199999332428,104391,0.0,0.0
2024-01-16 10:30:00-05:00,0.7597990036010742,0.7597990036010742,0.7401999831199646,0.7422999739646912,50671,0.0,0.0
2024-01-16 11:30:00-05:00,0.7407000064849854,0.75,0.7300000190734863,0.7386999726295471,25313,0.0,0.0
2024-01-16 12:30:00-05:00,0.7301999926567078,0.7386999726295471,0.7145000100135803,0.7297000288963318,83592,0.0,0.0
2024-01-16 13:30:00-05:00,0.7275999784469604,0.7297000288963318,0.710099995136261,0.7200000286102295,41434,0.0,0.0
2024-01-16 14:30:00-05:00,0.7200000286102295,0.7200000286102295,0.6924999952316284,0.6951000094413757,241092,0.0,0.0
2024-01-16 15:30:00-05:00,0.6991000175476074,0.699999988079071,0.6833999752998352,0.6966999769210815,91631,0.0,0.0
2024-01-17 09:30:00-05:00,0.6830000281333923,0.7023000121116638,0.6503999829292297,0.6887999773025513,271397,0.0,0.0
2024-01-17 10:30:00-05:00,0.6801000237464905,0.682699978351593,0.6640999913215637,0.6714000105857849,0,0.0,0.0
2024-01-17 11:30:00-05:00,0.6701499819755554,0.6798999905586243,0.6640999913215637,0.6726999878883362,446142,0.0,0.0
2024-01-17 12:30:00-05:00,0.6726999878883362,0.6748999953269958,0.6668670177459717,0.6748999953269958,42468,0.0,0.0
2024-01-17 13:30:00-05:00,0.6786999702453613,0.6848999857902527,0.6741999983787537,0.6844300031661987,31339,0.0,0.0
2024-01-17 14:30:00-05:00,0.6848999857902527,0.6898999810218811,0.6747999787330627,0.6869000196456909,73590,0.0,0.0
2024-01-17 15:30:00-05:00,0.6877999901771545,0.7021999955177307,0.6877999901771545,0.6998000144958496,57251,0.0,0.0
2024-01-18 09:30:00-05:00,0.7031000256538391,0.7197999954223633,0.699999988079071,0.7001000046730042,54640,0.0,0.0
2024-01-18 10:30:00-05:00,0.7039399743080139,0.7078999876976013,0.6629999876022339,0.6723999977111816,225475,0.0,0.0
2024-01-18 11:30:00-05:00,0.6700000166893005,0.6723999977111816,0.6399999856948853,0.6525999903678894,167930,0.0,0.0
2024-01-18 12:30:00-05:00,0.6524990200996399,0.6563000082969666,0.6450999975204468,0.6510999798774719,66846,0.0,0.0
2024-01-18 13:30:00-05:00,0.6499999761581421,0.6624000072479248,0.6450999975204468,0.6552000045776367,86516,0.0,0.0
2024-01-18 14:30:00-05:00,0.664900004863739,0.6748999953269958,0.6600000262260437,0.6748999953269958,39998,0.0,0.0
2024-01-18 15:30:00-05:00,0.6700999736785889,0.6747999787330627,0.6601999998092651,0.6633999943733215,25328,0.0,0.0
2024-01-19 09:30:00-05:00,0.6899999976158142,0.6899999976158142,0.6399999856948853,0.6498000025749207,96109,0.0,0.0
2024-01-19 10:30:00-05:00,0.6467900276184082,0.6548539996147156,0.6391000151634216,0.6410999894142151,108904,0.0,0.0
2024-01-19 11:30:00-05:00,0.6474000215530396,0.6499000191688538,0.6376000046730042,0.6401000022888184,106810,0.0,0.0
2024-01-19 12:30:00-05:00,0.6448000073432922,0.6624000072479248,0.6401000022888184,0.6619499921798706,95643,0.0,0.0
2024-01-19 13:30:00-05:00,0.6600000262260437,0.664900004863739,0.6550999879837036,0.6588000059127808,21969,0.0,0.0
2024-01-19 14:30:00-05:00,0.664900004863739,0.664900004863739,0.6553000211715698,0.6600000262260437,57173,0.0,0.0
2024-01-19 15:30:00-05:00,0.6600000262260437,0.6624000072479248,0.6550999879837036,0.6588000059127808,37789,0.0,0.0
2024-01-22 09:30:00-05:00,0.6600000262260437,0.6830999851226807,0.6500999927520752,0.6819000244140625,142200,0.0,0.0
2024-01-22 10:30:00-05:00,0.6816200017929077,0.6836000084877014,0.6600000262260437,0.660099983215332,70317,0.0,0.0
2024-01-22 11:30:00-05:00,0.6575999855995178,0.6639000177383423,0.6499999761581421,0.6617000102996826,240295,0.0,0.0
2024-01-22 12:30:00-05:00,0.6621999740600586,0.6628999710083008,0.652999997138977,0.6610000133514404,82920,0.0,0.0
2024-01-22 13:30:00-05:00,0.6638990044593811,0.6639000177383423,0.6537799835205078,0.6571999788284302,46680,0.0,0.0
2024-01-22 14:30:00-05:00,0.6600000262260437,0.6628999710083008,0.6557000279426575,0.6603999733924866,55522,0.0,0.0
2024-01-22 15:30:00-05:00,0.6638000011444092,0.6700000166893005,0.6592000126838684,0.6699000000953674,33137,0.0,0.0
2024-01-23 09:30:00-05:00,0.6894000172615051,0.6998999714851379,0.6700000166893005,0.6998999714851379,85447,0.0,0.0
2024-01-23 10:30:00-05:00,0.6966999769210815,0.6967999935150146,0.6894999742507935,0.6919999718666077,37094,0.0,0.0
2024-01-23 11:30:00-05:00,0.6937999725341797,0.6969000101089478,0.6832000017166138,0.6969000101089478,83856,0.0,0.0
2024-01-23 12:30:00-05:00,0.6927000284194946,0.6990000009536743,0.6899999976158142,0.6899999976158142,41646,0.0,0.0
2024-01-23 13:30:00-05:00,0.6980000138282776,0.6998000144958496,0.6919000148773193,0.6988999843597412,18904,0.0,0.0
2024-01-23 14:30:00-05:00,0.6980999708175659,0.7297999858856201,0.6978999972343445,0.7001000046730042,81540,0.0,0.0
2024-01-23 15:30:00-05:00,0.7002999782562256,0.7099000215530396,0.7002999782562256,0.7031000256538391,31818,0.0,0.0
2024-01-24 09:30:00-05:00,0.7117999792098999,0.7199000120162964,0.699999988079071,0.7003999948501587,68493,0.0,0.0
2024-01-24 10:30:00-05:00,0.7099000215530396,0.7099000215530396,0.7003999948501587,0.7095000147819519,22532,0.0,0.0
2024-01-24 11:30:00-05:00,0.7095000147819519,0.7099999785423279,0.7003999948501587,0.7034000158309937,18146,0.0,0.0
2024-01-24 12:30:00-05:00,0.7034000158309937,0.7067999839782715,0.6899999976158142,0.6899999976158142,3552,0.0,0.0
2024-01-24 13:30:00-05:00,0.6901000142097473,0.6998999714851379,0.6899999976158142,0.6941999793052673,22573,0.0,0.0
2024-01-24 14:30:00-05:00,0.6924999952316284,0.7200000286102295,0.6800000071525574,0.7200000286102295,132243,0.0,0.0
2024-01-24 15:30:00-05:00,0.7005500197410583,0.7199990153312683,0.6845999956130981,0.7141000032424927,14745,0.0,0.0
2024-01-25 09:30:00-05:00,0.7182000279426575,0.7200999855995178,0.699999988079071,0.699999988079071,67361,0.0,0.0
2024-01-25 10:30:00-05:00,0.7132999897003174,0.7200000286102295,0.699999988079071,0.7049999833106995,17235,0.0,0.0
2024-01-25 11:30:00-05:00,0.7045000195503235,0.7114999890327454,0.6919999718666077,0.7099999785423279,85653,0.0,0.0
2024-01-25 12:30:00-05:00,0.7106000185012817,0.7117000222206116,0.7005869746208191,0.7049999833106995,8649,0.0,0.0
2024-01-25 13:30:00-05:00,0.7042999863624573,0.7117000222206116,0.7005000114440918,0.7006000280380249,18057,0.0,0.0
2024-01-25 14:30:00-05:00,0.7117000222206116,0.7152000069618225,0.7006999850273132,0.7150999903678894,8623,0.0,0.0
2024-01-25 15:30:00-05:00,0.7147489786148071,0.7193999886512756,0.7070000171661377,0.7073000073432922,21036,0.0,0.0
2024-01-26 09:30:00-05:00,0.7081000208854675,0.7300000190734863,0.699999988079071,0.7099000215530396,91888,0.0,0.0
2024-01-26 10:30:00-05:00,0.7099000215530396,0.7099999785423279,0.6980000138282776,0.7099000215530396,32506,0.0,0.0
2024-01-26 11:30:00-05:00,0.6985999941825867,0.7099999785423279,0.692799985408783,0.7039999961853027,39335,0.0,0.0
2024-01-26 12:30:00-05:00,0.7024000287055969,0.705299973487854,0.6937000155448914,0.7001000046730042,27471,0.0,0.0
2024-01-26 13:30:00-05:00,0.7001000046730042,0.7099000215530396,0.6815000176429749,0.7099000215530396,76161,0.0,0.0
2024-01-26 14:30:00-05:00,0.6990000009536743,0.7099000215530396,0.6898999810218811,0.6898999810218811,24116,0.0,0.0
2024-01-26 15:30:00-05:00,0.699999988079071,0.7095990180969238,0.6898999810218811,0.6972000002861023,28502,0.0,0.0
2024-01-29 09:30:00-05:00,0.6419000029563904,0.6449999809265137,0.5799999833106995,0.5999000072479248,1186475,0.0,0.0
2024-01-29 10:30:00-05:00,0.5999000072479248,0.5999000072479248,0.5788999795913696,0.5866000056266785,459479,0.0,0.0
2024-01-29 11:30:00-05:00,0.5866000056266785,0.5900999903678894,0.5866000056266785,0.5867000222206116,122962,0.0,0.0
2024-01-29 12:30:00-05:00,0.5867000222206116,0.6323000192642212,0.586650013923645,0.6230000257492065,325029,0.0,0.0
2024-01-29 13:30:00-05:00,0.636900007724762,0.6399999856948853,0.6240000128746033,0.6301000118255615,142592,0.0,0.0
2024-01-29 14:30:00-05:00,0.6366999745368958,0.6366999745368958,0.623199999332428,0.6299999952316284,67114,0.0,0.0
2024-01-29 15:30:00-05:00,0.6299999952316284,0.6466000080108643,0.6252999901771545,0.6254000067710876,70204,0.0,0.0
2024-01-30 09:30:00-05:00,0.6060000061988831,0.6399999856948853,0.6060000061988831,0.6323999762535095,174384,0.0,0.0
2024-01-30 10:30:00-05:00,0.6348999738693237,0.6389999985694885,0.6320000290870667,0.6380000114440918,60026,0.0,0.0
2024-01-30 11:30:00-05:00,0.6320000290870667,0.6380000114440918,0.6320000290870667,0.6324999928474426,13715,0.0,0.0
2024-01-30 12:30:00-05:00,0.6320499777793884,0.632099986076355,0.6299999952316284,0.6301000118255615,18595,0.0,0.0
2024-01-30 13:30:00-05:00,0.6301000118255615,0.632099986076355,0.625,0.6320000290870667,34140,0.0,0.0
2024-01-30 14:30:00-05:00,0.6284999847412109,0.6291000247001648,0.6121000051498413,0.6148999929428101,77244,0.0,0.0
2024-01-30 15:30:00-05:00,0.6175000071525574,0.6236000061035156,0.6122999787330627,0.616100013256073,110106,0.0,0.0
2024-01-31 09:30:00-05:00,0.6122999787330627,0.6299999952316284,0.6000000238418579,0.6200000047683716,101203,0.0,0.0
2024-01-31 10:30:00-05:00,0.6250010132789612,0.6437000036239624,0.6237000226974487,0.635200023651123,45715,0.0,0.0
2024-01-31 11:30:00-05:00,0.6326000094413757,0.6391000151634216,0.6299999952316284,0.6344000101089478,54120,0.0,0.0
2024-01-31 12:30:00-05:00,0.6342999935150146,0.6391000151634216,0.6200000047683716,0.6200000047683716,50092,0.0,0.0
2024-01-31 13:30:00-05:00,0.6251999735832214,0.6385999917984009,0.6200000047683716,0.6290000081062317,17386,0.0,0.0
2024-01-31 14:30:00-05:00,0.6291999816894531,0.6381170153617859,0.6200000047683716,0.6205000281333923,32346,0.0,0.0
2024-01-31 15:30:00-05:00,0.625,0.6288999915122986,0.6212000250816345,0.6222000122070312,11853,0.0,0.0
2024-02-01 09:30:00-05:00,0.6211000084877014,0.6359000205993652,0.6211000084877014,0.629800021648407,73279,0.0,0.0
2024-02-01 10:30:00-05:00,0.6236500144004822,0.6473000049591064,0.6236500144004822,0.6444000005722046,61315,0.0,0.0
2024-02-01 11:30:00-05:00,0.6439999938011169,0.6471999883651733,0.6299999952316284,0.6366999745368958,22245,0.0,0.0
2024-02-01 12:30:00-05:00,0.6370000243186951,0.6473000049591064,0.6309000253677368,0.6473000049591064,25283,0.0,0.0
2024-02-01 13:30:00-05:00,0.6460999846458435,0.6464999914169312,0.6349999904632568,0.6449999809265137,12150,0.0,0.0
2024-02-01 14:30:00-05:00,0.6449999809265137,0.6456000208854675,0.6363999843597412,0.6398990154266357,24288,0.0,0.0
2024-02-01 15:30:00-05:00,0.6328999996185303,0.6406000256538391,0.6328999996185303,0.63919997215271,17603,0.0,0.0
2024-02-02 09:30:00-05:00,0.6449999809265137,0.6524999737739563,0.6299999952316284,0.6485000252723694,137058,0.0,0.0
2024-02-02 10:30:00-05:00,0.6467900276184082,0.6600000262260437,0.6449999809265137,0.6510999798774719,62021,0.0,0.0
2024-02-02 11:30:00-05:00,0.6510000228881836,0.6553000211715698,0.6399999856948853,0.6543999910354614,46579,0.0,0.0
2024-02-02 12:30:00-05:00,0.6471999883651733,0.6539999842643738,0.6399999856948853,0.6424490213394165,11364,0.0,0.0
2024-02-02 13:30:00-05:00,0.6449000239372253,0.6545000076293945,0.6349999904632568,0.6545000076293945,92680,0.0,0.0
2024-02-02 14:30:00-05:00,0.6545000076293945,0.6850000023841858,0.6481000185012817,0.6815000176429749,116101,0.0,0.0
2024-02-02 15:30:00-05:00,0.6815999746322632,0.6850000023841858,0.6692000031471252,0.6743000149726868,78307,0.0,0.0
2024-02-05 09:30:00-05:00,0.6830999851226807,0.6830999851226807,0.6600000262260437,0.6600499749183655,79073,0.0,0.0
2024-02-05 10:30:00-05:00,0.661870002746582,0.664900004863739,0.6299999952316284,0.6299999952316284,177358,0.0,0.0
2024-02-05 11:30:00-05:00,0.6301000118255615,0.6528000235557556,0.6299999952316284,0.6499999761581421,21216,0.0,0.0
2024-02-05 12:30:00-05:00,0.6401000022888184,0.6499999761581421,0.6401000022888184,0.6474999785423279,1350,0.0,0.0
2024-02-05 13:30:00-05:00,0.6474999785423279,0.6499000191688538,0.6299999952316284,0.6309999823570251,120023,0.0,0.0
2024-02-05 14:30:00-05:00,0.6404500007629395,0.6499000191688538,0.6309999823570251,0.6320000290870667,49038,0.0,0.0
2024-02-05 15:30:00-05:00,0.6320000290870667,0.6491000056266785,0.6320000290870667,0.6349999904632568,10092,0.0,0.0
2024-02-06 09:30:00-05:00,0.6600000262260437,0.6699000000953674,0.6399999856948853,0.640999972820282,31079,0.0,0.0
2024-02-06 10:30:00-05:00,0.6443700194358826,0.6988000273704529,0.640999972820282,0.6553000211715698,86217,0.0,0.0
2024-02-06 11:30:00-05:00,0.6696000099182129,0.6949999928474426,0.6554999947547913,0.6578999757766724,43168,0.0,0.0
2024-02-06 12:30:00-05:00,0.6658999919891357,0.6718999743461609,0.6499999761581421,0.6601999998092651,32897,0.0,0.0
2024-02-06 13:30:00-05:00,0.6697999835014343,0.6697999835014343,0.660099983215332,0.6624000072479248,21117,0.0,0.0
2024-02-06 14:30:00-05:00,0.6624000072479248,0.6776000261306763,0.6600000262260437,0.6600000262260437,51151,0.0,0.0
2024-02-06 15:30:00-05:00,0.6570000052452087,0.6723999977111816,0.645799994468689,0.660099983215332,28723,0.0,0.0
2024-02-07 09:30:00-05:00,0.6949999928474426,0.6949999928474426,0.6665999889373779,0.6801000237464905,93797,0.0,0.0
2024-02-07 10:30:00-05:00,0.6775000095367432,0.6801000237464905,0.6690000295639038,0.6719509959220886,33332,0.0,0.0
2024-02-07 11:30:00-05:00,0.6739000082015991,0.6739000082015991,0.6690000295639038,0.671500027179718,58552,0.0,0.0
2024-02-07 12:30:00-05:00,0.6739000082015991,0.6739000082015991,0.6690000295639038,0.6690000295639038,12663,0.0,0.0
2024-02-07 13:30:00-05:00,0.6739000082015991,0.6739000082015991,0.6603000164031982,0.668910026550293,36436,0.0,0.0
2024-02-07 14:30:00-05:00,0.6606000065803528,0.6690000295639038,0.6601999998092651,0.6629999876022339,19833,0.0,0.0
2024-02-07 15:30:00-05:00,0.6629999876022339,0.6740000247955322,0.6625999808311462,0.6628000140190125,21354,0.0,0.0
2024-02-08 09:30:00-05:00,0.6800000071525574,0.6800000071525574,0.6639999747276306,0.6696000099182129,57897,0.0,0.0
2024-02-08 10:30:00-05:00,0.6639999747276306,0.6738200187683105,0.6600000262260437,0.666100025177002,36636,0.0,0.0
2024-02-08 11:30:00-05:00,0.6746000051498413,0.6796000003814697,0.6610000133514404,0.6621000170707703,30458,0.0,0.0
2024-02-08 12:30:00-05:00,0.6621000170707703,0.6697999835014343,0.660099983215332,0.6604999899864197,16261,0.0,0.0
2024-02-08 13:30:00-05:00,0.6650999784469604,0.6690000295639038,0.660099983215332,0.6676999926567078,25718,0.0,0.0
2024-02-08 14:30:00-05:00,0.6606500148773193,0.6680999994277954,0.660099983215332,0.6650000214576721,34930,0.0,0.0
2024-02-08 15:30:00-05:00,0.6650000214576721,0.6700999736785889,0.6610000133514404,0.6655499935150146,28659,0.0,0.0
2024-02-09 09:30:00-05:00,0.6700999736785889,0.6769000291824341,0.6513000130653381,0.6700000166893005,100997,0.0,0.0
2024-02-09 10:30:00-05:00,0.67180997133255,0.673799991607666,0.6633999943733215,0.6700000166893005,99125,0.0,0.0
2024-02-09 11:30:00-05:00,0.673550009727478,0.6769999861717224,0.6632999777793884,0.6734499931335449,72755,0.0,0.0
2024-02-09 12:30:00-05:00,0.6734499931335449,0.6769000291824341,0.6600000262260437,0.6735000014305115,66678,0.0,0.0
2024-02-09 13:30:00-05:00,0.6665999889373779,0.6769000291824341,0.6665999889373779,0.6733999848365784,22770,0.0,0.0
2024-02-09 14:30:00-05:00,0.6740999817848206,0.6765999794006348,0.6600000262260437,0.6722999811172485,39059,0.0,0.0
2024-02-09 15:30:00-05:00,0.6680999994277954,0.6765000224113464,0.6680999994277954,0.6680999994277954,13376,0.0,0.0
2024-02-12 09:30:00-05:00,0.6800000071525574,0.6898999810218811,0.6629999876022339,0.675000011920929,139934,0.0,0.0
2024-02-12 10:30:00-05:00,0.6751000285148621,0.6818000078201294,0.6642000079154968,0.6798999905586243,58799,0.0,0.0
2024-02-12 11:30:00-05:00,0.6687999963760376,0.6798999905586243,0.6650000214576721,0.6650000214576721,198951,0.0,0.0
2024-02-12 12:30:00-05:00,0.6696000099182129,0.6779999732971191,0.6685000061988831,0.6751130223274231,50828,0.0,0.0
2024-02-12 13:30:00-05:00,0.6776000261306763,0.6776000261306763,0.670199990272522,0.6737499833106995,20197,0.0,0.0
2024-02-12 14:30:00-05:00,0.6737499833106995,0.6758000254631042,0.6650000214576721,0.6743000149726868,36389,0.0,0.0
2024-02-12 15:30:00-05:00,0.6729000210762024,0.6743000149726868,0.6660000085830688,0.6660000085830688,30681,0.0,0.0
2024-02-13 09:30:00-05:00,0.6800000071525574,0.6800000071525574,0.6509000062942505,0.6778600215911865,80673,0.0,0.0
2024-02-13 10:30:00-05:00,0.6556299924850464,0.6797000169754028,0.6510000228881836,0.6600000262260437,47608,0.0,0.0
2024-02-13 11:30:00-05:00,0.6769999861717224,0.6773999929428101,0.6510000228881836,0.6700000166893005,18940,0.0,0.0
2024-02-13 12:30:00-05:00,0.6759999990463257,0.6759999990463257,0.6539999842643738,0.6642000079154968,91434,0.0,0.0
2024-02-13 13:30:00-05:00,0.6682000160217285,0.6682000160217285,0.6489999890327454,0.6491010189056396,68774,0.0,0.0
2024-02-13 14:30:00-05:00,0.6489999890327454,0.659500002861023,0.6000000238418579,0.6240000128746033,279533,0.0,0.0
2024-02-13 15:30:00-05:00,0.6299999952316284,0.6470000147819519,0.6200000047683716,0.6299999952316284,98567,0.0,0.0
2024-02-14 09:30:00-05:00,0.6309999823570251,0.699999988079071,0.6309999823570251,0.6326000094413757,152408,0.0,0.0
2024-02-14 10:30:00-05:00,0.6412299871444702,0.6596999764442444,0.6316999793052673,0.6428999900817871,57122,0.0,0.0
2024-02-14 11:30:00-05:00,0.6389999985694885,0.6650000214576721,0.6351000070571899,0.6430000066757202,40467,0.0,0.0
2024-02-14 12:30:00-05:00,0.6439999938011169,0.6650000214576721,0.6407999992370605,0.6474999785423279,34848,0.0,0.0
2024-02-14 13:30:00-05:00,0.6462000012397766,0.652999997138977,0.631600022315979,0.6352999806404114,66833,0.0,0.0
2024-02-14 14:30:00-05:00,0.6449999809265137,0.6520000100135803,0.6399999856948853,0.6420999765396118,43835,0.0,0.0
2024-02-14 15:30:00-05:00,0.6449999809265137,0.6650000214576721,0.6420999765396118,0.6439999938011169,37282,0.0,0.0
2024-02-15 09:30:00-05:00,0.6650000214576721,0.6848999857902527,0.6549000144004822,0.6599000096321106,156733,0.0,0.0
2024-02-15 10:30:00-05:00,0.6599000096321106,0.6686999797821045,0.6546900272369385,0.663100004196167,157701,0.0,0.0
2024-02-15 11:30:00-05:00,0.663100004196167,0.6659989953041077,0.660099983215332,0.660099983215332,44343,0.0,0.0
2024-02-15 12:30:00-05:00,0.660099983215332,0.663349986076355,0.6600000262260437,0.6607000231742859,67763,0.0,0.0
2024-02-15 13:30:00-05:00,0.6650000214576721,0.673354983329773,0.6601999998092651,0.6692000031471252,94989,0.0,0.0
2024-02-15 14:30:00-05:00,0.6691499948501587,0.6723999977111816,0.660099983215332,0.660099983215332,75048,0.0,0.0
2024-02-15 15:30:00-05:00,0.6601999998092651,0.6700000166893005,0.6589999794960022,0.6589999794960022,60659,0.0,0.0
2024-02-16 09:30:00-05:00,0.6628000140190125,0.6703000068664551,0.6399999856948853,0.6531000137329102,75678,0.0,0.0
2024-02-16 10:30:00-05:00,0.6499999761581421,0.6600000262260437,0.6499999761581421,0.6520000100135803,28503,0.0,0.0
2024-02-16 11:30:00-05:00,0.652999997138977,0.6615999937057495,0.6470000147819519,0.6510000228881836,75445,0.0,0.0
2024-02-16 12:30:00-05:00,0.6510000228881836,0.6604989767074585,0.6449999809265137,0.6510000228881836,28786,0.0,0.0
2024-02-16 13:30:00-05:00,0.6510000228881836,0.6686000227928162,0.6499999761581421,0.6516000032424927,53511,0.0,0.0
2024-02-16 14:30:00-05:00,0.6532999873161316,0.6656000018119812,0.6499999761581421,0.6556000113487244,75957,0.0,0.0
2024-02-16 15:30:00-05:00,0.6597999930381775,0.6686000227928162,0.6556000113487244,0.6557000279426575,40164,0.0,0.0
2024-02-20 09:30:00-05:00,0.6620000004768372,0.6699000000953674,0.6499999761581421,0.650600016117096,173416,0.0,0.0
2024-02-20 10:30:00-05:00,0.6527000069618225,0.6600000262260437,0.6399999856948853,0.6500999927520752,106874,0.0,0.0
2024-02-20 11:30:00-05:00,0.659699022769928,0.6700999736785889,0.6499999761581421,0.6700000166893005,132451,0.0,0.0
2024-02-20 12:30:00-05:00,0.6600499749183655,0.6700999736785889,0.6499999761581421,0.6687999963760376,139727,0.0,0.0
2024-02-20 13:30:00-05:00,0.6690999865531921,0.6700999736785889,0.656000018119812,0.6560999751091003,83451,0.0,0.0
2024-02-20 14:30:00-05:00,0.6560999751091003,0.6600000262260437,0.6528000235557556,0.652899980545044,11696,0.0,0.0
2024-02-20 15:30:00-05:00,0.6564000248908997,0.6650000214576721,0.652899980545044,0.65829998254776,41548,0.0,0.0
2024-02-21 09:30:00-05:00,0.642799973487854,0.6600000262260437,0.6309999823570251,0.6401000022888184,85650,0.0,0.0
2024-02-21 10:30:00-05:00,0.6401000022888184,0.6449000239372253,0.632099986076355,0.6359000205993652,31856,0.0,0.0
2024-02-21 11:30:00-05:00,0.6359999775886536,0.6600000262260437,0.6359999775886536,0.6478000283241272,67828,0.0,0.0
2024-02-21 12:30:00-05:00,0.6471999883651733,0.6949989795684814,0.6456000208854675,0.6600000262260437,93854,0.0,0.0
2024-02-21 13:30:00-05:00,0.6850000023841858,0.685699999332428,0.6550999879837036,0.6550999879837036,57348,0.0,0.0
2024-02-21 14:30:00-05:00,0.6600000262260437,0.6621999740600586,0.6539999842643738,0.6575999855995178,35513,0.0,0.0
2024-02-21 15:30:00-05:00,0.6541000008583069,0.6581500172615051,0.6499999761581421,0.6566500067710876,73645,0.0,0.0
2024-02-22 09:30:00-05:00,0.6577000021934509,0.6699000000953674,0.6319000124931335,0.6402000188827515,82023,0.0,0.0
2024-02-22 10:30:00-05:00,0.6444000005722046,0.6499999761581421,0.6399999856948853,0.6499999761581421,116137,0.0,0.0
2024-02-22 11:30:00-05:00,0.6431000232696533,0.6599000096321106,0.6430000066757202,0.6526250243186951,56328,0.0,0.0
2024-02-22 12:30:00-05:00,0.6500999927520752,0.6599000096321106,0.6430000066757202,0.6499999761581421,10786,0.0,0.0
2024-02-22 13:30:00-05:00,0.6499999761581421,0.6549999713897705,0.6453999876976013,0.6453999876976013,22154,0.0,0.0
2024-02-22 14:30:00-05:00,0.6453999876976013,0.6589999794960022,0.6453999876976013,0.6460999846458435,41472,0.0,0.0
2024-02-22 15:30:00-05:00,0.6460999846458435,0.6589999794960022,0.6399999856948853,0.6402000188827515,88116,0.0,0.0
2024-02-23 09:30:00-05:00,0.6399999856948853,0.6559000015258789,0.635200023651123,0.6438999772071838,142830,0.0,0.0
2024-02-23 10:30:00-05:00,0.6438999772071838,0.6445000171661377,0.6104999780654907,0.6351000070571899,219701,0.0,0.0
2024-02-23 11:30:00-05:00,0.6395000219345093,0.6468999981880188,0.6326000094413757,0.6398990154266357,127300,0.0,0.0
2024-02-23 12:30:00-05:00,0.6409000158309937,0.6449000239372253,0.6399999856948853,0.6448000073432922,68799,0.0,0.0
2024-02-23 13:30:00-05:00,0.6459000110626221,0.646399974822998,0.6399999856948853,0.6409000158309937,71177,0.0,0.0
2024-02-23 14:30:00-05:00,0.6409000158309937,0.6445000171661377,0.6341999769210815,0.6407989859580994,79724,0.0,0.0
2024-02-23 15:30:00-05:00,0.6399999856948853,0.6428999900817871,0.6341000199317932,0.6403999924659729,22697,0.0,0.0
2024-02-26 09:30:00-05:00,0.6380000114440918,0.664900004863739,0.6380000114440918,0.6428999900817871,116104,0.0,0.0
2024-02-26 10:30:00-05:00,0.6424000263214111,0.6646999716758728,0.6424000263214111,0.6549999713897705,159603,0.0,0.0
2024-02-26 11:30:00-05:00,0.6501010060310364,0.6604999899864197,0.6430000066757202,0.6507499814033508,96472,0.0,0.0
2024-02-26 12:30:00-05:00,0.6600000262260437,0.6600000262260437,0.645799994468689,0.6600000262260437,88583,0.0,0.0
2024-02-26 13:30:00-05:00,0.6600000262260437,0.6600000262260437,0.6452000141143799,0.6578999757766724,96128,0.0,0.0
2024-02-26 14:30:00-05:00,0.6550999879837036,0.6773999929428101,0.6399999856948853,0.673799991607666,351539,0.0,0.0
2024-02-26 15:30:00-05:00,0.6585000157356262,0.6769999861717224,0.6499999761581421,0.671500027179718,25386,0.0,0.0
2024-02-27 09:30:00-05:00,0.6550999879837036,0.6654000282287598,0.6399999856948853,0.6550999879837036,60815,0.0,0.0
2024-02-27 10:30:00-05:00,0.6600000262260437,0.6600000262260437,0.6541000008583069,0.6560999751091003,23311,0.0,0.0
2024-02-27 11:30:00-05:00,0.6571000218391418,0.6650000214576721,0.6499999761581421,0.6650000214576721,197548,0.0,0.0
2024-02-27 12:30:00-05:00,0.6639999747276306,0.6923999786376953,0.661899983882904,0.6890000104904175,129280,0.0,0.0
2024-02-27 13:30:00-05:00,0.6800000071525574,0.6990000009536743,0.6800000071525574,0.6841999888420105,152339,0.0,0.0
2024-02-27 14:30:00-05:00,0.6901000142097473,0.6983000040054321,0.6844000220298767,0.6899999976158142,105103,0.0,0.0
2024-02-27 15:30:00-05:00,0.6844000220298767,0.689998984336853,0.6843000054359436,0.6850000023841858,34116,0.0,0.0
2024-02-28 09:30:00-05:00,0.699999988079071,0.7300000190734863,0.6880000233650208,0.7200999855995178,91225,0.0,0.0
2024-02-28 10:30:00-05:00,0.7249990105628967,0.779699981212616,0.7249990105628967,0.7749999761581421,499125,0.0,0.0
2024-02-28 11:30:00-05:00,0.7652009725570679,0.8100000023841858,0.7612370252609253,0.7900000214576721,533662,0.0,0.0
2024-02-28 12:30:00-05:00,0.7900000214576721,0.8500000238418579,0.7799999713897705,0.7900000214576721,380518,0.0,0.0
2024-02-28 13:30:00-05:00,0.800000011920929,0.815500020980835,0.7799999713897705,0.8000010251998901,129510,0.0,0.0
2024-02-28 14:30:00-05:00,0.8016999959945679,0.815500020980835,0.800000011920929,0.8054999709129333,54479,0.0,0.0
2024-02-28 15:30:00-05:00,0.8055999875068665,0.8100000023841858,0.7900999784469604,0.7900999784469604,69779,0.0,0.0
2024-02-29 09:30:00-05:00,0.8180000185966492,0.8500000238418579,0.8059999942779541,0.8100000023841858,220209,0.0,0.0
2024-02-29 10:30:00-05:00,0.8100000023841858,0.8299000263214111,0.8069999814033508,0.8100000023841858,53446,0.0,0.0
2024-02-29 11:30:00-05:00,0.8100000023841858,0.8198999762535095,0.7408000230789185,0.7699999809265137,189375,0.0,0.0
2024-02-29 12:30:00-05:00,0.7749999761581421,0.800000011920929,0.75,0.7900009751319885,76708,0.0,0.0
2024-02-29 13:30:00-05:00,0.7799999713897705,0.800000011920929,0.7699999809265137,0.7800999879837036,51127,0.0,0.0
2024-02-29 14:30:00-05:00,0.789900004863739,0.789900004863739,0.7799999713897705,0.789900004863739,12550,0.0,0.0
2024-02-29 15:30:00-05:00,0.7897999882698059,0.7897999882698059,0.75,0.7537000179290771,33488,0.0,0.0
2024-03-01 09:30:00-05:00,0.7950000166893005,0.800000011920929,0.7599999904632568,0.7889999747276306,53924,0.0,0.0
2024-03-01 10:30:00-05:00,0.7810999751091003,0.7900000214576721,0.7699999809265137,0.7710000276565552,38956,0.0,0.0
2024-03-01 11:30:00-05:00,0.7994999885559082,0.800000011920929,0.7530739903450012,0.7799999713897705,33054,0.0,0.0
2024-03-01 12:30:00-05:00,0.7799999713897705,0.800000011920929,0.7710999846458435,0.7900000214576721,51058,0.0,0.0
2024-03-01 13:30:00-05:00,0.7800999879837036,0.7900000214576721,0.7800999879837036,0.7802000045776367,43900,0.0,0.0
2024-03-01 14:30:00-05:00,0.7851009964942932,0.7900000214576721,0.7610999941825867,0.7781999707221985,49843,0.0,0.0
2024-03-01 15:30:00-05:00,0.7610999941825867,0.772599995136261,0.7610999941825867,0.772599995136261,26033,0.0,0.0
2024-03-04 09:30:00-05:00,0.800000011920929,0.839900016784668,0.7900000214576721,0.8299000263214111,366740,0.0,0.0
2024-03-04 10:30:00-05:00,0.8001000285148621,0.824999988079071,0.7900000214576721,0.7901999950408936,0,0.0,0.0
2024-03-04 11:30:00-05:00,0.8098999857902527,0.8100000023841858,0.7919999957084656,0.7919999957084656,40409,0.0,0.0
2024-03-04 12:30:00-05:00,0.7957000136375427,0.8098000288009644,0.7919999957084656,0.7960000038146973,27433,0.0,0.0
2024-03-04 13:30:00-05:00,0.7960000038146973,0.800000011920929,0.7860000133514404,0.7998999953269958,27764,0.0,0.0
2024-03-04 14:30:00-05:00,0.7919999957084656,0.7998999953269958,0.7919999957084656,0.7979999780654907,4814,0.0,0.0
2024-03-04 15:30:00-05:00,0.800000011920929,0.800000011920929,0.7799999713897705,0.7853999733924866,289701,0.0,0.0
2024-03-05 09:30:00-05:00,0.800000011920929,0.800000011920929,0.75,0.7900000214576721,175714,0.0,0.0
2024-03-05 10:30:00-05:00,0.7900000214576721,0.800000011920929,0.781000018119812,0.7919999957084656,0,0.0,0.0
2024-03-05 11:30:00-05:00,0.781000018119812,0.7982000112533569,0.781000018119812,0.7982000112533569,17181,0.0,0.0
2024-03-05 12:30:00-05:00,0.7985000014305115,0.7985000014305115,0.7890999913215637,0.7950000166893005,3381,0.0,0.0
2024-03-05 13:30:00-05:00,0.7979999780654907,0.8026999831199646,0.7889999747276306,0.7900000214576721,41217,0.0,0.0
2024-03-05 14:30:00-05:00,0.7960000038146973,0.7960000038146973,0.7850000262260437,0.785099983215332,25243,0.0,0.0
2024-03-05 15:30:00-05:00,0.7978000044822693,0.7978000044822693,0.7850000262260437,0.7961000204086304,146414,0.0,0.0
2024-03-06 09:30:00-05:00,0.8100000023841858,0.8104000091552734,0.7850000262260437,0.7998999953269958,96406,0.0,0.0
2024-03-06 10:30:00-05:00,0.7853000164031982,0.800000011920929,0.7853000164031982,0.7998999953269958,5315,0.0,0.0
2024-03-06 11:30:00-05:00,0.7998999953269958,0.7998999953269958,0.7900999784469604,0.7997000217437744,17020,0.0,0.0
2024-03-06 12:30:00-05:00,0.7900000214576721,0.800000011920929,0.7870000004768372,0.7967000007629395,27923,0.0,0.0
2024-03-06 13:30:00-05:00,0.7997999787330627,0.7998999953269958,0.7997999787330627,0.7998999953269958,4700,0.0,0.0
